Data,Real,Previsto,Residuo
2016-05-02,3.496500015258789,3.4896642198562624,0.0068357954025266565
2016-05-03,3.5548999309539795,3.537844945907593,0.017054985046386584
2016-05-04,3.545399904251098,3.534670524597168,0.01072937965393006
2016-05-05,3.533099889755249,3.5252081336975096,0.007891756057739396
2016-05-06,3.499000072479248,3.5070874247550963,-0.008087352275848225
2016-05-09,3.513000011444092,3.5213013949394227,-0.008301383495330938
2016-05-10,3.470400094985962,3.479120459079742,-0.008720364093780297
2016-05-11,3.447000026702881,3.4652467970848084,-0.01824677038192757
2016-05-12,3.477099895477295,3.4743879380226135,0.0027119574546814462
2016-05-13,3.5302000045776367,3.517458387851715,0.012741616725921556
2016-05-16,3.494499921798706,3.4988181519508363,-0.004318230152130287
2016-05-17,3.4860999584198,3.508816979408264,-0.022717020988464398
2016-05-18,3.558500051498413,3.544083225727081,0.014416825771331965
2016-05-19,3.5608999729156494,3.5527574014663696,0.008142571449279767
2016-05-20,3.557300090789795,3.555918845653534,0.0013812451362609224
2016-05-23,3.566499948501587,3.5632277851104734,0.0032721633911134695
2016-05-24,3.567300081253052,3.5660880484580995,0.0012120327949527443
2016-05-25,3.576900005340576,3.572153612613678,0.00474639272689803
2016-05-26,3.58270001411438,3.5758806133270262,0.006819400787353658
2016-05-27,3.6089000701904297,3.592901038646698,0.0159990315437315
2016-05-30,3.567399978637696,3.574076589584351,-0.006676610946654726
2016-05-31,3.583199977874756,3.578503188610077,0.00469678926467898
2016-06-01,3.5910000801086426,3.558682460784912,0.03231761932373045
2016-06-02,3.5801000595092773,3.5333504357337953,0.046749623775482085
2016-06-03,3.524499893188477,3.499471148967743,0.0250287442207342
2016-06-06,3.484499931335449,3.4702059717178346,0.014293959617614593
2016-06-07,3.434900045394897,3.436803816795349,-0.001903771400451948
2016-06-08,3.3575000762939453,3.35139922952652,0.006100846767425505
2016-06-09,3.395900011062622,3.3715886025428774,0.02431140851974467
2016-06-10,3.415800094604492,3.4645578656196596,-0.04875777101516743
2016-06-13,3.477299928665161,3.461686173915863,0.01561375474929827
2016-06-14,3.475100040435791,3.473550229549408,0.0015498108863831739
2016-06-15,3.469300031661988,3.4576114382743834,0.011688593387604751
2016-06-16,3.461199998855591,3.4446702194213867,0.016529779434204084
2016-06-17,3.412800073623657,3.4245064511299135,-0.011706377506256693
2016-06-20,3.391700029373169,3.40233921957016,-0.010639190196990889
2016-06-21,3.412100076675415,3.398630040645599,0.01347003602981589
2016-06-22,3.374300003051758,3.3942384166717527,-0.019938413619994932
2016-06-23,3.336999893188477,3.3327009425163268,0.004298950672150248
2016-06-24,3.3677000999450684,3.3614710712432863,0.006229028701782102
2016-06-27,3.3893001079559326,3.3935072832107545,-0.004207175254821838
2016-06-28,3.302500009536743,3.338144835948944,-0.0356448264122009
2016-06-29,3.237600088119507,3.3012900624275208,-0.06368997430801393
2016-06-30,3.205899953842163,3.299022753238678,-0.09312279939651491
2016-07-01,3.230600118637085,3.261599260807037,-0.030999142169952254
2016-07-04,3.2885000705718994,3.2992950253486635,-0.010794954776764065
2016-07-05,3.299099922180176,3.309914535045624,-0.010814612865448048
2016-07-06,3.32699990272522,3.3196947383880615,0.007305164337158665
2016-07-07,3.3610999584198,3.342865348815918,0.01823460960388168
2016-07-08,3.2976999282836914,3.298376546382904,-0.0006766180992126003
2016-07-11,3.3071999549865723,3.2973809599876405,0.009818994998931796
2016-07-12,3.2934999465942383,3.285502947807312,0.00799699878692639
2016-07-13,3.2616000175476074,3.2695673971176147,-0.00796737957000726
2016-07-14,3.2483999729156494,3.2552573561668394,-0.006857383251190008
2016-07-15,3.276599884033203,3.2678959159851075,0.00870396804809559
2016-07-18,3.2493999004364014,3.254168138027191,-0.004768237590789592
2016-07-19,3.247900009155273,3.254061999797821,-0.006161990642548076
2016-07-20,3.252700090408325,3.2560312395095825,-0.0033311491012573136
2016-07-21,3.2685999870300293,3.263089590072632,0.005510396957397301
2016-07-22,3.251499891281128,3.2487859392166136,0.0027139520645143023
2016-07-25,3.282099962234497,3.2736951684951783,0.008404793739318794
2016-07-26,3.2699999809265137,3.2699299783706666,7.000255584710402e-05
2016-07-27,3.2585999965667725,3.260913589000702,-0.002313592433929479
2016-07-28,3.281899929046631,3.2761733622550966,0.005726566791534271
2016-07-29,3.24620008468628,3.2408826518058778,0.0053174328804024285
2016-08-01,3.2583999633789062,3.262098577976227,-0.003698614597320571
2016-08-02,3.2527999877929688,3.264007188796997,-0.011207201004028278
2016-08-03,3.234600067138672,3.233654030799866,0.0009460363388060777
2016-08-04,3.1868999004364014,3.1944499497413634,-0.007550049304962059
2016-08-05,3.1607000827789307,3.159497059345245,0.0012030234336855017
2016-08-08,3.168600082397461,3.1672358541488648,0.0013642282485961665
2016-08-09,3.142899990081787,3.153922214984894,-0.011022224903106892
2016-08-10,3.1247000694274902,3.1676494431495668,-0.04294937372207652
2016-08-11,3.138999938964844,3.1582883715629584,-0.01928843259811419
2016-08-12,3.190500020980835,3.1933788056373595,-0.00287878465652458
2016-08-15,3.184799909591675,3.1961593470573426,-0.01135943746566781
2016-08-16,3.201200008392334,3.210545206069946,-0.009345197677612216
2016-08-17,3.2047998905181885,3.2073883261680605,-0.0025884356498719896
2016-08-18,3.2379000186920166,3.227919411659241,0.009980607032775701
2016-08-19,3.2044999599456787,3.2112675762176512,-0.006767616271972532
2016-08-22,3.198699951171875,3.2071195859909056,-0.00841963481903063
2016-08-23,3.2355000972747803,3.2290410647392274,0.006459032535552911
2016-08-24,3.223299980163574,3.223710597991943,-0.000410617828368931
2016-08-25,3.228300094604492,3.23042906999588,-0.0021289753913880105
2016-08-26,3.2641000747680664,3.2511090621948244,0.012991012573241978
2016-08-29,3.22760009765625,3.2208356504440308,0.006764447212219249
2016-08-30,3.236799955368042,3.2280471844673158,0.008752770900726237
2016-08-31,3.2260000705718994,3.221499249458313,0.004500821113586628
2016-09-01,3.253200054168701,3.2507912282943727,0.0024088258743284463
2016-09-02,3.256099939346313,3.2506077613830566,0.005492177963256406
2016-09-05,3.267199993133545,3.2483701930046083,0.018829800128936647
2016-09-06,3.1963000297546387,3.206433424949646,-0.010133395195007111
2016-09-07,3.190700054168701,3.1981332392692567,-0.007433185100555573
2016-09-08,3.214900016784668,3.2143178119659424,0.0005822048187256179
2016-09-09,3.271699905395508,3.270566544532776,0.0011333608627319691
2016-09-12,3.246900081634521,3.2394044494628904,0.0074956321716306284
2016-09-13,3.3141000270843506,3.304802993774414,0.009297033309936698
2016-09-14,3.3434998989105225,3.31872193479538,0.02477796411514266
2016-09-15,3.299799919128418,3.2819519419670105,0.017847977161407513
2016-09-16,3.265500068664551,3.2676074290275574,-0.0021073603630066273
2016-09-19,3.271199941635132,3.268546968460083,0.002652973175048867
2016-09-20,3.256099939346313,3.260264750957489,-0.004164811611175878
2016-09-21,3.20959997177124,3.220804388523102,-0.011204416751862123
2016-09-22,3.2170000076293945,3.222536997318268,-0.005536989688873284
2016-09-23,3.2432000637054443,3.2422128353118898,0.0009872283935545845
2016-09-26,3.240600109100342,3.252079050540924,-0.011478941440582258
2016-09-27,3.232599973678589,3.235730592250824,-0.0031306185722352886
2016-09-28,3.2177999019622803,3.2230175409317017,-0.005217638969421401
2016-09-29,3.259299993515014,3.2573885946273804,0.0019113988876338084
2016-09-30,3.25979995727539,3.249797966957092,0.01000199031829796
2016-10-03,3.208699941635132,3.2158287501335145,-0.0071288084983827105
2016-10-04,3.254499912261963,3.241274932384491,0.013224979877471732
2016-10-05,3.2184998989105225,3.2185993361473084,-9.943723678595973e-05
2016-10-06,3.2272000312805176,3.2164454064369203,0.010754624843597238
2016-10-07,3.219300031661988,3.214474615097046,0.0048254165649423975
2016-10-10,3.202699899673462,3.2067315325737,-0.0040316329002378914
2016-10-11,3.1958999633789062,3.198842775821686,-0.0029428124427797187
2016-10-12,3.200700044631958,3.2021786108016967,-0.0014785661697387376
2016-10-13,3.177299976348877,3.1895437784194947,-0.012243802070617704
2016-10-14,3.20199990272522,3.2002737283706666,0.001726174354553578
2016-10-17,3.204200029373169,3.205545813560486,-0.0013457841873170118
2016-10-18,3.1816999912261963,3.171545792579651,0.010154198646545431
2016-10-19,3.166100025177002,3.1645822157859804,0.0015178093910215296
2016-10-20,3.1391000747680664,3.143019639968872,-0.003919565200805497
2016-10-21,3.148900032043457,3.1457558217048645,0.003144210338592579
2016-10-24,3.124500036239624,3.1317666263580324,-0.007266590118408356
2016-10-25,3.1103999614715576,3.124866183280945,-0.014466221809387392
2016-10-26,3.138799905776977,3.1493165440559387,-0.010516638278961654
2016-10-27,3.165299892425537,3.163933527469635,0.001366364955901922
2016-10-28,3.2030999660491943,3.184702362060547,0.018397603988647315
2016-10-31,3.198199987411499,3.1886973929405213,0.009502594470977677
2016-11-01,3.235100030899048,3.2505994248390198,-0.015499393939971906
2016-11-02,3.2525999546051025,3.255989974498749,-0.00339001989364629
2016-11-03,3.2583999633789062,3.264122587680817,-0.005722624301910617
2016-11-04,3.232300043106079,3.256599826812744,-0.024299783706664968
2016-11-07,3.200900077819824,3.19213027381897,0.008769804000854364
2016-11-08,3.168100118637085,3.1775418891906737,-0.009441770553588746
2016-11-09,3.2330000400543213,3.2693766312599184,-0.03637659120559711
2016-11-10,3.3956000804901123,3.4036862545013427,-0.008086174011230352
2016-11-11,3.390000104904175,3.420309259414673,-0.030309154510498093
2016-11-14,3.4402999877929688,3.4209766125679018,0.019323375225066997
2016-11-15,3.441699981689453,3.429698770046234,0.0120012116432191
2016-11-16,3.450700044631958,3.4383844175338747,0.012315627098083315
2016-11-17,3.4323999881744385,3.426543176651001,0.005856811523437422
2016-11-18,3.382299900054932,3.4040067367553712,-0.021706836700439158
2016-11-21,3.387399911880493,3.395681562423706,-0.008281650543212837
2016-11-22,3.363600015640259,3.3755788102149964,-0.011978794574737606
2016-11-23,3.4310998916625977,3.4076763396263123,0.023423552036285322
2016-11-24,3.390700101852417,3.3979412631988524,-0.007241161346435376
2016-11-25,3.4210000038146973,3.41094101524353,0.010058988571167049
2016-11-28,3.40720009803772,3.3541840605735778,0.05301603746414241
2016-11-29,3.4537999629974365,3.437123782634735,0.016676180362701576
2016-11-30,3.406300067901612,3.3936974425315856,0.012602625370026654
2016-12-01,3.572999954223633,3.5171237773895263,0.055876176834106506
2016-12-02,3.4746999740600586,3.4693171887397765,0.005382785320282135
2016-12-05,3.4200000762939453,3.4397782354354858,-0.019778159141540463
2016-12-06,3.406300067901612,3.417072236061096,-0.010772168159483897
2016-12-07,3.381599903106689,3.3778737239837646,0.003726179122924389
2016-12-08,3.373699903488159,3.372000337123871,0.001699566364288252
2016-12-09,3.377000093460083,3.3709576439857485,0.006042449474334521
2016-12-12,3.337300062179565,3.329643823623657,0.007656238555907802
2016-12-13,3.334199905395508,3.3141829233169555,0.020016982078552292
2016-12-14,3.36899995803833,3.3723147716522215,-0.0033148136138914097
2016-12-15,3.3657000064849854,3.3632745976448057,0.0024254088401796103
2016-12-16,3.390399932861328,3.379788366317749,0.010611566543579087
2016-12-19,3.363899946212769,3.3588427700996397,0.00505717611312928
2016-12-20,3.353100061416626,3.3486276364326475,0.004472424983978485
2016-12-21,3.325400114059448,3.3299730744361877,-0.004572960376739932
2016-12-22,3.28629994392395,3.3000917735099793,-0.013791829586029092
2016-12-23,3.2695000171661377,3.2856230072975157,-0.016122990131377968
2016-12-26,3.269599914550781,3.270676735877991,-0.001076821327210098
2016-12-27,3.269399881362915,3.2725991096496583,-0.0031992282867432387
2016-12-28,3.282500028610229,3.2762924270629883,0.00620760154724076
2016-12-29,3.2523000240325928,3.2624546251296995,-0.010154601097106752
2016-12-30,3.253200054168701,3.2829438371658326,-0.02974378299713143
2017-01-02,3.2839999198913574,3.2655837326049806,0.01841618728637684
2017-01-03,3.263499975204468,3.2419443616867065,0.021555613517761696
2017-01-04,3.214099884033203,3.218035512447357,-0.003935628414153847
2017-01-05,3.197700023651123,3.207084189891815,-0.00938416624069216
2017-01-06,3.2221999168396,3.2201445264816284,0.0020553903579716426
2017-01-09,3.195499897003174,3.202076519012451,-0.006576622009277333
2017-01-10,3.194499969482422,3.197641170024872,-0.00314120054245004
2017-01-11,3.1963000297546387,3.2053308033943178,-0.00903077363967908
2017-01-12,3.186800003051758,3.1878399953842163,-0.0010399923324584393
2017-01-13,3.186800003051758,3.1976469945907593,-0.010846991539001483
2017-01-16,3.240499973297119,3.216781582355499,0.023718390941620093
2017-01-17,3.2098000049591064,3.188633182525635,0.021166822433471566
2017-01-18,3.229599952697754,3.205783764362335,0.023816188335418875
2017-01-19,3.1949000358581543,3.1957132172584535,-0.0008131814002991788
2017-01-20,3.1422998905181885,3.1613169274330137,-0.019017036914825258
2017-01-23,3.1617000102996826,3.166138001918793,-0.004437991619110182
2017-01-24,3.1686999797821045,3.154387996673584,0.014311983108520554
2017-01-25,3.1684999465942383,3.158605972766876,0.009893973827362235
2017-01-26,3.176100015640259,3.157290018081665,0.018809997558593583
2017-01-27,3.109600067138672,3.1292148351669313,-0.019614768028259455
2017-01-30,3.125499963760376,3.1493573713302614,-0.023857407569885414
2017-01-31,3.150099992752075,3.1518205823898318,-0.0017205896377565644
2017-02-01,3.128000020980835,3.125189193725586,0.002810827255248949
2017-02-02,3.122499942779541,3.121970554351807,0.0005293884277342009
2017-02-03,3.119499921798706,3.120627341270447,-0.001127419471740776
2017-02-06,3.1136999130249023,3.1180081305503844,-0.00430821752548205
2017-02-07,3.1166999340057373,3.1196927490234376,-0.002992815017700323
2017-02-08,3.115900039672852,3.118766602516174,-0.002866562843322207
2017-02-09,3.1287999153137207,3.1233401374816894,0.005459777832031332
2017-02-10,3.107100009918213,3.109460397720337,-0.0023603878021241087
2017-02-13,3.110100030899048,3.1050819935798644,0.005018037319183488
2017-02-14,3.081199884414673,3.090852529525757,-0.009652645111084102
2017-02-15,3.0560998916625977,3.068999937057495,-0.012900045394897308
2017-02-16,3.087500095367432,3.085776650905609,0.0017234444618230427
2017-02-17,3.095499992370605,3.0884156069755555,0.0070843853950495195
2017-02-20,3.0855000019073486,3.080481990814209,0.005018011093139485
2017-02-21,3.093899965286255,3.0872357778549193,0.0066641874313355665
2017-02-22,3.062299966812134,3.071341776371002,-0.009041809558868241
2017-02-23,3.06030011177063,3.075529269695282,-0.015229157924652181
2017-02-24,3.094599962234497,3.097361171245575,-0.002761209011077792
2017-02-27,3.105299949645996,3.1028875665664675,0.002412383079528624
2017-02-28,3.1080000400543213,3.1020342211723326,0.00596581888198866
2017-03-01,3.088200092315674,3.1048156423568725,-0.016615550041198635
2017-03-02,3.154599905014038,3.1430627326965332,0.01153717231750484
2017-03-03,3.119999885559082,3.1218163418769835,-0.0018164563179015047
2017-03-06,3.137200117111206,3.1307408618927,0.006459255218505877
2017-03-07,3.115900039672852,3.123771629333496,-0.007871589660644052
2017-03-08,3.1593000888824463,3.1525302572250364,0.006769831657409853
2017-03-09,3.1912999153137207,3.172692370414734,0.01860754489898664
2017-03-10,3.1475000381469727,3.1464068365097044,0.0010932016372682263
2017-03-13,3.152400016784668,3.141491822242737,0.010908194541931149
2017-03-14,3.1637001037597656,3.1535448698997497,0.010155233860015933
2017-03-15,3.099900007247925,3.1128975930213927,-0.012997585773467879
2017-03-16,3.11929988861084,3.1235655374526976,-0.004265648841857761
2017-03-17,3.0866000652313232,3.106835843086243,-0.02023577785491959
2017-03-20,3.071000099182129,3.098579073905945,-0.027578974723815985
2017-03-21,3.086800098419189,3.1467180609703065,-0.059917962551117476
2017-03-22,3.0848000049591064,3.1002079911231997,-0.015407986164093224
2017-03-23,3.138099908828736,3.137081958770752,0.0010179500579838852
2017-03-24,3.1096999645233154,3.112252974510193,-0.0025530099868773526
2017-03-27,3.125200033187866,3.1311002259254455,-0.005900192737579246
2017-03-28,3.138400077819824,3.137199659347534,0.0012004184722900213
2017-03-29,3.122100114822388,3.1282238664627076,-0.006123751640319419
2017-03-30,3.147700071334839,3.1449780535697935,0.002722017765045326
2017-03-31,3.121799945831299,3.1301685872077942,-0.0083686413764954
2017-04-03,3.11299991607666,3.120154149055481,-0.007154232978821007
2017-04-04,3.095599889755249,3.108604127883911,-0.013004238128662138
2017-04-05,3.1196000576019287,3.1262962379455566,-0.006696180343627844
2017-04-06,3.1414999961853027,3.1382636032104494,0.0032363929748533415
2017-04-07,3.144700050354004,3.1403360266685487,0.004364023685455187
2017-04-10,3.131799936294556,3.132997173309326,-0.0011972370147699252
2017-04-11,3.1368000507354736,3.1334288358688354,0.0033712148666382724
2017-04-12,3.123500108718872,3.1260242528915407,-0.002524144172668663
2017-04-13,3.142400026321411,3.167432017326355,-0.025031991004943688
2017-04-14,3.143699884414673,3.139680519104004,0.004019365310668821
2017-04-17,3.130300045013428,3.1292588243484496,0.0010412206649785816
2017-04-18,3.1064999103546143,3.1173009405136107,-0.010801030158996472
2017-04-19,3.1482999324798584,3.150714551925659,-0.002414619445800792
2017-04-20,3.14709997177124,3.14490797662735,0.002191995143889791
2017-04-21,3.1468000411987305,3.140315821170807,0.006484220027923371
2017-04-24,3.127000093460083,3.1398368463516237,-0.012836752891540737
2017-04-25,3.147200107574463,3.1535166463851927,-0.006316538810729799
2017-04-26,3.171099901199341,3.164086950302124,0.007012950897216985
2017-04-27,3.1810998916625977,3.1676577401161192,0.013442151546478431
2017-04-28,3.176100015640259,3.162750211238861,0.013349804401397769
2017-05-01,3.175100088119507,3.162723861217499,0.012376226902008014
2017-05-02,3.1501998901367188,3.1559799399375916,-0.005780049800872877
2017-05-03,3.162100076675415,3.16222984457016,-0.00012976789474494765
2017-05-04,3.184900045394897,3.1866392273902893,-0.0017391819953922472
2017-05-05,3.1777000427246094,3.181358006477356,-0.003657963752746518
2017-05-08,3.1963999271392822,3.188827756881714,0.007572170257568178
2017-05-09,3.186800003051758,3.182811402320862,0.003988600730895797
2017-05-10,3.165699958801269,3.1602283601760863,0.005471598625182761
2017-05-11,3.138999938964844,3.147044156074524,-0.008044217109679952
2017-05-12,3.1777000427246094,3.160563606739044,0.017136435985565246
2017-05-15,3.1082000732421875,3.1176146364212034,-0.0094145631790159
2017-05-16,3.0957999229431152,3.1158371639251707,-0.020037240982055504
2017-05-17,3.1333999633789062,3.1374689846038817,-0.004069021224975433
2017-05-18,3.36899995803833,3.3358025579452515,0.03319740009307859
2017-05-19,3.2532999515533447,3.2576121621131895,-0.004312210559844765
2017-05-22,3.265399932861328,3.284497151851654,-0.019097218990325793
2017-05-23,3.2685999870300293,3.2639683823585512,0.004631604671478051
2017-05-24,3.274199962615967,3.2674791736602784,0.006720788955688395
2017-05-25,3.2734999656677246,3.265821578979492,0.007678386688232397
2017-05-26,3.1777000427246094,3.1884264278411867,-0.010726385116577308
2017-05-29,3.255399942398072,3.242687578201294,0.012712364196778125
2017-05-30,3.256200075149536,3.229575448513031,0.026624626636505333
2017-05-31,3.225100040435791,3.2419662137031553,-0.01686617326736428
2017-06-01,3.249000072479248,3.2518642497062684,-0.0028641772270203703
2017-06-02,3.2492001056671143,3.262364248752594,-0.01316414308547964
2017-06-05,3.296099901199341,3.2827511506080627,0.013348750591278158
2017-06-06,3.276000022888184,3.2581876244544983,0.01781239843368576
2017-06-07,3.2672998905181885,3.2645775208473204,0.00272236967086803
2017-06-08,3.2595999240875244,3.2584147419929503,0.0011851820945740776
2017-06-09,3.1777000427246094,3.2164116230010986,-0.038711580276489244
2017-06-12,3.316699981689453,3.2938261938095095,0.022873787879943652
2017-06-13,3.3143999576568604,3.297418571949005,0.016981385707855345
2017-06-14,3.272599935531616,3.279400161743164,-0.006800226211547855
2017-06-15,3.273600101470948,3.280395860671997,-0.006795759201049023
2017-06-16,3.288599967956543,3.29247118473053,-0.0038712167739869408
2017-06-19,3.281100034713745,3.2800274257659914,0.0010726089477537393
2017-06-20,3.325500011444092,3.325342014789581,0.00015799665451066147
2017-06-21,3.333400011062622,3.3325884099006653,0.0008116011619567765
2017-06-22,3.3396999835968018,3.334803596973419,0.004896386623382654
2017-06-23,3.3415000438690186,3.3354810280799865,0.006019015789032078
2017-06-26,3.294800043106079,3.2833286318778994,0.01147141122817974
2017-06-27,3.312000036239624,3.2970820322036745,0.014918004035949561
2017-06-28,3.2795000076293945,3.280845799446106,-0.0013457918167114613
2017-06-29,3.3027000427246094,3.2700394387245177,0.03266060400009163
2017-06-30,3.1777000427246094,3.2120152225494385,-0.03431517982482912
2017-07-03,3.30049991607666,3.288907546520233,0.011592369556427062
2017-07-04,3.309200048446656,3.2980876150131224,0.011112433433533742
2017-07-05,3.2869999408721924,3.2831507592201232,0.0038491816520691557
2017-07-06,3.297300100326538,3.2799642605781556,0.017335839748382487
2017-07-07,3.1777000427246094,3.2160604257583616,-0.03836038303375222
2017-07-10,3.2530999183654785,3.252333345413208,0.0007665729522705611
2017-07-12,3.2067999839782715,3.1988708024024963,0.007929181575775157
2017-07-13,3.2100000381469727,3.197211627006531,0.012788411140441713
2017-07-14,3.1777000427246094,3.1731956205368044,0.004504422187805002
2017-07-17,3.1812000274658203,3.18215761756897,-0.0009575901031495526
2017-07-18,3.1526999473571777,3.1605015716552733,-0.007801624298095611
2017-07-19,3.147700071334839,3.146179654121399,0.001520417213439984
2017-07-20,3.1184000968933105,3.132793864250183,-0.014393767356872367
2017-07-21,3.1777000427246094,3.1745618290901185,0.0031382136344908496
2017-07-24,3.144399881362915,3.1531597366333006,-0.008759855270385586
2017-07-25,3.1712000370025635,3.16193243598938,0.00926760101318358
2017-07-26,3.137500047683716,3.1401660437583923,-0.0026659960746764355
2017-07-27,3.152600049972534,3.1484548406600954,0.00414520931243878
2017-07-28,3.1777000427246094,3.164176622867584,0.01352341985702532
2017-07-31,3.1257998943328857,3.1348847365379333,-0.009084842205047572
2017-08-01,3.12280011177063,3.123064684391022,-0.000264572620392034
2017-08-02,3.1122000217437744,3.1206850399971007,-0.00848501825332626
2017-08-03,3.111500024795532,3.1237904176712035,-0.012290392875671685
2017-08-04,3.129300117492676,3.127197482585907,0.0021026349067687633
2017-08-07,3.1242001056671143,3.1275754685401917,-0.003375362873077492
2017-08-08,3.1259000301361084,3.1303302154541015,-0.004430185317993107
2017-08-09,3.1522998809814453,3.1429725470542906,0.00932733392715468
2017-08-10,3.1735999584198,3.1663499851226806,0.007249973297119183
2017-08-11,3.1777000427246094,3.1623404273986817,0.015359615325927667
2017-08-14,3.1872000694274902,3.176307828903198,0.010892240524292163
2017-08-15,3.16759991645813,3.1696021695137024,-0.002002253055572556
2017-08-16,3.151400089263916,3.1551794543266296,-0.003779365062713591
2017-08-17,3.17330002784729,3.170206036567688,0.003093991279602193
2017-08-18,3.1777000427246094,3.169720034599304,0.007980008125305194
2017-08-21,3.1630001068115234,3.163323878288269,-0.00032377147674544915
2017-08-22,3.1605000495910645,3.1593490438461305,0.001151005744933986
2017-08-23,3.1393001079559326,3.14738707113266,-0.008086963176727302
2017-08-24,3.1465001106262207,3.152735691547394,-0.006235580921173156
2017-08-25,3.158699989318848,3.1556628160476685,0.003037173271179583
2017-08-28,3.165800094604492,3.16445627450943,0.001343820095062398
2017-08-29,3.1642000675201416,3.1635080642700197,0.0006920032501218643
2017-08-30,3.158799886703491,3.166310143947601,-0.007510257244109919
2017-08-31,3.1459999084472656,3.15140696144104,-0.005407052993774197
2017-09-01,3.1777000427246094,3.1665080308914186,0.01119201183319074
2017-09-04,3.139400005340576,3.1326115984916685,0.006788406848907691
2017-09-05,3.115799903869629,3.121828137874603,-0.006028234004974209
2017-09-06,3.097899913787842,3.103546935558319,-0.005647021770477156
2017-09-07,3.097599983215332,3.10243816614151,-0.004838182926178103
2017-09-08,3.1777000427246094,3.168743032455444,0.008957010269165178
2017-09-11,3.0996999740600586,3.109899595737457,-0.010199621677398518
2017-09-12,3.121900081634521,3.121185251712799,0.0007148299217218934
2017-09-13,3.131599903106689,3.128916347503662,0.0026835556030269103
2017-09-14,3.1180999279022217,3.1204999570846557,-0.0024000291824339826
2017-09-15,3.1096999645233154,3.118607195854187,-0.008907231330871568
2017-09-18,3.1349000930786133,3.131706069946289,0.0031940231323241974
2017-09-19,3.1328001022338867,3.1352996673583986,-0.002499565124511882
2017-09-20,3.130599975585937,3.1372729959487917,-0.006673020362854665
2017-09-21,3.134500026702881,3.1291350264549256,0.005365000247955276
2017-09-22,3.123500108718872,3.1271686749458314,-0.0036685662269593244
2017-09-25,3.157299995422364,3.1561655802726745,0.0011344151496897048
2017-09-26,3.1638998985290527,3.1587403326034544,0.005159565925598297
2017-09-27,3.19190001487732,3.180262007713318,0.011638007164001873
2017-09-28,3.1809000968933105,3.1780014543533324,0.00289864253997818
2017-09-29,3.1633999347686768,3.168043372631073,-0.0046434378623962935
2017-10-02,3.152899980545044,3.1526897773742677,0.0002102031707762464
2017-10-03,3.1407999992370605,3.1466435809135436,-0.005843581676483023
2017-10-04,3.13319993019104,3.141488751888275,-0.008288821697234994
2017-10-05,3.152400016784668,3.158539581298828,-0.006139564514159979
2017-10-06,3.1554999351501465,3.1591659536361694,-0.0036660184860228817
2017-10-09,3.186800003051758,3.17314258146286,0.013657421588897822
2017-10-10,3.177799940109253,3.17214334154129,0.005656598567962856
2017-10-11,3.1696999073028564,3.1702415442466734,-0.0005416369438169255
2017-10-12,3.1689999103546143,3.16587073469162,0.00312917566299431
2017-10-13,3.146199941635132,3.1557607421875,-0.009560800552367965
2017-10-16,3.170300006866455,3.1736795930862427,-0.0033795862197876225
2017-10-17,3.156100034713745,3.166548224925995,-0.010448190212249742
2017-10-18,3.170099973678589,3.1877549839019776,-0.01765501022338878
2017-10-19,3.164900064468384,3.172674250125885,-0.00777418565750132
2017-10-20,3.1909000873565674,3.1992372660636903,-0.008337178707122916
2017-10-23,3.2344000339508057,3.213906033039093,0.020494000911712718
2017-10-24,3.2425999641418457,3.2340393896102904,0.008560574531555343
2017-10-25,3.2311999797821045,3.2087633786201475,0.022436601161957004
2017-10-26,3.2864999771118164,3.255421590805054,0.031078386306762518
2017-10-27,3.234800100326538,3.2482210698127747,-0.013420969486236611
2017-10-30,3.287300109863281,3.276731656074524,0.010568453788756926
2017-10-31,3.269599914550781,3.2698721652030946,-0.0002722506523138435
2017-11-01,3.266200065612793,3.267516836643219,-0.0013167710304258229
2017-11-02,3.2646000385284424,3.2669556264877317,-0.0023555879592893625
2017-11-03,3.29259991645813,3.27992733669281,0.012672579765319991
2017-11-06,3.247900009155273,3.2503846044540405,-0.0024845952987675446
2017-11-07,3.2701001167297363,3.2680058641433716,0.002094252586364753
2017-11-08,3.251300096511841,3.2510496459007263,0.0002504506111145055
2017-11-09,3.248699903488159,3.2542183384895327,-0.005518435001373501
2017-11-10,3.276400089263916,3.2735316572189332,0.0028684320449827716
2017-11-13,3.275899887084961,3.2733567481040953,0.002543138980865667
2017-11-14,3.3118999004364014,3.2962103567123413,0.015689543724060062
2017-11-15,3.2706000804901123,3.269819844722748,0.0007802357673645233
2017-11-17,3.254499912261963,3.2595479459762573,-0.005048033714294409
2017-11-20,3.253999948501587,3.261158553123474,-0.007158604621887221
2017-11-21,3.257299900054932,3.2517947483062746,0.005505151748657511
2017-11-22,3.222899913787842,3.2262597370147703,-0.0033598232269285155
2017-11-23,3.22029995918274,3.2244153442382815,-0.004115385055541321
2017-11-24,3.232899904251098,3.230112524032593,0.00278738021850522
2017-11-27,3.2263998985290527,3.2256537351608277,0.0007461633682250834
2017-11-28,3.209700107574463,3.2178440432548525,-0.008143935680389625
2017-11-29,3.244800090789795,3.2485760555267333,-0.0037759647369384197
2017-11-30,3.271199941635132,3.264806787967682,0.006393153667449969
2017-12-01,3.2574000358581543,3.2553916063308717,0.0020084295272826402
2017-12-04,3.2425999641418457,3.246283761024475,-0.00368379688262932
2017-12-05,3.240299940109253,3.2450547561645506,-0.004754816055297706
2017-12-06,3.234299898147583,3.241115918159485,-0.006816020011902069
2017-12-07,3.2871999740600586,3.2952257776260376,-0.00802580356597904
2017-12-08,3.287800073623657,3.290766450881958,-0.0029663772583012893
2017-12-11,3.303299903869629,3.3003545513153076,0.0029453525543212677
2017-12-12,3.303100109100342,3.302186061859131,0.0009140472412108025
2017-12-13,3.3085999488830566,3.3048709774017335,0.003728971481323118
2017-12-14,3.340399980545044,3.319915997028351,0.020483983516693005
2017-12-15,3.2920000553131104,3.291930850028992,6.92052841184676e-05
2017-12-18,3.290499925613404,3.2953111510276796,-0.004811225414275366
2017-12-19,3.2885000705718994,3.2916704573631286,-0.0031703867912291628
2017-12-20,3.296499967575073,3.299926369667053,-0.0034264020919803073
2017-12-21,3.30679988861084,3.3146159405708313,-0.007816051959991466
2017-12-22,3.338000059127808,3.3281696138381958,0.0098304452896123
2017-12-25,3.3355000019073486,3.328814590930939,0.006685410976409845
2017-12-26,3.3097000122070312,3.3130751972198484,-0.0033751850128171945
2017-12-27,3.3132998943328857,3.3152961406707764,-0.001996246337890639
2017-12-28,3.311100006103516,3.310515190124512,0.0005848159790042828
2017-12-29,3.3076000213623047,3.3080004105567933,-0.0004003891944885929
2018-01-01,3.311000108718872,3.290855891704559,0.020144217014312904
2018-01-02,3.2578001022338867,3.2561176919937136,0.0016824102401731267
2018-01-03,3.2355000972747803,3.2407682785987855,-0.0052681813240051945
2018-01-04,3.233099937438965,3.23456117105484,-0.0014612336158750239
2018-01-05,3.226599931716919,3.230188961982727,-0.0035890302658079243
2018-01-08,3.239000082015991,3.2368048334121706,0.0021952486038205876
2018-01-09,3.246799945831299,3.2394757623672485,0.007324183464050282
2018-01-10,3.2263998985290527,3.2296253447532655,-0.0032254462242127246
2018-01-11,3.214200019836426,3.2165314354896544,-0.0023314156532285857
2018-01-12,3.200700044631958,3.206529649734497,-0.005829605102539048
2018-01-15,3.213200092315674,3.214428873062134,-0.0012287807464601563
2018-01-16,3.2227001190185547,3.2201200885772705,0.002580030441284187
2018-01-17,3.2221999168396,3.215162769317627,0.007037147521973264
2018-01-18,3.2051000595092773,3.2090600295066833,-0.003959969997405999
2018-01-19,3.194700002670288,3.201709009170532,-0.007009006500243942
2018-01-22,3.200700044631958,3.202119242668152,-0.0014191980361939471
2018-01-23,3.2355000972747803,3.2163446736335755,0.019155423641204816
2018-01-24,3.1451001167297363,3.1528504676818847,-0.007750350952148377
2018-01-25,3.146899938583374,3.1511471786499023,-0.004247240066528324
2018-01-26,3.151000022888184,3.153617820262909,-0.002617797374724784
2018-01-29,3.153599977493286,3.1529267802238463,0.0006731972694398181
2018-01-30,3.179500102996826,3.18559427690506,-0.0060941739082336355
2018-01-31,3.1847000122070312,3.185100829601288,-0.0004008173942566806
2018-02-01,3.1637001037597656,3.1651340746879577,-0.0014339709281920854
2018-02-02,3.215399980545044,3.210230607509613,0.005169373035430969
2018-02-05,3.2611000537872314,3.2616280455589295,-0.0005279917716980442
2018-02-06,3.2334001064300537,3.2405652866363526,-0.00716518020629886
2018-02-07,3.26990008354187,3.2690518655776977,0.0008482179641724485
2018-02-08,3.284600019454956,3.2795190200805666,0.005080999374389439
2018-02-09,3.290800094604492,3.2849850463867187,0.005815048217773455
2018-02-12,3.2939999103546143,3.2909257469177247,0.0030741634368895987
2018-02-13,3.2941999435424805,3.288432766914368,0.005767176628112658
2018-02-14,3.216200113296509,3.2353526830673216,-0.01915256977081281
2018-02-15,3.2263998985290527,3.229437126636505,-0.0030372281074524388
2018-02-16,3.228199958801269,3.231020763397217,-0.0028208045959479122
2018-02-19,3.233099937438965,3.2349461584091186,-0.0018462209701537446
2018-02-20,3.254300117492676,3.2527466917037966,0.0015534257888791814
2018-02-21,3.2676000595092773,3.26011665725708,0.0074834022521974575
2018-02-22,3.248699903488159,3.251837763786316,-0.0031378602981568804
2018-02-23,3.2372000217437744,3.23735843038559,-0.0001584086418153774
2018-02-26,3.2225000858306885,3.221844666957855,0.0006554188728333799
2018-02-27,3.248500108718872,3.24495427274704,0.003545835971832112
2018-02-28,3.244800090789795,3.2474538764953613,-0.0026537857055664027
2018-03-01,3.25,3.262025000095367,-0.012025000095367222
2018-03-02,3.249599933624268,3.253711154460907,-0.004111220836639173
2018-03-05,3.240999937057495,3.238621145248413,0.0023787918090820703
2018-03-06,3.2079999446868896,3.2213627409935,-0.013362796306610303
2018-03-07,3.2428998947143555,3.2459301223754884,-0.0030302276611329226
2018-03-08,3.2660999298095703,3.2666939563751223,-0.0005940265655519639
2018-03-09,3.256099939346313,3.247148154258728,0.008951785087584874
2018-03-12,3.2602999210357666,3.2534879388809204,0.006811982154846241
2018-03-13,3.258699893951416,3.25739573764801,0.0013041563034059678
2018-03-14,3.258500099182129,3.2569942317008973,0.0015058674812316042
2018-03-15,3.282099962234497,3.2757067890167235,0.006393173217773551
2018-03-16,3.280100107192993,3.2713090596199037,0.008791047573089461
2018-03-19,3.28410005569458,3.2821674547195436,0.001932600975036447
2018-03-20,3.30870008468628,3.2894638633728026,0.019236221313477575
2018-03-21,3.272700071334839,3.2699764556884765,0.002723615646362365
2018-03-22,3.3141000270843506,3.3128634223937987,0.001236604690551868
2018-03-23,3.314500093460083,3.3222328572273256,-0.007732763767242634
2018-03-26,3.31030011177063,3.3154802703857422,-0.00518015861511234
2018-03-27,3.3229000568389893,3.3218006377220153,0.0010994191169739764
2018-03-28,3.319299936294556,3.318332772254944,0.0009671640396122783
2018-03-29,3.303499937057495,3.2974983687400816,0.006001568317413497
2018-03-30,3.302000045776367,3.3065802369117736,-0.0045801911354064195
2018-04-02,3.309400081634521,3.325037656784058,-0.015637575149536787
2018-04-03,3.339400053024292,3.348327434062958,-0.00892738103866586
2018-04-04,3.327699899673462,3.342960537910461,-0.015260638236999302
2018-04-05,3.341599941253662,3.3499789719581603,-0.008379030704498192
2018-04-06,3.367500066757202,3.3534170570373534,0.014083009719848771
2018-04-09,3.4210000038146973,3.390178593158722,0.030821410655975434
2018-04-10,3.407299995422364,3.3915669956207277,0.01573299980163645
2018-04-11,3.37310004234314,3.3986520223617553,-0.02555198001861525
2018-04-12,3.4110000133514404,3.4079486193656923,0.003051393985748163
2018-04-13,3.424299955368042,3.4247815814018248,-0.00048162603378276714
2018-04-16,3.416100025177002,3.4126182312965394,0.003481793880462547
2018-04-17,3.405800104141236,3.4017354674339293,0.0040646367073065015
2018-04-18,3.3770999908447266,3.3896603922843935,-0.012560401439666968
2018-04-19,3.382699966430664,3.3941057901382448,-0.011405823707580698
2018-04-20,3.4137001037597656,3.4211900639533996,-0.0074899601936340154
2018-04-23,3.448899984359741,3.437445815086365,0.01145416927337628
2018-04-24,3.4714999198913574,3.4585799584388734,0.012919961452483975
2018-04-25,3.4809000492095947,3.4536290254592896,0.0272710237503051
2018-04-26,3.4742000102996826,3.4653114247322083,0.008888585567474294
2018-04-27,3.4581000804901123,3.455556257247925,0.002543823242187493
2018-04-30,3.505800008773804,3.4867700095176697,0.019029999256134467
2018-05-01,3.506099939346313,3.5652825479507446,-0.059182608604431586
2018-05-02,3.549599885940552,3.5492881078720093,0.00031177806854287837
2018-05-03,3.526599884033203,3.5367285046577455,-0.01012862062454234
2018-05-04,3.525500059127808,3.54020801448822,-0.01470795536041214
2018-05-07,3.5492000579833984,3.55962282705307,-0.010422769069671656
2018-05-08,3.5618999004364014,3.558845540046692,0.0030543603897092986
2018-05-09,3.5903000831604004,3.624373854637146,-0.034073771476745396
2018-05-10,3.549499988555908,3.5909208002090454,-0.04142081165313716
2018-05-11,3.60290002822876,3.614336796283722,-0.011436768054961632
2018-05-14,3.6215999126434326,3.622328746318817,-0.0007288336753843438
2018-05-15,3.648699998855591,3.6534520020484926,-0.00475200319290181
2018-05-16,3.6744000911712646,3.644221652984619,0.03017843818664545
2018-05-17,3.695100069046021,3.6811372413635253,0.013962827682495682
2018-05-18,3.7383999824523926,3.7052893953323363,0.03311058712005632
2018-05-21,3.6756999492645264,3.662939769268036,0.012760179996490262
2018-05-22,3.6459999084472656,3.6536467428207398,-0.007646834373474132
2018-05-23,3.625600099563599,3.6385598406791693,-0.01295974111557019
2018-05-24,3.648099899291992,3.6417267398834228,0.006373159408569418
2018-05-25,3.626199960708618,3.6504037737846375,-0.024203813076019376
2018-05-28,3.73420000076294,3.7222729926109315,0.011927008152008423
2018-05-29,3.724100112915039,3.7075178537368774,0.016582259178161696
2018-05-30,3.722100019454956,3.6905005984306336,0.03159942102432245
2018-05-31,3.721999883651733,3.7192637305259706,0.002736153125762364
2018-06-01,3.761600017547608,3.7786404213905334,-0.01704040384292549
2018-06-04,3.744499921798706,3.759851761341095,-0.015351839542388834
2018-06-05,3.80430006980896,3.803341642856598,0.0009584269523621458
2018-06-06,3.843400001525879,3.8226544094085693,0.02074559211730964
2018-06-07,3.900700092315674,3.8586996636390687,0.04200042867660514
2018-06-08,3.704900026321411,3.7323048272132873,-0.027404800891876135
2018-06-11,3.7088000774383545,3.7192860355377197,-0.010485958099365256
2018-06-12,3.714999914169312,3.7306027603149414,-0.015602846145629456
2018-06-13,3.7188000679016113,3.7403888282775877,-0.021588760375976346
2018-06-14,3.803999900817871,3.776894733428955,0.027105167388916218
2018-06-15,3.7286999225616455,3.730852553367615,-0.002152630805969391
2018-06-18,3.7462000846862793,3.749404051780701,-0.0032039670944215004
2018-06-19,3.744999885559082,3.755018120288849,-0.010018234729766817
2018-06-20,3.769099950790405,3.7659253749847412,0.003174575805663604
2018-06-21,3.7651000022888175,3.7637934007644653,0.0013066015243521356
2018-06-22,3.78629994392395,3.7856547536849976,0.0006451902389525976
2018-06-25,3.775099992752075,3.7852939834594728,-0.010193990707397571
2018-06-26,3.795799970626831,3.8059659752845763,-0.010166004657745198
2018-06-27,3.860100030899048,3.852519009113312,0.007581021785735942
2018-06-28,3.859499931335449,3.853486967563629,0.006012963771820257
2018-06-29,3.875600099563599,3.8630644512176513,0.01253564834594778
2018-07-02,3.912600040435791,3.901759636878967,0.010840403556823919
2018-07-03,3.8963000774383545,3.8959186525344847,0.0003814249038698314
2018-07-04,3.91100001335144,3.899517406463623,0.011482606887816882
2018-07-05,3.931299924850464,3.9155003609657286,0.015799563884735246
2018-07-06,3.865900039672852,3.867602020740509,-0.0017019810676570657
2018-07-09,3.871299982070923,3.861540988445282,0.009758993625641033
2018-07-10,3.815099954605103,3.8353649759292603,-0.020265021324157306
2018-07-11,3.876100063323975,3.874344443798065,0.0017556195259098573
2018-07-12,3.88070011138916,3.8676272740364075,0.013072837352752664
2018-07-13,3.849400043487549,3.8502150430679323,-0.0008149995803834464
2018-07-16,3.8559999465942383,3.8495129857063293,0.00648696088790901
2018-07-17,3.835900068283081,3.817604053020477,0.018296015262603937
2018-07-18,3.8492000102996826,3.8420094170570374,0.00719059324264526
2018-07-19,3.828500032424927,3.8294652314186095,-0.0009651989936823036
2018-07-20,3.7708001136779785,3.7858052864074705,-0.015005172729491978
2018-07-23,3.780400037765503,3.801427038669586,-0.02102700090408316
2018-07-24,3.7460999488830566,3.7475011763572694,-0.001401227474212785
2018-07-25,3.6863999366760254,3.7230515451431274,-0.036651608467102026
2018-07-26,3.74429988861084,3.73970231962204,0.004597568988800038
2018-07-27,3.7111001014709473,3.7232566576004027,-0.012156556129455431
2018-07-30,3.728100061416626,3.7397226605415343,-0.011622599124908373
2018-07-31,3.753000020980835,3.7498664093017577,0.0031336116790772195
2018-08-01,3.746999979019165,3.760084590911865,-0.01308461189270016
2018-08-02,3.7483999729156494,3.74793958234787,0.0004603905677793563
2018-08-03,3.7023000717163086,3.733270826816559,-0.03097075510025027
2018-08-06,3.734499931335449,3.7598841519355775,-0.025384220600128238
2018-08-07,3.750499963760376,3.781348771095276,-0.03084880733490003
2018-08-08,3.770100116729736,3.8108790583610537,-0.04077894163131779
2018-08-09,3.799599885940552,3.8321201338768005,-0.0325202479362483
2018-08-10,3.865400075912476,3.877374231815338,-0.011974155902862105
2018-08-13,3.881999969482422,3.871873981952667,0.010125987529754799
2018-08-14,3.864399909973145,3.8429497408866884,0.021450169086456583
2018-08-15,3.900599956512451,3.8815181665420533,0.01908178997039789
2018-08-16,3.903899908065796,3.910536948680878,-0.006637040615081968
2018-08-17,3.9098000526428223,3.926581033229828,-0.01678098058700561
2018-08-20,3.9660000801086426,3.9614480457305907,0.00455203437805185
2018-08-21,4.048500061035156,4.047014028549194,0.001486032485962241
2018-08-22,4.036900043487549,4.032163829326629,0.004736214160919516
2018-08-23,4.112299919128418,4.0229327592849735,0.08936715984344445
2018-08-24,4.102799892425537,4.088204329490662,0.014595562934875517
2018-08-27,4.077499866485596,4.080702544689179,-0.003202678203582998
2018-08-28,4.133900165557861,4.111648474693299,0.02225169086456269
2018-08-29,4.105500221252441,4.082707339763641,0.0227928814888001
2018-08-30,4.148600101470947,4.125716669559479,0.022883431911468577
2018-08-31,4.053699970245361,4.07887661409378,-0.02517664384841911
2018-09-03,4.154799938201904,4.1447057647705075,0.010094173431396847
2018-09-04,4.15369987487793,4.156961700439453,-0.003261825561523324
2018-09-05,4.143099784851074,4.152270249843597,-0.009170464992522831
2018-09-06,4.057300090789795,4.068631435394287,-0.011331344604491811
2018-09-07,4.043799877166748,4.055638731002808,-0.011838853836059648
2018-09-10,4.08459997177124,4.078447778224945,0.006152193546295592
2018-09-11,4.151599884033203,4.155600888729095,-0.004001004695892263
2018-09-12,4.159800052642822,4.153729194164276,0.0060708584785462705
2018-09-13,4.204999923706055,4.186288920402527,0.018711003303527818
2018-09-14,4.171999931335449,4.163835537910462,0.008164393424987537
2018-09-17,4.1321001052856445,4.118390250682831,0.01370985460281382
2018-09-18,4.158400058746338,4.139699052810669,0.018701005935668924
2018-09-19,4.130300045013428,4.114014039039612,0.01628600597381613
2018-09-20,4.076000213623047,4.084797149658203,-0.0087969360351563
2018-09-21,4.050000190734863,4.0594525485038755,-0.00945235776901221
2018-09-24,4.091300010681152,4.081871202468872,0.009428808212279982
2018-09-25,4.073599815368652,4.06311208152771,0.010487733840942148
2018-09-26,4.030799865722656,4.0611145181655885,-0.0303146524429323
2018-09-27,4.01200008392334,4.027540461540222,-0.015540377616882317
2018-09-28,4.052700042724609,4.047009234905243,0.0056908078193664835
2018-10-01,4.01639986038208,3.9800915150642395,0.03630834531784055
2018-10-02,3.939500093460083,3.9233242263793944,0.016175867080688633
2018-10-03,3.900399923324585,3.911942734718323,-0.011542811393737917
2018-10-04,3.8738999366760254,3.8739457483291626,-4.581165313721769e-05
2018-10-05,3.8357999324798575,3.8287063426971435,0.007093589782714016
2018-10-08,3.7771999835968018,3.7941279649734496,-0.01692798137664786
2018-10-09,3.714799880981445,3.7535593152046203,-0.038759434223175404
2018-10-10,3.754800081253052,3.761032250881195,-0.006232169628142881
2018-10-11,3.7815001010894775,3.7707804765701294,0.010719624519348159
2018-10-12,3.781599998474121,3.7688386273384094,0.012761371135711741
2018-10-15,3.7339000701904297,3.7461472554206847,-0.012247185230255031
2018-10-16,3.723599910736084,3.723398542404175,0.00020136833190909087
2018-10-17,3.686199903488159,3.695529333591461,-0.009329430103302006
2018-10-18,3.7202999591827393,3.7183723940849305,0.001927565097808781
2018-10-19,3.710900068283081,3.7098476486206056,0.00105241966247549
2018-10-22,3.682300090789795,3.6905830569267275,-0.008282966136932579
2018-10-23,3.6923999786376953,3.6962348008155823,-0.0038348221778869984
2018-10-24,3.731100082397461,3.7317966628074646,-0.0006965804100036443
2018-10-25,3.704900026321411,3.70619722366333,-0.0012971973419189098
2018-10-26,3.6415998935699454,3.6622427463531495,-0.020642852783204102
2018-10-29,3.715800046920776,3.70898242855072,0.0068176183700559
2018-10-30,3.694600105285645,3.692230460166931,0.002369645118713848
2018-10-31,3.720700025558472,3.7122218313217163,0.008478194236755776
2018-11-01,3.6949000358581534,3.7065158457756042,-0.011615809917450814
2018-11-02,3.700000047683716,3.717126450061798,-0.01712640237808216
2018-11-05,3.724600076675415,3.7292548661231995,-0.004654789447784413
2018-11-06,3.759900093078613,3.7472300820350646,0.012670011043548257
2018-11-07,3.7304000854492174,3.7425124711990354,-0.012112385749817989
2018-11-08,3.759200096130371,3.7546004548072816,0.004599641323089543
2018-11-09,3.729399919509888,3.74179017162323,-0.01239025211334166
2018-11-12,3.766400098800659,3.765361454963684,0.0010386438369751616
2018-11-13,3.801399946212769,3.7935477538108824,0.007852192401886615
2018-11-14,3.782399892807007,3.7789269247055053,0.00347296810150155
2018-11-15,3.782399892807007,3.7745609335899353,0.007838959217071562
2018-11-16,3.742500066757202,3.7530142469406127,-0.010514180183410549
2018-11-19,3.7544000148773193,3.7600842161178587,-0.005684201240539366
2018-11-20,3.75570011138916,3.77508509016037,-0.019384978771209926
2018-11-21,3.796099901199341,3.789626941204071,0.006472959995269978
2018-11-22,3.803100109100342,3.8053674812316896,-0.0022673721313477557
2018-11-23,3.67300009727478,3.7380398645401,-0.06503976726532024
2018-11-26,3.93969988822937,3.890014552593231,0.04968533563613908
2018-11-27,3.873500108718872,3.858757876873016,0.01474223184585588
2018-11-28,3.8492000102996826,3.832983030319214,0.016216979980468782
2018-11-29,3.8510000705718994,3.8535560631752013,-0.00255599260330186
2018-11-30,3.86520004272461,3.854715448856354,0.010484593868255843
2018-12-03,3.840800046920776,3.8487510285377504,-0.007950981616974495
2018-12-04,3.851099967956543,3.8586571798324587,-0.007557211875915737
2018-12-05,3.86739993095398,3.8693851599693296,-0.0019852290153496988
2018-12-06,3.8777999877929688,3.8740645823478697,0.0037354054450990937
2018-12-07,3.9058001041412354,3.8989114785194396,0.006888625621795708
2018-12-10,3.9166998863220215,3.908086730003357,0.008613156318664661
2018-12-11,3.902600049972534,3.9039486122131346,-0.001348562240600426
2018-12-12,3.854099988937378,3.8723097996711733,-0.01820981073379535
2018-12-13,3.890700101852417,3.8834418668746946,0.007258234977722378
2018-12-14,3.9154999256134033,3.9077125759124756,0.007787349700927759
2018-12-17,3.897599935531616,3.9001651601791383,-0.0025652246475220686
2018-12-18,3.910900115966797,3.905211861610413,0.005688254356384093
2018-12-19,3.896199941635132,3.8966373562812806,-0.00043741464614877046
2018-12-20,3.838900089263916,3.8554288563728334,-0.016528767108917375
2018-12-21,3.843400001525879,3.8611980156898498,-0.017798014163970866
2018-12-24,3.902600049972534,3.895842649936676,0.006757400035858119
2018-12-25,3.9028000831604,3.889864867210388,0.012935215950011791
2018-12-26,3.920599937438965,3.8973633813858033,0.02323655605316155
2018-12-27,3.871500015258789,3.8797566261291503,-0.008256610870361225
2018-12-28,3.874200105667114,3.875760079860687,-0.0015599741935732325
2018-12-31,3.880000114440918,3.878925284385681,0.0010748300552370083
2019-01-01,3.8798999786376953,3.835408579826355,0.04449139881134023
2019-01-02,3.78629994392395,3.7795085754394533,0.006791368484496907
2019-01-03,3.7551000118255615,3.7663630070686342,-0.011262995243072726
2019-01-04,3.661200046539306,3.6902502522468565,-0.029050205707550347
2019-01-07,3.734100103378296,3.7212114763259887,0.0128886270523072
2019-01-08,3.712399959564209,3.7017289905548094,0.010670969009399567
2019-01-09,3.680000066757202,3.6871214394569396,-0.007121372699737449
2019-01-10,3.707900047302246,3.7001466364860534,0.007753410816192741
2019-01-11,3.659600019454956,3.677127812862396,-0.01752779340744004
2019-01-14,3.697499990463257,3.7064105892181396,-0.00891059875488276
2019-01-15,3.716399908065796,3.718815923213959,-0.00241601514816292
2019-01-16,3.734299898147583,3.7292397222518923,0.005060175895690744
2019-01-17,3.7488999366760254,3.750541142463684,-0.001641205787658695
2019-01-18,3.750200033187866,3.74236221408844,0.00783781909942638
2019-01-21,3.751399993896485,3.747844382762909,0.00355561113357572
2019-01-22,3.812000036239624,3.783736802101135,0.02826323413848897
2019-01-23,3.7623000144958496,3.7560687880516053,0.006231226444244342
2019-01-24,3.769799947738648,3.736830576896668,0.03296937084197982
2019-01-25,3.769599914550781,3.756323350429535,0.013276564121246004
2019-01-28,3.759599924087525,3.754924331665039,0.004675592422485941
2019-01-29,3.7184998989105225,3.729543924331665,-0.011044025421142578
2019-01-30,3.681400060653688,3.707540024280548,-0.02613996362686022
2019-01-31,3.642800092697144,3.6718142561912535,-0.029014163494109457
2019-02-01,3.6572999954223633,3.671855587005615,-0.014555591583251815
2019-02-04,3.6670000553131104,3.6727494077682494,-0.0057493524551390784
2019-02-05,3.668299913406372,3.679992733001709,-0.011692819595336967
2019-02-06,3.694700002670288,3.7086843948364256,-0.01398439216613756
2019-02-07,3.714900016784668,3.7211190028190613,-0.0062189860343933034
2019-02-08,3.728600025177002,3.7300572032928465,-0.0014571781158445596
2019-02-11,3.755199909210205,3.741754339694977,0.01344556951522824
2019-02-12,3.7079999446868896,3.72037416601181,-0.012374221324920498
2019-02-13,3.753200054168701,3.742710024356842,0.010490029811859092
2019-02-14,3.721999883651733,3.705540719509125,0.016459164142608174
2019-02-15,3.6468000411987305,3.6778032150268554,-0.031003173828124897
2019-02-18,3.731699943542481,3.733681360244751,-0.0019814167022702556
2019-02-19,3.721999883651733,3.71218873500824,0.009811148643493084
2019-02-20,3.723999977111816,3.7311169724464417,-0.007116995334625731
2019-02-21,3.766499996185303,3.747816190242767,0.018683805942536047
2019-02-22,3.746299982070923,3.7349907727241516,0.011309209346771265
2019-02-25,3.750400066375733,3.742118854522705,0.00828121185302777
2019-02-26,3.747100114822388,3.7325722641944887,0.014527850627899408
2019-02-27,3.727299928665161,3.7297551655769348,-0.0024552369117736283
2019-02-28,3.747499942779541,3.7431991548538206,0.004300787925720417
2019-03-01,3.721400022506714,3.7527934260368347,-0.03139340353012088
2019-03-04,3.7741000652313232,3.784178644180298,-0.01007857894897457
2019-03-05,3.774399995803833,3.7964652104377747,-0.022065214633941732
2019-03-06,3.8368000984191895,3.8311302585601807,0.005669839859008707
2019-03-07,3.86929988861084,3.845438745498657,0.02386114311218268
2019-03-08,3.813400030136109,3.810665615081787,0.002734415054321815
2019-03-11,3.837300062179565,3.8290988368988033,0.008201225280761726
2019-03-12,3.811599969863892,3.815239196777344,-0.003639226913451754
2019-03-13,3.8132998943328857,3.8176027450561523,-0.004302850723266527
2019-03-14,3.8405001163482666,3.8309562511444093,0.009543865203857305
2019-03-15,3.812999963760376,3.8095327649116517,0.003467198848724262
2019-03-18,3.7899999618530273,3.7936069588661194,-0.0036069970130920836
2019-03-19,3.7876999378204346,3.7923555469512937,-0.004655609130859162
2019-03-20,3.774199962615967,3.8009715666770933,-0.026771604061126553
2019-03-21,3.7909998893737793,3.8251585245132445,-0.034158635139465154
2019-03-22,3.9059998989105225,3.8894489426612853,0.016550956249237192
2019-03-25,3.853600025177002,3.8630215992927552,-0.009421574115753284
2019-03-26,3.875,3.867772792816162,0.007227207183837958
2019-03-27,3.9881999492645264,3.94903155708313,0.03916839218139634
2019-03-28,3.897700071334839,3.8834922409057615,0.014207830429077362
2019-03-29,3.922499895095825,3.8865775275230408,0.03592236757278444
2019-04-01,3.84850001335144,3.8553237981796267,-0.006823784828186685
2019-04-02,3.852299928665161,3.860844547748566,-0.008544619083404648
2019-04-03,3.868299961090088,3.8674603667259215,0.0008395943641663628
2019-04-04,3.8559000492095934,3.8563804326057434,-0.00048038339614997483
2019-04-05,3.874000072479248,3.8675292501449583,0.00647082233428975
2019-04-08,3.84820008277893,3.8596958451271055,-0.011495762348175287
2019-04-09,3.848000049591065,3.8522224321365357,-0.004222382545470804
2019-04-10,3.8239998817443848,3.8396967301368714,-0.01569684839248664
2019-04-11,3.855799913406372,3.8615681433677675,-0.005768229961395477
2019-04-12,3.880300045013428,3.8904346313476563,-0.010134586334228146
2019-04-15,3.8703999519348153,3.8881971888542175,-0.01779723691940216
2019-04-16,3.903800010681152,3.91083402633667,-0.0070340156555182
2019-04-17,3.936700105667114,3.916191864490509,0.02050824117660488
2019-04-18,3.9267001152038574,3.9186970739364626,0.008003041267394817
2019-04-19,3.934499979019165,3.9250255980491637,0.009474380970001306
2019-04-22,3.9340999126434326,3.935544941902161,-0.0014450292587282476
2019-04-23,3.918299913406372,3.935601921081543,-0.017302007675171094
2019-04-24,3.9895999431610094,3.967177539348602,0.022422403812407232
2019-04-25,3.952699899673462,3.9355235247612,0.01717637491226176
2019-04-26,3.929199934005737,3.928601137638092,0.000598796367644816
2019-04-29,3.944299936294556,3.9359079365730287,0.008391999721527377
2019-04-30,3.916899919509888,3.9193183326721193,-0.0024184131622311256
2019-05-01,3.919300079345703,3.9446254353523256,-0.025325356006622446
2019-05-02,3.966200113296509,3.9543818736076357,0.011818239688873078
2019-05-03,3.936599969863892,3.937204797267914,-0.0006048274040217905
2019-05-06,3.9681999683380127,3.959140998840332,0.009058969497680813
2019-05-07,3.9686999320983887,3.964495979309082,0.00420395278930652
2019-05-08,3.926300048828125,3.9366370506286623,-0.010337001800537315
2019-05-09,3.9453999996185294,3.9604803962707518,-0.015080396652222383
2019-05-10,3.959700107574463,3.962550863742828,-0.002850756168365276
2019-05-13,3.990499973297119,3.990289206504822,0.0002107667922972567
2019-05-14,3.975100040435791,3.99167365026474,-0.016573609828948843
2019-05-15,3.999900102615357,4.010044884681702,-0.010144782066344948
2019-05-16,4.046199798583984,4.029460894107818,0.016738904476166105
2019-05-17,4.097400188446045,4.0726274828910825,0.02477270555496247
2019-05-20,4.094900131225586,4.058989489555359,0.03591064167022662
2019-05-21,4.036799907684326,4.018378746509552,0.018421161174773992
2019-05-23,4.038700103759766,4.030417904376984,0.00828219938278174
2019-05-24,4.021200180053711,4.023782128810883,-0.0025819487571716593
2019-05-27,4.042099952697754,4.026116202831268,0.015983749866485653
2019-05-28,4.023600101470947,4.007780482769013,0.0158196187019346
2019-05-29,3.973400115966797,3.9757962942123415,-0.0023961782455446112
2019-05-30,3.9800000190734863,3.970042841434479,0.009957177639007497
2019-05-31,3.9242000579833984,3.9442384557723997,-0.020038397789001294
2019-06-03,3.884099960327149,3.871162380218506,0.012937580108642877
2019-06-04,3.853600025177002,3.849596017360687,0.004004007816314825
2019-06-05,3.8794000148773193,3.8726098132133484,0.0067902016639709295
2019-06-06,3.878400087356568,3.876901048183441,0.0014990391731268815
2019-06-07,3.876499891281128,3.8746217346191405,0.001878156661987429
2019-06-10,3.884500026702881,3.8813360214233397,0.0031640052795411933
2019-06-11,3.85509991645813,3.857189555168152,-0.0020896387100219904
2019-06-12,3.865900039672852,3.8676052289009095,-0.0017051892280575132
2019-06-13,3.84820008277893,3.8572164468765258,-0.009016364097595542
2019-06-14,3.8945000171661377,3.8861216282844544,0.008378388881683296
2019-06-17,3.88700008392334,3.8847822642326353,0.002217819690704559
2019-06-18,3.859499931335449,3.856081368923187,0.003418562412262016
2019-06-19,3.835400104522705,3.841237452983856,-0.005837348461151137
2019-06-20,3.837699890136719,3.8376091208457948,9.076929092444175e-05
2019-06-21,3.820499897003174,3.823983510017395,-0.0034836130142212873
2019-06-24,3.825599908828736,3.827094117641449,-0.0014942088127130049
2019-06-25,3.8454999923706055,3.844210395812988,0.0012895965576174007
2019-06-26,3.842900037765503,3.838486416339874,0.004413621425628733
2019-06-27,3.815999984741211,3.8257731909751893,-0.009773206233978371
2019-06-28,3.849499940872192,3.8426975479125978,0.006802392959594172
2019-07-01,3.839600086212158,3.830663257598877,0.008936828613281378
2019-07-02,3.843899965286255,3.833514781475067,0.010385183811187915
2019-07-03,3.825000047683716,3.8176808404922484,0.007319207191467392
2019-07-04,3.800800085067749,3.7942932505607603,0.006506834506988746
2019-07-05,3.8190999031066895,3.802948348045349,0.01615155506134025
2019-07-08,3.799099922180176,3.797813542842865,0.0012863793373107946
2019-07-09,3.799000024795532,3.794870199203491,0.004129825592040781
2019-07-10,3.7502999305725098,3.7581593670845033,-0.0078594365119935
2019-07-11,3.754800081253052,3.7542124428749086,0.0005876383781435734
2019-07-12,3.7344000339508057,3.743048028945923,-0.008647994995117259
2019-07-15,3.753700017929077,3.7548456182479857,-0.001145600318908535
2019-07-16,3.767199993133545,3.7759097957611085,-0.008709802627563601
2019-07-17,3.7618000507354736,3.765014630317688,-0.003214579582214494
2019-07-18,3.717400074005127,3.7378650393486024,-0.020464965343475416
2019-07-19,3.7458999156951904,3.7556895484924318,-0.009789632797241321
2019-07-22,3.739799976348877,3.75373179769516,-0.013931821346282902
2019-07-23,3.77239990234375,3.7717919540405274,0.0006079483032226385
2019-07-24,3.7713000774383545,3.770130446910858,0.0011696305274964125
2019-07-25,3.775199890136719,3.775573130607605,-0.0003732404708856052
2019-07-26,3.7734999656677246,3.8167771759033204,-0.04327721023559583
2019-07-29,3.780100107192993,3.7797442655563356,0.0003558416366575834
2019-07-30,3.789299964904785,3.786670790195465,0.0026291747093201145
2019-07-31,3.811700105667114,3.814816265106201,-0.0031161594390871628
2019-08-01,3.837300062179565,3.884794421672821,-0.04749435949325598
2019-08-02,3.883899927139282,3.924623957157135,-0.040724030017853075
2019-08-05,3.973099946975708,3.99311438703537,-0.020014440059661798
2019-08-06,3.958699941635132,3.9653629832267763,-0.006663041591644436
2019-08-07,3.967400074005127,3.968571035385132,-0.0011709613800050533
2019-08-08,3.91759991645813,3.9251265420913697,-0.007526625633239803
2019-08-09,3.940200090408325,3.953171645641327,-0.012971555233001641
2019-08-12,3.9839000701904297,3.9789716429710387,0.004928427219391018
2019-08-13,3.962399959564209,3.964836772918701,-0.0024368133544920845
2019-08-14,4.050300121307373,4.024525471687317,0.025774649620055712
2019-08-15,3.9900999069213854,4.007681368350982,-0.017581461429597045
2019-08-16,4.0046000480651855,4.044645010471344,-0.04004496240615829
2019-08-19,4.073200225830078,4.076428930282593,-0.0032287044525149966
2019-08-20,4.051700115203857,4.067051077842712,-0.015350962638854604
2019-08-21,4.02400016784668,4.056721876144409,-0.03272170829772936
2019-08-22,4.067999839782715,4.070529713153839,-0.0025298733711238697
2019-08-23,4.126200199127197,4.085722114562988,0.040478084564209205
2019-08-26,4.151500225067139,4.129295739650726,0.02220448541641229
2019-08-27,4.122799873352051,4.117558542251587,0.005241331100464208
2019-08-28,4.167699813842773,4.1350194988250735,0.03268031501769997
2019-08-29,4.168099880218506,4.127553554534912,0.04054632568359384
2019-08-30,4.143899917602539,4.107661364078521,0.036238553524017725
2019-09-02,4.1844000816345215,4.149631281375885,0.03476880025863682
2019-09-03,4.16510009765625,4.150247685432434,0.01485241222381628
2019-09-04,4.093200206756592,4.101941924095154,-0.008741717338562438
2019-09-05,4.105999946594238,4.099305550575257,0.006694396018981585
2019-09-06,4.061299800872803,4.072130475997925,-0.010830675125122369
2019-09-09,4.093400001525879,4.088172817230225,0.005227184295653942
2019-09-10,4.079500198364258,4.079609489440918,-0.00010929107665980098
2019-09-11,4.064199924468994,4.072462712287903,-0.00826278781890899
2019-09-12,4.058899879455566,4.073377473831177,-0.014477594375610359
2019-09-13,4.0854997634887695,4.084830623149871,0.0006691403388980888
2019-09-16,4.0792999267578125,4.082418766975403,-0.0031188402175903462
2019-09-17,4.076000213623047,4.089205558776856,-0.013205345153808778
2019-09-18,4.1072998046875,4.105321026802063,0.0019787778854372107
2019-09-19,4.166600227355957,4.150339318275452,0.016260909080505037
2019-09-20,4.1483001708984375,4.150481719017029,-0.002181548118591614
2019-09-23,4.161499977111816,4.155093619346618,0.006406357765198045
2019-09-24,4.161699771881104,4.148048670768738,0.013651101112366781
2019-09-25,4.14709997177124,4.147980791091919,-0.0008808193206784054
2019-09-26,4.1691999435424805,4.161944587707519,0.007255355834961286
2019-09-27,4.157100200653076,4.156478519439697,0.0006216812133787997
2019-09-30,4.154799938201904,4.153791381835937,0.0010085563659671948
2019-10-01,4.154600143432617,4.141180291175842,0.013419852256775222
2019-10-02,4.1244001388549805,4.1135531001091,0.010847038745880333
2019-10-03,4.082900047302246,4.0860082702636715,-0.003108222961425433
2019-10-04,4.054599761962891,4.078077648162842,-0.023477886199951392
2019-10-07,4.105100154876709,4.104331293106079,0.0007688617706298473
2019-10-08,4.09089994430542,4.101163011074066,-0.010263066768645857
2019-10-09,4.10830020904541,4.104113347530365,0.004186861515044882
2019-10-10,4.108399868011475,4.1043371410369875,0.004062726974487063
2019-10-11,4.108500003814697,4.1166485209465025,-0.0081485171318052
2019-10-14,4.123700141906738,4.129185105323791,-0.005484963417052846
2019-10-15,4.178599834442139,4.154785714149475,0.02381412029266361
2019-10-16,4.148600101470947,4.140149004936219,0.008451096534728642
2019-10-17,4.161099910736084,4.14641818523407,0.014681725502014409
2019-10-18,4.111100196838379,4.1238327255249025,-0.012732528686523636
2019-10-21,4.1247639656066895,4.124569447517395,0.00019451808929460412
2019-10-22,4.078400135040283,4.077782475471497,0.000617659568786344
2019-10-23,4.033100128173828,4.049611857891083,-0.016511729717255008
2019-10-24,4.039299964904785,4.041831467628479,-0.002531502723694068
2019-10-25,4.002900123596191,4.016814284801483,-0.013914161205291542
2019-10-28,3.988800048828125,4.000197965145111,-0.01139791631698639
2019-10-29,3.9967000484466553,4.006588750839233,-0.009888702392577997
2019-10-30,3.9862000942230233,4.018461995124817,-0.03226190090179326
2019-10-31,4.015999794006348,4.028208682537079,-0.012208888530730988
2019-11-01,3.989399909973145,4.005146777629852,-0.015746867656706964
2019-11-04,4.010799884796143,4.030490572452545,-0.019690687656402694
2019-11-05,3.992000102996826,4.016330088615417,-0.02432998561859101
2019-11-06,4.082300186157227,4.056827311515808,0.025472874641418564
2019-11-07,4.099500179290772,4.114263696670532,-0.014763517379759783
2019-11-08,4.133399963378906,4.1515236072540285,-0.01812364387512222
2019-11-11,4.151299953460693,4.142380002975464,0.008919950485229755
2019-11-12,4.167900085449219,4.164599472045898,0.0033006134033204404
2019-11-13,4.168600082397461,4.171346801757813,-0.002746719360351868
2019-11-14,4.194300174713135,4.189043342590332,0.0052568321228028125
2019-11-15,4.194799900054932,4.197613172531128,-0.002813272476196005
2019-11-18,4.216400146484375,4.208176496505737,0.008223649978638115
2019-11-19,4.191699981689453,4.1981270303726195,-0.006427048683166348
2019-11-20,4.195000171661377,4.194746339797974,0.0002538318634028869
2019-11-21,4.191699981689453,4.195454023361206,-0.0037540416717529723
2019-11-22,4.195000171661377,4.195242522239685,-0.00024235057830779283
2019-11-25,4.225399971008301,4.2202996187210084,0.005100352287292331
2019-11-26,4.231800079345703,4.227729476928711,0.004070602416992308
2019-11-27,4.262700080871582,4.244413688659668,0.018286392211914304
2019-11-28,4.188000202178955,4.204152168273926,-0.016151966094970938
2019-11-29,4.236100196838379,4.224521763324738,0.011578433513641073
2019-12-02,4.222300052642822,4.2133100438117985,0.008990008831023744
2019-12-03,4.203999996185303,4.1839726090431215,0.02002738714218122
2019-12-04,4.206099987030029,4.197011771202088,0.009088215827941504
2019-12-05,4.184599876403809,4.186683921813965,-0.0020840454101564987
2019-12-06,4.118899822235107,4.119190144538879,-0.000290322303771795
2019-12-09,4.14109992980957,4.134205663681031,0.006894266128539606
2019-12-10,4.144599914550781,4.1328600969314575,0.011739817619323745
2019-12-11,4.123700141906738,4.142686375617981,-0.018986233711242306
2019-12-12,4.087247848510742,4.091190509796142,-0.003942661285400106
2019-12-13,4.0858001708984375,4.080262365341187,0.005537805557250586
2019-12-16,4.0619001388549805,4.067996209144592,-0.006096070289611788
2019-12-17,4.070199966430664,4.06836833190918,0.001831634521484382
2019-12-18,4.059662818908691,4.063396200180054,-0.003733381271362468
2019-12-19,4.06879997253418,4.065300854682922,0.0034991178512573384
2019-12-20,4.079899787902832,4.077688809394837,0.0022109785079953426
2019-12-23,4.081999778747559,4.077746272087097,0.004253506660461426
2019-12-24,4.082799911499023,4.06788090801239,0.014919003486633109
2019-12-25,4.083000183105469,4.0643948020935055,0.018605381011963296
2019-12-26,4.054699897766113,4.046143786430359,0.008556111335754402
2019-12-27,4.022299766540527,4.033927416801452,-0.011627650260924938
2019-12-30,4.015710830688477,4.035625801086426,-0.01991497039794954
2019-12-31,4.016786098480225,4.037790965080261,-0.021004866600036642
2020-01-01,4.016300201416016,4.028685290336609,-0.012385088920593645
2020-01-02,4.023399829864502,4.02893017578125,-0.005530345916747947
2020-01-03,4.057000160217285,4.054206592559814,0.0027935676574708523
2020-01-06,4.060400009155273,4.055271511077881,0.005128498077392685
2020-01-07,4.066199779510498,4.061070771217346,0.005129008293152104
2020-01-08,4.06279993057251,4.06592617225647,-0.0031262416839599183
2020-01-09,4.092100143432617,4.0827652378082275,0.009334905624389656
2020-01-10,4.070499897003174,4.0871364116668705,-0.016636514663696644
2020-01-13,4.1458001136779785,4.1598470506668095,-0.014046936988830971
2020-01-14,4.13129997253418,4.1460689907073975,-0.014769018173217852
2020-01-15,4.174200057983398,4.1753092308044435,-0.0011091728210450569
2020-01-16,4.183599948883057,4.184933349609375,-0.001333400726318601
2020-01-17,4.161600112915039,4.169567260742188,-0.00796714782714858
2020-01-20,4.188499927520752,4.181466575622559,0.0070333518981930965
2020-01-21,4.210899829864502,4.1984834957122805,0.012416334152221431
2020-01-22,4.181300163269043,4.177907104492188,0.003393058776855362
2020-01-23,4.169099807739258,4.174047691345215,-0.004947883605956882
2020-01-24,4.1595001220703125,4.169060078620911,-0.009559956550598159
2020-01-27,4.206099987030029,4.21586096906662,-0.009760982036590704
2020-01-28,4.193399906158447,4.2041215295791625,-0.010721623420715254
2020-01-29,4.228899955749512,4.222980550289154,0.0059194054603572965
2020-01-30,4.242199897766113,4.240972713947296,0.0012271838188171458
2020-01-31,4.282599925994873,4.261134132862091,0.02146579313278174
2020-02-03,4.246799945831299,4.249748050689697,-0.0029481048583983593
2020-02-04,4.253699779510498,4.250493347167969,0.003206432342529375
2020-02-05,4.23360013961792,4.23974910068512,-0.006148961067199643
2020-02-06,4.280799865722656,4.302686673164367,-0.02188680744171112
2020-02-07,4.320400238037109,4.32521240234375,-0.004812164306640554
2020-02-10,4.320974826812744,4.33061279296875,-0.00963796615600554
2020-02-11,4.327530860900879,4.324548964500427,0.0029818964004517667
2020-02-12,4.354499816894531,4.34301026725769,0.011489549636841012
2020-02-13,4.346766948699951,4.342753896713257,0.004013051986694549
2020-02-14,4.296999931335449,4.317439914703369,-0.020439983367920078
2020-02-17,4.326499938964844,4.332826249122619,-0.0063263101577755165
2020-02-18,4.354800224304199,4.342827725410461,0.01197249889373797
2020-02-19,4.363999843597412,4.357903118133545,0.006096725463867081
2020-02-20,4.392300128936768,4.3433574733734135,0.04894265556335409
2020-02-21,4.389800071716309,4.366449220657349,0.023350851058959954
2020-02-24,4.386600017547607,4.372215715408325,0.014384302139282212
2020-02-25,4.386799812316895,4.400664761543274,-0.013864949226378265
2020-02-26,4.449100017547607,4.431847405433655,0.01725261211395246
2020-02-27,4.484799861907959,4.545107497215271,-0.060307635307312424
2020-02-28,4.441299915313721,4.5276345152854915,-0.08633459997177084
2020-03-02,4.472400188446045,4.498430564880371,-0.02603037643432593
2020-03-03,4.513199806213379,4.526984081745148,-0.013784275531769197
2020-03-04,4.583399772644043,4.531142286300659,0.05225748634338423
2020-03-05,4.606200218200684,4.568665085315704,0.03753513288497956
2020-03-06,4.589799880981445,4.582749920368195,0.007049960613250583
2020-03-09,4.722899913787842,4.756372349739075,-0.03347243595123306
2020-03-10,4.642099857330322,4.674988075256348,-0.032888217926025476
2020-03-11,4.813799858093262,4.794486099243164,0.019313758850097784
2020-03-12,4.790200233459473,4.848852255821228,-0.058652022361755485
2020-03-13,4.85260009765625,4.830431050300598,0.022169047355651728
2020-03-16,4.999000072479248,4.99918714427948,-0.00018707180023191938
2020-03-17,5.009699821472168,4.9964352931976315,0.013264528274536502
2020-03-18,5.103961944580078,5.091899522781372,0.012062421798706424
2020-03-19,5.094200134277344,5.09204871749878,0.002151416778564119
2020-03-20,5.045499801635742,5.075012310028076,-0.02951250839233399
2020-03-23,5.14169979095459,5.113819699287415,0.027880091667174867
2020-03-24,5.098100185394287,5.091860144615174,0.006240040779113443
2020-03-25,5.033699989318848,5.051292551994324,-0.017592562675476486
2020-03-26,5.022600173950195,5.062344586372375,-0.03974441242217974
2020-03-27,5.104629039764404,5.105236373901367,-0.0006073341369630114
2020-03-30,5.192699909210205,5.170667892456055,0.02203201675415034
2020-03-31,5.203499794006348,5.177256539344787,0.0262432546615603
2020-04-01,5.248199939727783,5.24726282787323,0.000937111854553585
2020-04-02,5.255300045013428,5.2506889753341675,0.004611069679260282
2020-04-03,5.348499774932861,5.311447295188904,0.037052479743957534
2020-04-06,5.285299777984619,5.265344477653503,0.01995530033111592
2020-04-07,5.221700191497803,5.207602323532105,0.014097867965698008
2020-04-08,5.123499870300293,5.149124150276184,-0.025624279975891007
2020-04-09,5.105800151824951,5.133652758598328,-0.027852606773376642
2020-04-10,5.105500221252441,5.13258496761322,-0.027084746360778844
2020-04-13,5.198500156402588,5.177195518493653,0.02130463790893522
2020-04-14,5.162000179290772,5.23310611152649,-0.07110593223571726
2020-04-15,5.236999988555908,5.2250813922882084,0.011918596267699755
2020-04-16,5.230899810791016,5.250037892341614,-0.01913808155059815
2020-04-17,5.232699871063232,5.336379343032837,-0.10367947196960436
2020-04-20,5.315400123596191,5.369577461242676,-0.05417733764648425
2020-04-21,5.315000057220459,5.36087726020813,-0.04587720298767106
2020-04-22,5.456900119781494,5.45548367023468,0.0014164495468138583
2020-04-23,5.533100128173828,5.463662084579468,0.06943804359436001
2020-04-24,5.5725998878479,5.535848503112793,0.03675138473510753
2020-04-27,5.652599811553955,5.545434104919433,0.10716570663452174
2020-04-28,5.497399806976318,5.4786194925308225,0.018780314445495883
2020-04-29,5.334799766540527,5.3965094394683835,-0.06170967292785612
2020-04-30,5.486000061035156,5.422288826942443,0.06371123409271284
2020-05-01,5.477000236511231,5.506937588691711,-0.02993735218047977
2020-05-04,5.540599822998047,5.592491419792175,-0.05189159679412825
2020-05-05,5.578100204467773,5.589823542594909,-0.011723338127135996
2020-05-06,5.715199947357178,5.688895227432251,0.026304719924926445
2020-05-07,5.828719139099121,5.827512600898743,0.0012065382003783043
2020-05-08,5.477000236511231,5.570162656784057,-0.09316242027282584
2020-05-11,5.8171000480651855,5.760050197601318,0.05704985046386746
2020-05-12,5.884799957275391,5.868540290832519,0.016259666442871357
2020-05-13,5.88640022277832,5.8133810577392575,0.0730191650390628
2020-05-14,5.8094000816345215,5.781908044815063,0.02749203681945822
2020-05-15,5.855199813842773,5.857809487342834,-0.002609673500060694
2020-05-18,5.718999862670898,5.683527680397034,0.03547218227386484
2020-05-19,5.755199909210205,5.692849957466126,0.06234995174407931
2020-05-20,5.690499782562256,5.64335302734375,0.04714675521850609
2020-05-21,5.5524001121521,5.553668817520141,-0.0012687053680418003
2020-05-22,5.52869987487793,5.569432281494141,-0.040732406616211136
2020-05-25,5.443399906158447,5.466551915168762,-0.023152009010314778
2020-05-26,5.343999862670898,5.401464686393738,-0.057464823722839675
2020-05-27,5.27269983291626,5.331815517425537,-0.05911568450927707
2020-05-28,5.403600215911865,5.3948808889389035,0.008719326972961738
2020-05-29,5.334799766540527,5.336306493759155,-0.001506727218627546
2020-06-01,5.366499900817871,5.298754745483398,0.06774515533447278
2020-06-02,5.199299812316895,5.1910076360702515,0.008292176246643912
2020-06-03,5.061600208282471,5.112014088630676,-0.05041388034820571
2020-06-04,5.117199897766113,5.13896872997284,-0.02176883220672643
2020-06-05,4.959499835968018,4.978362267494202,-0.018862431526184054
2020-06-08,4.821599960327148,4.907606334686279,-0.08600637435913061
2020-06-09,4.898399829864502,4.937562460899353,-0.03916263103485118
2020-06-10,4.9721999168396,4.9845063037872315,-0.012306386947631864
2020-06-11,4.974999904632568,5.080920533180237,-0.10592062854766837
2020-06-12,5.047800064086914,5.120223116874695,-0.07242305278778094
2020-06-15,5.153206825256348,5.162397796630859,-0.009190971374511747
2020-06-16,5.243599891662598,5.191206360816955,0.052393530845642466
2020-06-17,5.22790002822876,5.17984363937378,0.04805638885498009
2020-06-18,5.377200126647949,5.359355272293091,0.017844854354858164
2020-06-19,5.309999942779541,5.329344968795777,-0.019345026016235778
2020-06-22,5.25190019607544,5.27253192615509,-0.020631730079649913
2020-06-23,5.151000022888184,5.221839416503906,-0.07083939361572256
2020-06-24,5.34660005569458,5.365440826416016,-0.018840770721435973
2020-06-25,5.359499931335449,5.35638676738739,0.003113163948059494
2020-06-26,5.480899810791016,5.30455064868927,0.17634916210174545
2020-06-29,5.402100086212158,5.3686970529556275,0.03340303325653071
2020-06-30,5.461699962615967,5.404816002845764,0.056883959770202885
2020-07-01,5.316199779510498,5.335683283805847,-0.01948350429534873
2020-07-02,5.35890007019043,5.347575017929077,0.01132505226135283
2020-07-03,5.311399936676025,5.331462776184082,-0.020062839508056207
2020-07-06,5.354300022125244,5.352331610679626,0.001968411445617768
2020-07-07,5.377799987792969,5.362221792221069,0.015578195571899656
2020-07-08,5.342599868774414,5.3387551040649415,0.0038447647094725923
2020-07-09,5.337800025939941,5.351910432815552,-0.01411040687561016
2020-07-10,5.326900005340576,5.338755984306335,-0.011855978965758851
2020-07-13,5.401500225067139,5.378393524169922,0.023106700897217003
2020-07-14,5.366799831390381,5.355016187667847,0.011783643722534265
2020-07-15,5.366948127746582,5.31781066608429,0.04913746166229238
2020-07-16,5.330699920654297,5.337476560592651,-0.006776639938354201
2020-07-17,5.385300159454346,5.3399113845825195,0.04538877487182624
2020-07-20,5.327700138092041,5.274007919311523,0.053692218780518
2020-07-21,5.1697998046875,5.1759896659851075,-0.006189861297607457
2020-07-22,5.118100166320801,5.166517065048218,-0.04841689872741739
2020-07-23,5.210599899291992,5.249144824981689,-0.03854492568969725
2020-07-24,5.229100227355957,5.247679417610168,-0.018579190254211397
2020-07-27,5.141421794891357,5.156770063400269,-0.015348268508911467
2020-07-28,5.152299880981445,5.188027903556824,-0.03572802257537866
2020-07-29,5.168799877166748,5.182865377426148,-0.014065500259399677
2020-07-30,5.153900146484375,5.2022929849624635,-0.04839283847808851
2020-07-31,5.221199989318848,5.24973920249939,-0.028539213180541978
2020-08-03,5.318699836730957,5.3231994943618774,-0.004499657630920417
2020-08-04,5.290200233459473,5.329638667106629,-0.039438433647156046
2020-08-05,5.290900230407715,5.32024815750122,-0.029347927093505533
2020-08-06,5.331299781799316,5.363022327423096,-0.0317225456237793
2020-08-07,5.43720006942749,5.410754449844361,0.02644561958312952
2020-08-10,5.480500221252441,5.433549133300781,0.04695108795166014
2020-08-11,5.38040018081665,5.374985737800598,0.005414443016052317
2020-08-12,5.434999942779541,5.459330400466919,-0.024330457687377738
2020-08-13,5.367000102996826,5.4065166835784915,-0.039516580581665295
2020-08-14,5.42080020904541,5.418398651123047,0.0024015579223632955
2020-08-17,5.508299827575684,5.507739089012146,0.000560738563537555
2020-08-18,5.465400218963623,5.478735731124878,-0.01333551216125528
2020-08-19,5.556399822235107,5.5135589179992675,0.04284090423583997
2020-08-20,5.555900096893311,5.541479667663574,0.014420429229737408
2020-08-21,5.618599891662598,5.572581756591797,0.04601813507080088
2020-08-24,5.610599994659424,5.54876920413971,0.061830790519714185
2020-08-25,5.507400035858154,5.511181221008301,-0.003781185150146804
2020-08-26,5.607200145721436,5.583177048683167,0.024023097038269547
2020-08-27,5.568699836730957,5.562121317863465,0.006578518867492278
2020-08-28,5.389999866485596,5.438570719718933,-0.0485708532333371
2020-08-31,5.490900039672852,5.504069993019104,-0.01316995334625215
2020-09-01,5.397299766540527,5.381751818656921,0.015547947883606028
2020-09-02,5.338699817657471,5.340298140525818,-0.0015983228683476014
2020-09-03,5.289899826049805,5.308360188484192,-0.018460362434387534
2020-09-04,5.301000118255615,5.304414057731629,-0.003413939476013539
2020-09-07,5.298299789428711,5.291661870002747,0.006637919425964256
2020-09-08,5.360599994659424,5.340363591194153,0.02023640346527067
2020-09-09,5.308499813079834,5.303021768569947,0.005478044509887425
2020-09-10,5.320499897003174,5.350323694229126,-0.029823797225952298
2020-09-11,5.316199779510498,5.369806266784668,-0.05360648727416972
2020-09-14,5.26830005645752,5.278407013893127,-0.010106957435606745
2020-09-15,5.2743000984191895,5.281477833747863,-0.00717773532867394
2020-09-16,5.236000061035156,5.276423841476441,-0.040423780441284585
2020-09-17,5.237800121307373,5.27074737071991,-0.032947249412536905
2020-09-18,5.389800071716309,5.403404549598694,-0.013604477882385169
2020-09-21,5.412600040435791,5.454516637802124,-0.04191659736633291
2020-09-22,5.469900131225586,5.471550489425659,-0.0016503582000728656
2020-09-23,5.592400074005127,5.525564881324768,0.06683519268035898
2020-09-24,5.508399963378906,5.493899289131164,0.01450067424774204
2020-09-25,5.561100006103516,5.5265580196380615,0.034541986465454144
2020-09-28,5.660200119018555,5.627237051010132,0.032963068008422525
2020-09-29,5.630499839782715,5.605581110954285,0.024918728828430048
2020-09-30,5.608399868011475,5.6099031429290775,-0.001503274917602937
2020-10-01,5.642000198364258,5.644554351806641,-0.002554153442383189
2020-10-02,5.681600093841553,5.692055256843567,-0.01045516300201399
2020-10-05,5.573400020599365,5.596807045936584,-0.023407025337219167
2020-10-06,5.593800067901611,5.611890868186951,-0.01809080028533927
2020-10-07,5.611299991607666,5.609002409934997,0.0022975816726686915
2020-10-08,5.598599910736084,5.5958521366119385,0.002747774124145508
2020-10-09,5.52899980545044,5.560529477119446,-0.031529671669005666
2020-10-12,5.529699802398682,5.5540594959259035,-0.024359693527221893
2020-10-13,5.56850004196167,5.568906190872192,-0.0004061489105220417
2020-10-14,5.590499877929688,5.600532520294189,-0.010032642364500965
2020-10-15,5.611199855804443,5.608578704833985,0.0026211509704587854
2020-10-16,5.644800186157227,5.623956287384034,0.020843898773192926
2020-10-19,5.605599880218506,5.608130133628845,-0.0025302534103390784
2020-10-20,5.6041998863220215,5.601599316596985,0.0026005697250361948
2020-10-21,5.607800006866455,5.606728594779968,0.0010714120864872
2020-10-22,5.591300010681152,5.585546195983887,0.005753814697265547
2020-10-23,5.616199970245361,5.599613988876343,0.01658598136901812
2020-10-26,5.622700214385986,5.611048751831055,0.011651462554931769
2020-10-27,5.7052001953125,5.659359538078308,0.04584065723419162
2020-10-28,5.744900226593018,5.716538128852844,0.02836209774017373
2020-10-29,5.7778000831604,5.72265146446228,0.055148618698120266
2020-10-30,5.741399765014648,5.719846885681152,0.021552879333496477
2020-11-02,5.741099834442139,5.726244111061096,0.014855723381042907
2020-11-03,5.754899978637695,5.720942192077636,0.03395778656005888
2020-11-04,5.663000106811523,5.620048842430115,0.04295126438140873
2020-11-05,5.523399829864502,5.496880475997925,0.026519353866577333
2020-11-06,5.36269998550415,5.4309783477783204,-0.06827836227417006
2020-11-09,5.384699821472168,5.40397742843628,-0.019277606964111627
2020-11-10,5.413899898529053,5.408003684997559,0.005896213531493721
2020-11-11,5.389999866485596,5.389480890274048,0.0005189762115476171
2020-11-12,5.456699848175049,5.444122267723084,0.012577580451964998
2020-11-13,5.456999778747559,5.430238623619079,0.02676115512847943
2020-11-16,5.414899826049805,5.392170079231263,0.022729746818542118
2020-11-17,5.327199935913086,5.342518345832825,-0.015318409919738762
2020-11-18,5.361700057983398,5.368533013343811,-0.006832955360412285
2020-11-19,5.304500102996826,5.338355647087097,-0.033855544090270584
2020-11-20,5.378099918365479,5.3774911432266235,0.0006087751388559326
2020-11-23,5.440599918365479,5.403344751358032,0.03725516700744702
2020-11-24,5.372600078582764,5.359180447578431,0.013419631004333077
2020-11-25,5.3225998878479,5.330649530410766,-0.008049642562865778
2020-11-26,5.335299968719482,5.338970196723938,-0.003670228004455822
2020-11-27,5.34250020980835,5.34662453365326,-0.004124323844910016
2020-11-30,5.331099987030029,5.33429137802124,-0.0031913909912111293
2020-12-01,5.204899787902832,5.214772285461426,-0.009872497558593984
2020-12-02,5.216300010681152,5.192448612213135,0.023851398468017315
2020-12-03,5.151000022888184,5.137177586555481,0.013822436332702637
2020-12-04,5.154399871826172,5.134350171089173,0.0200497007369993
2020-12-07,5.098299980163574,5.116208569526672,-0.017908589363098137
2020-12-08,5.119699954986572,5.128661703109741,-0.008961748123168967
2020-12-09,5.169700145721436,5.152702253341674,0.016997892379762014
2020-12-10,5.024199962615967,5.0562639932632445,-0.0320640306472777
2020-12-11,5.064199924468994,5.066736927032471,-0.0025370025634767757
2020-12-14,5.117700099945068,5.097093835830688,0.020606264114380046
2020-12-15,5.078884124755859,5.094983995437622,-0.016099870681762773
2020-12-16,5.083199977874756,5.104193556785583,-0.020993578910827537
2020-12-17,5.056900024414063,5.101905623435974,-0.045005599021910925
2020-12-18,5.100599765777588,5.109029479026795,-0.008429713249206827
2020-12-21,5.118937969207764,5.111658813476563,0.007279155731200859
2020-12-22,5.1566548347473145,5.140069254875183,0.016585579872131717
2020-12-23,5.2153000831604,5.172535470962524,0.04276461219787642
2020-12-24,5.2153000831604,5.176348157882691,0.03895192527770952
2020-12-25,5.2153000831604,5.208734343528747,0.006565739631652967
2020-12-28,5.2459001541137695,5.226343111991882,0.019557042121887136
2020-12-29,5.208600044250488,5.206403462409973,0.002196581840514966
2020-12-30,5.190838813781738,5.196973465919495,-0.006134652137756547
2020-12-31,5.1921000480651855,5.201475926399231,-0.00937587833404585
2021-01-01,5.19189977645874,5.232795865058899,-0.040896088600158365
2021-01-04,5.295300006866455,5.28709002494812,0.008209981918334996
2021-01-05,5.28410005569458,5.286601288795471,-0.0025012331008911204
2021-01-06,5.312900066375732,5.3151314172744755,-0.0022313508987430453
2021-01-07,5.40880012512207,5.39519569683075,0.01360442829132058
2021-01-08,5.412188053131104,5.3879835929870605,0.02420446014404387
2021-01-11,5.48769998550415,5.435649090766907,0.05205089473724378
2021-01-12,5.321400165557861,5.313448755264282,0.007951410293578931
2021-01-13,5.297500133514404,5.3200895929336545,-0.02258945941925017
2021-01-14,5.195799827575684,5.247701098442078,-0.05190127086639418
2021-01-15,5.291299819946289,5.319397889137268,-0.028098069190979125
2021-01-18,5.2947998046875,5.312114367485046,-0.017314562797546174
2021-01-19,5.3566999435424805,5.346330780029297,0.010369163513183288
2021-01-20,5.290500164031982,5.3144860277175905,-0.023985863685608066
2021-01-21,5.349500179290772,5.3528225765228274,-0.0033223972320550743
2021-01-22,5.465499877929688,5.447670218467713,0.017829659461975567
2021-01-25,5.465499877929688,5.431108243942261,0.034391633987427284
2021-01-26,5.353799819946289,5.38626831817627,-0.03246849822998055
2021-01-27,5.412600040435791,5.404970497131347,0.007629543304443764
2021-01-28,5.437989234924316,5.3942747945785525,0.04371444034576388
2021-01-29,5.4608001708984375,5.426791110992432,0.03400905990600567
2021-02-01,5.430500030517578,5.408822195053101,0.021677835464477546
2021-02-02,5.366899967193604,5.375834254264832,-0.008934287071227232
2021-02-03,5.352000236511231,5.361041180610656,-0.009040944099425019
2021-02-04,5.4257001876831055,5.403559726715088,0.022140460968017805
2021-02-05,5.369200229644775,5.3751151609420775,-0.0059149312973021395
2021-02-08,5.364299774169922,5.36659781742096,-0.0022980432510379956
2021-02-09,5.376699924468994,5.374505507469177,0.0021944169998171503
2021-02-10,5.384900093078613,5.384303980827331,0.0005961122512818662
2021-02-11,5.3653998374938965,5.371286796569824,-0.0058869590759274
2021-02-12,5.368599891662598,5.373643580436706,-0.005043688774108546
2021-02-15,5.368000030517578,5.369293313026429,-0.001293282508850524
2021-02-16,5.369400024414063,5.372976286888123,-0.0035762624740591775
2021-02-17,5.409800052642822,5.4102045440673825,-0.00040449142456022713
2021-02-18,5.42579984664917,5.41046005821228,0.01533978843688999
2021-02-19,5.38070011138916,5.383092596054077,-0.0023924846649165943
2021-02-22,5.463399887084961,5.469243594169617,-0.005843707084656202
2021-02-23,5.439599990844727,5.4453888578414915,-0.005788866996764952
2021-02-24,5.402964115142822,5.4287339277267455,-0.02576981258392319
2021-02-25,5.528025150299072,5.514231645584107,0.013793504714965543
2021-02-26,5.597599983215332,5.547820684432984,0.049779298782348214
2021-03-01,5.640699863433838,5.648074006080628,-0.007374142646789927
2021-03-02,5.675099849700928,5.6810981798172,-0.005998330116272044
2021-03-03,5.617499828338623,5.662887962341308,-0.045388134002685376
2021-03-04,5.668300151824951,5.690003777503967,-0.021703625679015737
2021-03-05,5.689499855041504,5.688700605392456,0.0007992496490478729
2021-03-08,5.874599933624268,5.799892052650452,0.07470788097381575
2021-03-09,5.801499843597412,5.750489121437073,0.051010722160339306
2021-03-10,5.67110013961792,5.665645985603333,0.005454154014587154
2021-03-11,5.534800052642822,5.539806757926941,-0.005006705284118951
2021-03-12,5.495155811309815,5.535264159202575,-0.040108347892759966
2021-03-15,5.614500045776367,5.62029026889801,-0.005790223121643123
2021-03-16,5.6234002113342285,5.631211009025574,-0.007810797691345073
2021-03-17,5.583099842071533,5.61954041671753,-0.03644057464599637
2021-03-18,5.558700084686279,5.567349236488342,-0.008649151802062605
2021-03-19,5.493563175201416,5.5361978931427,-0.04263471794128382
2021-03-22,5.505499839782715,5.535540070533752,-0.030040230751037456
2021-03-23,5.520400047302246,5.563423421859741,-0.04302337455749505
2021-03-24,5.61959981918335,5.63228399181366,-0.012684172630310186
2021-03-25,5.648399829864502,5.61339803314209,0.03500179672241188
2021-03-26,5.752399921417236,5.705131289482117,0.04726863193511921
2021-03-29,5.780799865722656,5.716134442329407,0.0646654233932491
2021-03-30,5.771599769592285,5.720533663749695,0.051066105842590304
2021-03-31,5.63129997253418,5.650138559341431,-0.018838586807251367
2021-04-01,5.707399845123291,5.678659706115723,0.02874013900756811
2021-04-02,5.710599899291992,5.687220150947571,0.02337974834442136
2021-04-05,5.662700176239014,5.636155938148499,0.02654423809051476
2021-04-06,5.593200206756592,5.610486343383789,-0.017286136627197024
2021-04-07,5.612100124359131,5.640974104881287,-0.02887398052215584
2021-04-08,5.566599845886231,5.602685742378235,-0.03608589649200322
2021-04-09,5.679299831390381,5.658113910675048,0.02118592071533243
2021-04-12,5.732200145721436,5.685724471092224,0.046475674629212094
2021-04-13,5.716300010681152,5.645425853729248,0.07087415695190469
2021-04-14,5.652900218963623,5.617488162994385,0.03541205596923813
2021-04-15,5.614999771118164,5.578907677650451,0.036092093467712694
2021-04-16,5.5858001708984375,5.5227527313232425,0.06304743957519499
2021-04-19,5.545300006866455,5.550062587738037,-0.004762580871582323
2021-04-20,5.56790018081665,5.565212005615234,0.0026881752014160654
2021-04-21,5.56790018081665,5.541608336448669,0.026291844367981376
2021-04-22,5.44320011138916,5.510280306816101,-0.0670801954269411
2021-04-23,5.477200031280518,5.479164229393005,-0.001964198112487381
2021-04-26,5.435299873352051,5.454474749565125,-0.01917487621307412
2021-04-27,5.451000213623047,5.46399995803833,-0.012999744415282954
2021-04-28,5.341400146484375,5.402475914001465,-0.06107576751708965
2021-04-29,5.336400032043457,5.367278567314148,-0.030878535270691287
2021-04-30,5.439700126647949,5.473383501052856,-0.033683374404906985
2021-05-03,5.43809986114502,5.389128498077392,0.04897136306762828
2021-05-04,5.442599773406982,5.42117562007904,0.021424153327942008
2021-05-05,5.352700233459473,5.3490997457504275,0.003600487709045197
2021-05-06,5.273430824279785,5.271808033943176,0.001622790336608837
2021-05-07,5.235499858856201,5.238223080635071,-0.0027232217788695223
2021-05-10,5.2221999168396,5.241337371826172,-0.0191374549865726
2021-05-11,5.221199989318848,5.244591058731079,-0.02339106941223168
2021-05-12,5.303100109100342,5.3073969707489015,-0.004296861648559691
2021-05-13,5.307700157165527,5.310107516288757,-0.0024073591232296465
2021-05-14,5.269499778747559,5.266715050697327,0.0027847280502317773
2021-05-17,5.271500110626221,5.276907078742981,-0.0054069681167598915
2021-05-18,5.259500026702881,5.267868217468262,-0.0083681907653812
2021-05-19,5.308000087738037,5.308553882598877,-0.0005537948608402843
2021-05-20,5.281300067901611,5.295700052261353,-0.014399984359741325
2021-05-21,5.361800193786621,5.326335438728332,0.035464755058288944
2021-05-24,5.31850004196167,5.309131311416626,0.00936873054504428
2021-05-25,5.330699920654297,5.313732158660889,0.016967761993408104
2021-05-26,5.310500144958496,5.300272564888001,0.01022758007049518
2021-05-27,5.2382001876831055,5.247541976928711,-0.009341789245605803
2021-05-28,5.23799991607666,5.23328701877594,0.004712897300720442
2021-05-31,5.216599941253662,5.205016452789307,0.011583488464355085
2021-06-01,5.149700164794922,5.1173165378570555,0.03238362693786634
2021-06-02,5.07450008392334,5.079456493377686,-0.004956409454345945
2021-06-03,5.076300144195557,5.0766497259140015,-0.0003495817184449024
2021-06-04,5.044600009918213,5.045907212257386,-0.0013072023391726972
2021-06-07,5.045199871063232,5.0462751426696775,-0.0010752716064450496
2021-06-08,5.034900188446045,5.044244330406189,-0.00934414196014366
2021-06-09,5.061500072479248,5.053328689575196,0.008171382904052393
2021-06-10,5.054500102996826,5.051590455055237,0.0029096479415890997
2021-06-11,5.117000102996826,5.09116147518158,0.025838627815246262
2021-06-14,5.058599948883057,5.061801779747009,-0.0032018308639525372
2021-06-15,5.043799877166748,5.045952735900879,-0.002152858734130625
2021-06-16,5.054299831390381,5.057695524215698,-0.0033956928253173757
2021-06-17,5.007400035858154,5.032587254524231,-0.025187218666077094
2021-06-18,5.0960001945495605,5.065671329498291,0.030328865051269638
2021-06-21,5.0131001472473145,4.98956590461731,0.023534242630004698
2021-06-22,4.957099914550781,4.966024542808532,-0.008924628257751088
2021-06-23,4.965199947357178,4.969997555732727,-0.0047976083755489896
2021-06-24,4.912700176239014,4.94427771282196,-0.031577536582946486
2021-06-25,4.91540002822876,4.938562655448914,-0.023162627220154164
2021-06-28,4.924799919128418,4.940898970603943,-0.016099051475524817
2021-06-29,4.955100059509277,4.94873042678833,0.006369632720947038
2021-06-30,4.969200134277344,4.983268617630005,-0.014068483352660976
2021-07-01,5.045102119445801,5.093958239555359,-0.04885612010955853
2021-07-02,5.059199810028076,5.089251052856445,-0.03005124282836924
2021-07-05,5.088459014892578,5.1130806312561035,-0.024621616363525334
2021-07-06,5.195300102233887,5.192932233810425,0.0023678684234615943
2021-07-07,5.231200218200684,5.184871043205261,0.04632917499542266
2021-07-08,5.257999897003174,5.217581205368042,0.04041869163513212
2021-07-09,5.257900238037109,5.207857360839844,0.05004287719726541
2021-07-12,5.172699928283691,5.146970380783081,0.025729547500610295
2021-07-13,5.162399768829346,5.141790108680725,0.020609660148620534
2021-07-14,5.069900035858154,5.099178945541381,-0.029278909683227106
2021-07-15,5.110000133514404,5.1281996231079106,-0.018199489593506257
2021-07-16,5.1153998374938965,5.141692893981934,-0.02629305648803726
2021-07-19,5.250899791717529,5.232055590629578,0.018844201087951262
2021-07-20,5.219900131225586,5.219737068176269,0.00016306304931656967
2021-07-21,5.187300205230713,5.1781253490448,0.009174856185913072
2021-07-22,5.1996002197265625,5.187727746963501,0.011872472763061914
2021-07-23,5.19789981842041,5.190747778892517,0.00715203952789345
2021-07-26,5.1753997802734375,5.164885773658752,0.010514006614685378
2021-07-27,5.169099807739258,5.178328062057495,-0.009228254318236928
2021-07-28,5.114799976348877,5.140823177337646,-0.02602320098876909
2021-07-29,5.080399990081787,5.1203231515884395,-0.03992316150665243
2021-07-30,5.208700180053711,5.195495134353638,0.013205045700073192
2021-08-02,5.174600124359131,5.183310710906983,-0.00871058654785184
2021-08-03,5.196800231933594,5.197455775260925,-0.0006555433273316424
2021-08-04,5.1682000160217285,5.190423831939698,-0.02222381591796907
2021-08-05,5.245200157165527,5.233480332374572,0.011719824790954902
2021-08-06,5.23199987411499,5.221819758415222,0.010180115699768066
2021-08-09,5.231800079345703,5.239033448219299,-0.007233368873595936
2021-08-10,5.188300132751465,5.202686281204223,-0.01438614845275854
2021-08-11,5.218200206756592,5.215038558959961,0.003161647796630973
2021-08-12,5.252200126647949,5.244018074989319,0.008182051658629952
2021-08-13,5.247499942779541,5.239166575431824,0.008333367347717058
2021-08-16,5.259699821472168,5.253163666725158,0.006536154747009526
2021-08-17,5.294300079345703,5.295745045661926,-0.0014449663162228177
2021-08-18,5.378600120544434,5.368676199913025,0.009923920631409011
2021-08-19,5.414100170135498,5.390408905982971,0.02369126415252687
2021-08-20,5.379000186920166,5.369001853942871,0.009998332977295021
2021-08-23,5.379899978637695,5.363832278251648,0.016067700386047434
2021-08-24,5.245800018310547,5.243810628890992,0.0019893894195552875
2021-08-25,5.210999965667725,5.213656350135803,-0.0026563844680786985
2021-08-26,5.251599788665772,5.251020447731018,0.0005793409347543133
2021-08-27,5.2027997970581055,5.204314273834228,-0.0015144767761228195
2021-08-30,5.182899951934815,5.183837286949157,-0.0009373350143420112
2021-08-31,5.1493000984191895,5.175418028831482,-0.026117930412292267
2021-09-01,5.184599876403809,5.179947609901428,0.0046522665023802645
2021-09-02,5.18179988861084,5.185028496742248,-0.0032286081314083503
2021-09-03,5.189799785614014,5.185451852798462,0.004347932815552014
2021-09-06,5.169300079345703,5.173453615188599,-0.004153535842895906
2021-09-07,5.169600009918213,5.1753877801895145,-0.005787770271301618
2021-09-08,5.3206000328063965,5.297711565971374,0.022888466835022214
2021-09-09,5.196499824523926,5.197454304695129,-0.0009544801712033646
2021-09-10,5.247000217437744,5.258969942092896,-0.011969724655151559
2021-09-13,5.213200092315674,5.215179286003113,-0.0019791936874389293
2021-09-14,5.238900184631348,5.231710540771484,0.007189643859863537
2021-09-15,5.221700191497803,5.214227524757385,0.007472666740417466
2021-09-16,5.256800174713135,5.26621172618866,-0.00941155147552486
2021-09-17,5.289700031280518,5.295858853340149,-0.006158822059631142
2021-09-20,5.323200225830078,5.33697371006012,-0.013773484230041433
2021-09-21,5.268899917602539,5.300818212509156,-0.03191829490661657
2021-09-22,5.287700176239014,5.271592335700989,0.01610784053802483
2021-09-23,5.3018999099731445,5.294139570236206,0.007760339736938349
2021-09-24,5.336999893188477,5.322461793899536,0.014538099288940565
2021-09-27,5.390399932861328,5.358246782302857,0.032153150558471566
2021-09-28,5.427599906921387,5.415797165870666,0.011802741050720655
2021-09-29,5.414299964904785,5.398502515792846,0.01579744911193881
2021-09-30,5.441699981689453,5.388649627685547,0.05305035400390601
2021-10-01,5.367899894714356,5.4461504106521605,-0.07825051593780419
2021-10-04,5.453199863433838,5.467158521652221,-0.01395865821838349
2021-10-05,5.475500106811523,5.4816068162918095,-0.006106709480286021
2021-10-06,5.491899967193604,5.498100782394409,-0.006200815200804399
2021-10-07,5.517000198364258,5.509502116203308,0.007498082160950048
2021-10-08,5.506899833679199,5.509777289390564,-0.0028774557113644406
2021-10-11,5.535999774932861,5.527650409698486,0.008349365234375128
2021-10-12,5.531499862670898,5.51695447063446,0.01454539203643801
2021-10-13,5.512499809265137,5.513299228668213,-0.0007994194030764845
2021-10-14,5.512199878692627,5.507900485992431,0.004299392700195526
2021-10-15,5.458399772644043,5.483904269218445,-0.02550449657440179
2021-10-18,5.511300086975098,5.524320643424987,-0.013020556449889753
2021-10-19,5.5833001136779785,5.5838604888916015,-0.0005603752136229545
2021-10-20,5.59630012512207,5.591223484992981,0.005076640129089149
2021-10-21,5.657800197601318,5.6064866943359375,0.051313503265380866
2021-10-22,5.649199962615967,5.62696017074585,0.02223979187011693
2021-10-25,5.554399967193604,5.56877557849884,-0.014375611305236013
2021-10-26,5.564799785614014,5.573420065879822,-0.008620280265808411
2021-10-27,5.534999847412109,5.563171908378601,-0.02817206096649194
2021-10-28,5.644899845123291,5.630901073455811,0.013998771667480092
2021-10-29,5.633699893951416,5.630924187660217,0.0027757062911986097
2021-11-01,5.678899765014648,5.649559638977051,0.029340126037597614
2021-11-02,5.678599834442139,5.650118469238281,0.028481365203857578
2021-11-03,5.5524001121521,5.528993242263794,0.02340686988830587
2021-11-04,5.6016998291015625,5.582441098213196,0.019258730888366493
2021-11-05,5.541100025177002,5.531046610832214,0.010053414344787903
2021-11-08,5.543099880218506,5.535538922309875,0.007560957908630428
2021-11-09,5.479100227355957,5.533306288719177,-0.05420606136322004
2021-11-10,5.4899001121521,5.4976254615783695,-0.007725349426269901
2021-11-11,5.3979997634887695,5.439405291557312,-0.04140552806854281
2021-11-12,5.457600116729736,5.471089276313782,-0.013489159584045396
2021-11-15,5.456299781799316,5.4836114940643315,-0.027311712265015053
2021-11-16,5.502200126647949,5.524675857543945,-0.022475730895996193
2021-11-17,5.52869987487793,5.552986709594727,-0.024286834716797046
2021-11-18,5.556399822235107,5.564242666244507,-0.007842844009399386
2021-11-19,5.611599922180176,5.594104924201965,0.017494997978210414
2021-11-22,5.585599899291992,5.582987528800964,0.0026123704910281376
2021-11-23,5.570400238037109,5.571475111961365,-0.0010748739242556482
2021-11-24,5.605199813842773,5.585535289764405,0.019664524078368828
2021-11-25,5.565100193023682,5.5710827884674075,-0.005982595443725813
2021-11-26,5.607800006866455,5.611635681152344,-0.0038356742858889348
2021-11-29,5.6006999015808105,5.599696504592895,0.0010033969879152949
2021-11-30,5.620871067047119,5.617308294296264,0.0035627727508549256
2021-12-01,5.6915669441223145,5.680388829231262,0.01117811489105236
2021-12-02,5.643321990966797,5.660737720489502,-0.017415729522705092
2021-12-03,5.65009880065918,5.665839587211609,-0.015740786552429498
2021-12-06,5.688000202178955,5.679326072692871,0.008674129486084148
2021-12-07,5.611800193786621,5.612179530143738,-0.000379336357116955
2021-12-08,5.531599998474121,5.573128955841065,-0.04152895736694351
2021-12-09,5.571100234985352,5.613184555053711,-0.04208432006835938
2021-12-10,5.60866117477417,5.621952550888062,-0.01329137611389175
2021-12-13,5.679699897766113,5.666599458694458,0.013100439071655146
2021-12-14,5.680600166320801,5.684405939102173,-0.003805772781372063
2021-12-15,5.679399967193604,5.660071352005005,0.019328615188599407
2021-12-16,5.687399864196777,5.648795157432557,0.038604706764220786
2021-12-17,5.693059921264648,5.690356026649475,0.0027038946151733967
2021-12-20,5.741300106048584,5.716083688735962,0.02521641731262214
2021-12-21,5.74399995803833,5.709113304138183,0.03488665390014667
2021-12-22,5.652999877929688,5.65574170589447,-0.002741827964781507
2021-12-23,5.671795845031738,5.6623772315979,0.009418613433838097
2021-12-24,5.67110013961792,5.655301998138428,0.015798141479492323
2021-12-27,5.624100208282471,5.62600968170166,-0.0019094734191895668
2021-12-28,5.627500057220459,5.625627486228943,0.0018725709915159428
2021-12-29,5.702700138092041,5.655962872505188,0.046737265586853205
2021-12-30,5.570199966430664,5.5896737670898435,-0.019473800659179474
2021-12-31,5.569300174713135,5.601388526916504,-0.032088352203369475
2022-01-03,5.68120002746582,5.661226088523865,0.019973938941955538
2022-01-04,5.676199913024902,5.670190137863159,0.0060097751617433914
2022-01-05,5.705635070800781,5.691185292243958,0.01444977855682339
2022-01-06,5.682400226593018,5.671291427612305,0.01110879898071282
2022-01-07,5.632199764251709,5.640449012756347,-0.008249248504638373
2022-01-10,5.662199974060059,5.6579244470596315,0.004275527000427104
2022-01-11,5.567299842834473,5.588116048812866,-0.0208162059783934
2022-01-12,5.533199787139893,5.543528727531433,-0.010328940391540087
2022-01-13,5.526700019836426,5.534603566169738,-0.007903546333312583
2022-01-14,5.533299922943115,5.5301629152297975,0.0031370077133177077
2022-01-17,5.5157999992370605,5.521237364768982,-0.005437365531921756
2022-01-18,5.565700054168701,5.535907599449158,0.029792454719543393
2022-01-19,5.43720006942749,5.44727861404419,-0.010078544616699325
2022-01-20,5.418099880218506,5.422615820884705,-0.004515940666198759
2022-01-21,5.457099914550781,5.4483579177856445,0.008741996765136761
2022-01-24,5.486100196838379,5.479145915031433,0.006954281806946128
2022-01-25,5.440703868865967,5.438651908874512,0.0020519599914550213
2022-01-26,5.429166793823242,5.403075090408326,0.026091703414916623
2022-01-27,5.40348482131958,5.367996375083924,0.03548844623565639
2022-01-28,5.362599849700928,5.3764309940338135,-0.013831144332885792
2022-01-31,5.303100109100342,5.3244416103363035,-0.02134150123596168
2022-02-01,5.264500141143799,5.26205091381073,0.0024492273330691816
2022-02-02,5.260900020599365,5.262368809700012,-0.0014687891006470721
2022-02-03,5.282899856567383,5.269633436203003,0.013266420364379528
2022-02-04,5.326900005340576,5.300343147277832,0.02655685806274377
2022-02-07,5.262599945068359,5.265224408149719,-0.0026244630813598846
2022-02-08,5.258399963378906,5.266059977531433,-0.007660014152526706
2022-02-09,5.234499931335449,5.248619558334351,-0.01411962699890168
2022-02-10,5.248700141906738,5.2589687852859495,-0.010268643379211184
2022-02-11,5.249956130981445,5.239405400276184,0.010550730705261024
2022-02-14,5.214000225067139,5.214758532524109,-0.0007583074569703641
2022-02-15,5.157899856567383,5.180373293876648,-0.022473437309264988
2022-02-16,5.135799884796143,5.158073731422425,-0.02227384662628218
2022-02-17,5.170599937438965,5.174286856651306,-0.003686919212340989
2022-02-18,5.137499809265137,5.144584712028504,-0.00708490276336704
2022-02-21,5.102700233459473,5.124027443885804,-0.0213272104263309
2022-02-22,5.05709981918335,5.077273159980774,-0.02017334079742472
2022-02-23,5.008699893951416,5.052410662651062,-0.043710768699646074
2022-02-24,5.122200012207031,5.132367884635925,-0.01016787242889361
2022-02-25,5.15939998626709,5.168603170394897,-0.009203184127807518
2022-02-28,5.158400058746338,5.164454043388367,-0.006053984642028887
2022-03-01,5.158999919891357,5.111127838134766,0.04787208175659163
2022-03-02,5.096502780914307,5.063443397521973,0.03305938339233361
2022-03-03,5.030900001525879,5.037497035026551,-0.006597033500671756
2022-03-04,5.06056022644043,5.053569249153137,0.006990977287292921
2022-03-07,5.110499858856201,5.068632584571838,0.0418672742843631
2022-03-08,5.058800220489502,5.048309397697449,0.010490822792053045
2022-03-09,5.011499881744385,5.027262511253357,-0.01576262950897256
2022-03-10,5.009699821472168,5.040174409866333,-0.03047458839416528
2022-03-11,5.073500156402588,5.069232335090637,0.00426782131195047
2022-03-14,5.121399879455566,5.104608828544617,0.01679105091094968
2022-03-15,5.1631999015808105,5.131925465583802,0.031274435997008965
2022-03-16,5.073874950408936,5.077319314956665,-0.0034443645477288953
2022-03-17,5.039400100708008,5.02012922000885,0.019270880699157722
2022-03-18,5.0177998542785645,4.992751997947693,0.02504785633087181
2022-03-21,4.935200214385986,4.923145752906799,0.012054461479187317
2022-03-22,4.909999847412109,4.891869132041931,0.018130715370178407
2022-03-23,4.82420015335083,4.836336284637452,-0.012136131286621499
2022-03-24,4.826300144195557,4.809893350601197,0.016406793594359925
2022-03-25,4.7368998527526855,4.763912791252136,-0.027012938499450634
2022-03-28,4.764100074768066,4.772053840637207,-0.007953765869140206
2022-03-29,4.756199836730957,4.758840909004212,-0.0026410722732546077
2022-03-30,4.769700050354004,4.760891217231751,0.008808833122253112
2022-03-31,4.737800121307373,4.76068886756897,-0.022888746261596538
2022-04-01,4.657199859619141,4.658937730789185,-0.0017378711700439808
2022-04-04,4.593800067901611,4.616831634521485,-0.023031566619873267
2022-04-05,4.650700092315674,4.6619850454330445,-0.011284953117370655
2022-04-06,4.715199947357178,4.713900390625,0.0012995567321780754
2022-04-07,4.752099990844727,4.728683804512024,0.02341618633270226
2022-04-08,4.698100090026856,4.695214042663574,0.0028860473632823513
2022-04-11,4.693600177764893,4.7037391138076785,-0.010138936042785929
2022-04-12,4.673099994659424,4.678780824661255,-0.005680830001830728
2022-04-13,4.690199851989746,4.683427749633789,0.006772102355957266
2022-04-14,4.701000213623047,4.693836755752564,0.007163457870483114
2022-04-15,4.7006001472473145,4.689960892677307,0.01063925457000714
2022-04-18,4.651999950408936,4.6717506065368655,-0.019750656127929034
2022-04-19,4.664999961853027,4.666949376106262,-0.0019494142532350267
2022-04-20,4.620800018310547,4.649003806114197,-0.028203787803650293
2022-04-21,4.620800018310547,4.669768214225769,-0.04896819591522217
2022-04-22,4.795199871063232,4.847816633224487,-0.05261676216125455
2022-04-25,4.876200199127197,4.900309916496277,-0.024109717369079853
2022-04-26,4.997799873352051,4.9860330038070675,0.011766869544983294
2022-04-27,4.963600158691406,4.960935133934021,0.0026650247573849484
2022-04-28,4.93779993057251,4.927592729568482,0.010207201004027944
2022-04-29,4.97130012512207,4.968941819190979,0.002358305931091209
2022-05-02,5.084700107574463,5.04426438999176,0.040435717582703035
2022-05-03,4.958099842071533,4.999659466743469,-0.04155962467193586
2022-05-04,4.918799877166748,4.952925499916077,-0.034125622749328954
2022-05-05,5.027999877929688,5.030882675170899,-0.002882797241210433
2022-05-06,5.080399990081787,5.052770685195923,0.027629304885864236
2022-05-09,5.160900115966797,5.147089719772339,0.013810396194458008
2022-05-10,5.13129997253418,5.135001698493958,-0.003701725959778024
2022-05-11,5.134252071380615,5.127165341377259,0.007086730003356578
2022-05-12,5.133399963378906,5.101299708366394,0.032100255012512235
2022-05-13,5.058300018310547,5.017837706565857,0.04046231174469028
2022-05-16,5.059700012207031,4.994400171279907,0.06529984092712393
2022-05-17,4.93809986114502,4.920222534179688,0.017877326965332507
2022-05-18,4.96750020980835,5.011111174583435,-0.04361096477508575
2022-05-19,4.929999828338623,4.965962118148804,-0.03596228981018079
2022-05-20,4.880199909210205,4.9155601224899295,-0.035360213279724384
2022-05-23,4.813499927520752,4.822086687088013,-0.008586759567260849
2022-05-24,4.817800045013428,4.8444693775177,-0.02666933250427217
2022-05-25,4.822800159454346,4.825642997741699,-0.002842838287353544
2022-05-26,4.768199920654297,4.797366358757019,-0.029166438102722125
2022-05-27,4.729599952697754,4.751643094062805,-0.022043141365051255
2022-05-30,4.752399921417236,4.75845433139801,-0.006054409980773556
2022-05-31,4.730400085449219,4.749879033088684,-0.019478947639465005
2022-06-01,4.815499782562256,4.804311874389648,0.011187908172607841
2022-06-02,4.795700073242188,4.804384252548218,-0.008684179306029272
2022-06-03,4.775000095367432,4.787052345275879,-0.012052249908447443
2022-06-06,4.7941999435424805,4.810852086067199,-0.016652142524718805
2022-06-07,4.867526054382324,4.846702730178833,0.020823324203491644
2022-06-08,4.898099899291992,4.881986211776733,0.016113687515258768
2022-06-09,4.903299808502197,4.945317293167114,-0.042017484664916616
2022-06-10,4.984000205993652,5.012280523300171,-0.028280317306518477
2022-06-13,5.113399982452393,5.092463891029358,0.02093609142303432
2022-06-14,5.116099834442139,5.102452599525452,0.013647234916686735
2022-06-15,5.052000045776367,5.071190107345581,-0.019190061569213768
2022-06-16,5.052199840545654,5.095642497062683,-0.043442656517028944
2022-06-17,5.152100086212158,5.167675862312317,-0.015575776100158478
2022-06-20,5.18720006942749,5.174265449523926,0.012934619903564482
2022-06-21,5.122799873352051,5.14281934928894,-0.020019475936889464
2022-06-22,5.193600177764893,5.193635543823242,-3.536605834941753e-05
2022-06-23,5.23799991607666,5.245081922531128,-0.00708200645446766
2022-06-24,5.241399765014648,5.242970465660095,-0.001570700645446621
2022-06-27,5.236800193786621,5.224152132987976,0.012648060798644778
2022-06-28,5.266600131988525,5.206928119659424,0.05967201232910124
2022-06-29,5.180900096893311,5.18733147907257,-0.006431382179258982
2022-06-30,5.251999855041504,5.243839294433593,0.008160560607910483
2022-07-01,5.330999851226807,5.34251630115509,-0.011516449928283379
2022-07-04,5.3282999992370605,5.358583003997802,-0.03028300476074186
2022-07-05,5.385200023651123,5.399896425247192,-0.014696401596069109
2022-07-06,5.427999973297119,5.407446041107177,0.020553932189941726
2022-07-07,5.338200092315674,5.322104490280151,0.016095602035522738
2022-07-08,5.254000186920166,5.287499124526978,-0.03349893760681155
2022-07-11,5.377200126647949,5.383396446228027,-0.006196319580078047
2022-07-12,5.436500072479248,5.421537662506103,0.014962409973144908
2022-07-13,5.390900135040283,5.403134902954101,-0.012234767913818168
2022-07-14,5.422800064086914,5.4172750663757325,0.005524997711181534
2022-07-15,5.410099983215332,5.412436002731323,-0.002336019515991161
2022-07-18,5.436800003051758,5.418566217422486,0.018233785629272248
2022-07-19,5.413099765777588,5.410042281150818,0.003057484626769913
2022-07-20,5.470200061798096,5.451846806526184,0.01835325527191145
2022-07-21,5.497799873352051,5.445378500938416,0.05242137241363487
2022-07-22,5.496699810028076,5.469816062927246,0.026883747100829858
2022-07-25,5.356299877166748,5.351282929420472,0.005016947746276479
2022-07-26,5.350100040435791,5.358162609100342,-0.008062568664550795
2022-07-27,5.243000030517578,5.270425424575806,-0.02742539405822786
2022-07-28,5.182700157165527,5.211980960845947,-0.029280803680419965
2022-07-29,5.171199798583984,5.156020280838013,0.01517951774597126
2022-08-01,5.184000015258789,5.1924247522354126,-0.008424736976623493
2022-08-02,5.277699947357178,5.237176218032837,0.040523729324340785
2022-08-03,5.282700061798096,5.24818862915039,0.0345114326477054
2022-08-04,5.211100101470947,5.202213648796081,0.008886452674865986
2022-08-05,5.164599895477295,5.171937149047851,-0.007337253570556257
2022-08-08,5.110099792480469,5.12378164768219,-0.01368185520172105
2022-08-09,5.123700141906738,5.128473874092102,-0.004773732185364032
2022-08-10,5.093699932098389,5.111769728660583,-0.01806979656219454
2022-08-11,5.1570000648498535,5.142852206230163,0.014147858619690368
2022-08-12,5.074900150299072,5.090987092971802,-0.016086942672729698
2022-08-15,5.095600128173828,5.114028637886047,-0.01842850971221921
2022-08-16,5.1417388916015625,5.133447686195374,0.008291205406188773
2022-08-17,5.164999961853027,5.154098165512085,0.010901796340942127
2022-08-18,5.166999816894531,5.154176811218262,0.012823005676269261
2022-08-19,5.168399810791016,5.14917511177063,0.019224699020385927
2022-08-22,5.156099796295166,5.144094100952149,0.012005695343017209
2022-08-23,5.103499889373779,5.106551077842712,-0.0030511884689330415
2022-08-24,5.110099792480469,5.111474843025207,-0.0013750505447385208
2022-08-25,5.108699798583984,5.11304310131073,-0.004343302726745435
2022-08-26,5.0625,5.0761374073028565,-0.013637407302856452
2022-08-29,5.027200222015381,5.0680646934509275,-0.04086447143554661
2022-08-30,5.1219000816345215,5.155510078430176,-0.03360999679565424
2022-08-31,5.181700229644775,5.210270925521851,-0.02857069587707528
2022-09-01,5.2403998374938965,5.224508546829224,0.015891290664672653
2022-09-02,5.171000003814697,5.1804323625564574,-0.009432358741760183
2022-09-05,5.153900146484375,5.160946312904358,-0.007046166419982569
2022-09-06,5.247200012207031,5.244664109230041,0.002535902976990023
2022-09-07,5.246699810028076,5.244917934417725,0.001781875610351591
2022-09-08,5.2133002281188965,5.217275667190552,-0.003975439071655096
2022-09-09,5.146299839019775,5.131570722579956,0.014729116439819556
2022-09-12,5.0920000076293945,5.109348546028137,-0.01734853839874262
2022-09-13,5.189799785614014,5.187922677993774,0.0018771076202392933
2022-09-14,5.162700176239014,5.180260753631591,-0.01756057739257777
2022-09-15,5.246099948883057,5.248114841461182,-0.002014892578125149
2022-09-16,5.250699996948242,5.255933690071106,-0.005233693122863592
2022-09-19,5.170899868011475,5.175180681228638,-0.004280813217163448
2022-09-20,5.141499996185303,5.155892100334167,-0.014392104148864604
2022-09-21,5.170400142669678,5.176791480064392,-0.006391337394714647
2022-09-22,5.115499973297119,5.138376747131348,-0.022876773834228814
2022-09-23,5.258800029754639,5.240574396133423,0.018225633621216097
2022-09-26,5.389400005340576,5.381980586051941,0.0074194192886354315
2022-09-27,5.378099918365479,5.3809709568023685,-0.002871038436889073
2022-09-28,5.374199867248535,5.338096894264221,0.036102972984314086
2022-09-29,5.396200180053711,5.385837730407715,0.010362449645995753
2022-09-30,5.414299964904785,5.388209748268127,0.026090216636657892
2022-10-03,5.16349983215332,5.192034576416016,-0.028534744262695533
2022-10-04,5.17579984664917,5.1886083078384395,-0.012808461189269593
2022-10-05,5.195199966430664,5.200687759399414,-0.005487792968749794
2022-10-06,5.220099925994873,5.210890523910522,0.009209402084350948
2022-10-07,5.198400020599365,5.203240552902222,-0.004840532302856637
2022-10-10,5.186800003051758,5.208867987632751,-0.02206798458099346
2022-10-11,5.292099952697754,5.287958549499511,0.0041414031982425215
2022-10-12,5.291500091552734,5.295872604370117,-0.004372512817382379
2022-10-13,5.259799957275391,5.267803502082825,-0.00800354480743426
2022-10-14,5.327400207519531,5.318581555366516,0.008818652153014916
2022-10-17,5.277359008789063,5.2761235494613645,0.0012354593276988624
2022-10-18,5.239799976348877,5.238546942710877,0.0012530336380001117
2022-10-19,5.269199848175049,5.24062300491333,0.028576843261718388
2022-10-20,5.216599941253662,5.217816009521484,-0.0012160682678219459
2022-10-21,5.163400173187256,5.190131576538086,-0.026731403350829908
2022-10-24,5.30620002746582,5.2566534042358395,0.049546623229980824
2022-10-25,5.315199851989746,5.307673961639404,0.007525890350342124
2022-10-26,5.383900165557861,5.351763883590698,0.032136281967162894
2022-10-27,5.339200019836426,5.319246933937073,0.01995308589935263
2022-10-28,5.28849983215332,5.300572995185852,-0.012073163032531475
2022-10-31,5.178800106048584,5.207084596633911,-0.028284490585327227
2022-11-01,5.142399787902832,5.143780616760254,-0.0013808288574219674
2022-11-02,5.142600059509277,5.1385067825317385,0.004093276977538807
2022-11-03,5.1149001121521,5.131301343917847,-0.01640123176574715
2022-11-04,5.078132152557373,5.101776401519776,-0.023644248962402692
2022-11-07,5.153326988220215,5.168089197158814,-0.01476220893859903
2022-11-08,5.14300012588501,5.145584371566772,-0.0025842456817626314
2022-11-09,5.185200214385986,5.212930961608887,-0.027730747222900476
2022-11-10,5.341579914093018,5.34308817577362,-0.001508261680602807
2022-11-11,5.279058933258057,5.26982647228241,0.009232460975646894
2022-11-14,5.331200122833252,5.300837934494019,0.03036218833923332
2022-11-15,5.331699848175049,5.306732501983642,0.024967346191406392
2022-11-16,5.39900016784668,5.368808594703674,0.030191573143005357
2022-11-17,5.422100067138672,5.385197118759155,0.03690294837951669
2022-11-18,5.38129997253418,5.374103773117065,0.007196199417114357
2022-11-21,5.318600177764893,5.343145961761475,-0.024545783996582138
2022-11-22,5.357699871063232,5.35410896396637,0.0035909070968624945
2022-11-23,5.35830020904541,5.338672241210937,0.019627967834472848
2022-11-24,5.320000171661377,5.299880691528321,0.0201194801330562
2022-11-25,5.4085001945495605,5.3761886701583865,0.03231152439117402
2022-11-28,5.364699840545654,5.3646865940094,1.3246536254563068e-05
2022-11-29,5.268199920654297,5.283555559158325,-0.01535563850402788
2022-11-30,5.181589126586914,5.1659857263565065,0.015603400230407516
2022-12-01,5.183599948883057,5.19013881111145,-0.006538862228393505
2022-12-02,5.2179999351501465,5.202901811599731,0.015098123550415288
2022-12-05,5.28000020980835,5.264078489303589,0.015921720504760373
2022-12-06,5.234000205993652,5.23355665397644,0.00044355201721213433
2022-12-07,5.203999996185303,5.216952660560608,-0.01295266437530529
2022-12-08,5.224299907684326,5.228071960449219,-0.003772052764892564
2022-12-09,5.235000133514404,5.228304097175598,0.006696036338806444
2022-12-12,5.321300029754639,5.289887313842773,0.03141271591186534
2022-12-13,5.292799949645996,5.278255877494812,0.014544072151184473
2022-12-14,5.277200222015381,5.273757570266723,0.0034426517486574326
2022-12-15,5.311800003051758,5.2869989185333255,0.024801084518432326
2022-12-16,5.306509017944336,5.296823101997376,0.009685915946960222
2022-12-19,5.291600227355957,5.278060297012329,0.01353993034362766
2022-12-20,5.198400020599365,5.210033887863159,-0.011633867263793896
2022-12-21,5.199900150299072,5.21182317352295,-0.011923023223877394
2022-12-22,5.165599822998047,5.191320125579834,-0.025720302581786925
2022-12-23,5.164299964904785,5.1949161596298215,-0.030616194725036294
2022-12-26,5.21750020980835,5.23468053150177,-0.017180321693420098
2022-12-27,5.292300224304199,5.265444551467896,0.026855672836303413
2022-12-28,5.2667999267578125,5.260442743301391,0.006357183456421112
2022-12-29,5.284599781036377,5.259974757194519,0.02462502384185772
2022-12-30,5.2855000495910645,5.257028631210327,0.028471418380737745
2023-01-02,5.360130786895752,5.358696658134461,0.0014341287612911202
2023-01-03,5.478499889373779,5.428998852729797,0.04950103664398231
2023-01-04,5.430099964141846,5.389919282913208,0.04018068122863738
2023-01-05,5.349800109863281,5.350437784194947,-0.0006376743316653943
2023-01-06,5.224400043487549,5.251502296447754,-0.027102252960204964
2023-01-09,5.253699779510498,5.25170644569397,0.001993333816527887
2023-01-10,5.198299884796143,5.197605038642883,0.0006948461532596539
2023-01-11,5.1585001945495605,5.167843292236328,-0.009343097686767443
2023-01-12,5.107699871063232,5.123132639884949,-0.01543276882171618
2023-01-13,5.080699920654297,5.102345267295838,-0.02164534664154072
2023-01-16,5.145999908447266,5.177768000602722,-0.031768092155456173
2023-01-17,5.099599838256836,5.116398005485535,-0.01679816722869898
2023-01-18,5.185299873352051,5.179342540740967,0.005957332611083999
2023-01-19,5.172999858856201,5.175053130149841,-0.00205327129364008
2023-01-20,5.206299781799316,5.188842217445374,0.017457564353942523
2023-01-23,5.205900192260742,5.176284479141235,0.02961571311950717
2023-01-24,5.138400077819824,5.127429873466491,0.010970204353332846
2023-01-25,5.072199821472168,5.093245028495788,-0.02104520702362045
2023-01-26,5.062745094299316,5.082651735305786,-0.019906641006469883
2023-01-27,5.107200145721436,5.107511066436768,-0.000310920715331342
2023-01-30,5.1149001121521,5.122430078506469,-0.007529966354369755
2023-01-31,5.072199821472168,5.091505019187927,-0.019305197715759448
2023-02-01,5.053500175476074,5.080301647186279,-0.02680147171020497
2023-02-02,5.049200057983398,5.096181206703186,-0.04698114871978731
2023-02-03,5.149799823760986,5.144693890571594,0.005105933189391898
2023-02-06,5.145699977874756,5.143074798583984,0.002625179290771662
2023-02-07,5.2093000411987305,5.193561082839966,0.0157389583587646
2023-02-08,5.19950008392334,5.172255557060241,0.027244526863098528
2023-02-09,5.289500236511231,5.253828013420105,0.03567222309112594
2023-02-10,5.213482856750488,5.214703669548035,-0.0012208127975465999
2023-02-13,5.158400058746338,5.169851525306702,-0.011451466560363777
2023-02-14,5.191500186920166,5.186929133415222,0.004571053504943912
2023-02-15,5.2179999351501465,5.198208703994751,0.019791231155395828
2023-02-16,5.216800212860107,5.210662655830383,0.006137557029724405
2023-02-17,5.165168762207031,5.18233046913147,-0.017161706924438747
2023-02-20,5.1666998863220215,5.166003639221191,0.0006962471008300497
2023-02-21,5.166500091552734,5.166623304367065,-0.00012321281433091968
2023-02-22,5.151199817657471,5.159464098930359,-0.008264281272888141
2023-02-23,5.136199951171875,5.153720016479492,-0.017520065307617294
2023-02-24,5.207799911499023,5.208155985832215,-0.00035607433319118087
2023-02-27,5.199699878692627,5.193281923294068,0.006417955398559272
2023-02-28,5.235899925231934,5.225081300735473,0.010818624496460316
2023-03-01,5.178299903869629,5.188365555763244,-0.010065651893615524
2023-03-02,5.1996002197265625,5.200042945861816,-0.00044272613525375704
2023-03-03,5.194399833679199,5.175207272529602,0.01919256114959733
2023-03-06,5.152200222015381,5.156291409492493,-0.004091187477111902
2023-03-07,5.190000057220459,5.190116254806519,-0.00011619758605974084
2023-03-08,5.144400119781494,5.161343560218811,-0.016943440437317214
2023-03-09,5.163700103759766,5.185129653930664,-0.021429550170898537
2023-03-10,5.21560001373291,5.222293704032898,-0.00669369029998812
2023-03-13,5.245699882507324,5.24320897769928,0.0024909048080443696
2023-03-14,5.251699924468994,5.247079818725586,0.004620105743407876
2023-03-15,5.287099838256836,5.2758093404769895,0.011290497779846476
2023-03-16,5.229599952697754,5.233530382156372,-0.003930429458618434
2023-03-17,5.2778000831604,5.270231430053711,0.007568653106689638
2023-03-20,5.235700130462647,5.241901887893677,-0.006201757431029797
2023-03-21,5.240900039672852,5.224738451004028,0.016161588668823335
2023-03-22,5.236100196838379,5.240895130157471,-0.004794933319091754
2023-03-23,5.29670000076294,5.281443820953369,0.015256179809571613
2023-03-24,5.245100021362305,5.250394227981567,-0.005294206619262276
2023-03-27,5.197100162506104,5.202550724983215,-0.005450562477110843
2023-03-28,5.164400100708008,5.1853304853439335,-0.02093038463592567
2023-03-29,5.134200096130371,5.15705108165741,-0.02285098552703868
2023-03-30,5.092700004577637,5.119270552635193,-0.02657054805755621
2023-03-31,5.062300205230713,5.053826770782471,0.008473434448242223
2023-04-03,5.06309986114502,5.059000712394714,0.0040991487503063695
2023-04-04,5.070700168609619,5.064410291671753,0.00628987693786609
2023-04-05,5.033199787139893,5.050063937187195,-0.016864150047302573
2023-04-06,5.058300018310547,5.0562713975906375,0.002028620719909391
2023-04-07,5.054399967193604,5.0564749536514295,-0.002074986457825112
2023-04-10,5.065299987792969,5.06387038230896,0.0014296054840086114
2023-04-11,5.004000186920166,4.980955788612365,0.023044398307800584
2023-04-12,4.916900157928467,4.955424717903137,-0.03852455997466997
2023-04-13,4.926700115203857,4.935055665969848,-0.008355550765990927
2023-04-14,4.908699989318848,4.930472025871277,-0.021772036552428986
2023-04-17,4.939799785614014,4.9566348924636845,-0.016835106849670822
2023-04-18,4.984300136566162,4.976276652336121,0.008023484230041511
2023-04-19,5.074299812316895,5.0548398971557615,0.01945991516113388
2023-04-20,5.047699928283691,5.031337245941162,0.016362682342529133
2023-04-21,5.047900199890137,5.042961129188537,0.004939070701599491
2023-04-24,5.033400058746338,5.038195230484009,-0.004795171737670856
2023-04-25,5.053100109100342,5.0634166030883785,-0.01031649398803669
2023-04-26,5.043000221252441,5.046897579193115,-0.003897357940673807
2023-04-27,4.976200103759766,4.997072275161743,-0.020872171401977724
2023-04-28,4.986000061035156,5.005428032875061,-0.019427971839904856
2023-05-01,4.9878997802734375,4.997715682029724,-0.009815901756286216
2023-05-02,5.038400173187256,5.0175023307800295,0.020897842407226364
2023-05-03,4.994400024414063,5.012833688735962,-0.018433664321898746
2023-05-04,4.982600212097168,5.0152052888870235,-0.03260507678985558
2023-05-05,4.951700210571289,4.960823742866516,-0.009123532295227221
2023-05-08,5.007999897003174,4.992106345176697,0.015893551826477115
2023-05-09,4.985899925231934,4.9768281764984135,0.009071748733520124
2023-05-10,4.94290018081665,4.951747294425965,-0.008847113609314228
2023-05-11,4.929500102996826,4.9325226821899415,-0.0030225791931153267
2023-05-12,4.920199871063232,4.945548143386841,-0.025348272323608256
2023-05-15,4.887899875640869,4.913507932662964,-0.025608057022094677
2023-05-16,4.93940019607544,4.941220134735107,-0.0018199386596666756
2023-05-17,4.937699794769287,4.954000483512878,-0.016300688743591252
2023-05-18,4.964399814605713,4.975960507392883,-0.01156069278717009
2023-05-19,4.996799945831299,4.99373397064209,0.003065975189208814
2023-05-22,4.966100215911865,4.97025468826294,-0.0041544723510744674
2023-05-23,4.971199989318848,4.97211858177185,-0.0009185924530026313
2023-05-24,4.958600044250488,4.9586652135849,-6.516933441158557e-05
2023-05-25,5.035200119018555,5.00594425201416,0.02925586700439453
2023-05-26,4.992800235748291,4.982482944488526,0.010317291259765327
2023-05-29,5.018099784851074,4.999516670227051,0.018583114624023622
2023-05-30,5.034800052642822,5.01876602268219,0.016034029960632523
2023-05-31,5.054800033569336,5.0323054246902466,0.022494608879089384
2023-06-01,5.0131001472473145,4.994965114593506,0.018135032653808558
2023-06-02,4.956600189208984,4.949596963882446,0.007003225326537965
2023-06-05,4.925600051879883,4.935803082466125,-0.010203030586242612
2023-06-06,4.912000179290772,4.925980145454407,-0.013979966163634394
2023-06-07,4.922399997711182,4.922948634147644,-0.0005486364364619689
2023-06-08,4.922100067138672,4.917944683074952,0.004155384063720291
2023-06-09,4.877900123596191,4.886423306465149,-0.00852318286895759
2023-06-12,4.860599994659424,4.8613961839675905,-0.0007961893081667171
2023-06-13,4.861000061035156,4.864888095855713,-0.003888034820556996
2023-06-14,4.815000057220459,4.8082211427688595,0.006778914451599505
2023-06-15,4.809199810028076,4.808281295776367,0.0009185142517091904
2023-06-16,4.807000160217285,4.817474340438843,-0.010474180221557994
2023-06-19,4.776899814605713,4.785452223777771,-0.008552409172057907
2023-06-20,4.789299964904785,4.796512722969055,-0.0072127580642700195
2023-06-21,4.76230001449585,4.779311762809753,-0.017011748313903396
2023-06-22,4.7697367668151855,4.787123987197876,-0.01738722038269014
2023-06-23,4.7855000495910645,4.790508919715881,-0.005008870124816767
2023-06-26,4.767300128936768,4.804255753517151,-0.036955624580383706
2023-06-27,4.810500144958496,4.818097229957581,-0.0075970849990847356
2023-06-28,4.850500106811523,4.861237651824951,-0.01073754501342794
2023-06-29,4.855599880218506,4.8328330516815186,0.022766828536987305
2023-06-30,4.784200191497803,4.797373628616333,-0.013173437118529918
2023-07-03,4.80649995803833,4.809378425598145,-0.0028784675598148013
2023-07-04,4.839900016784668,4.828229660987854,0.011670355796813858
2023-07-05,4.8471999168396,4.832276136398315,0.014923780441284507
2023-07-06,4.918700218200684,4.892826139450073,0.02587407875061043
2023-07-07,4.8709001541137695,4.857146159172058,0.01375399494171159
2023-07-10,4.898200035095215,4.872208221435547,0.02599181365966796
2023-07-11,4.851500034332275,4.865581862449646,-0.014081828117370243
2023-07-12,4.81689977645874,4.815574418067932,0.0013253583908081623
2023-07-13,4.7947998046875,4.800233651161194,-0.005433846473693826
2023-07-14,4.788099765777588,4.7980087957382205,-0.009909029960632587
2023-07-17,4.805799961090088,4.804596920967102,0.0012030401229861098
2023-07-18,4.809299945831299,4.804892107963562,0.004407837867736575
2023-07-19,4.789899826049805,4.79413005065918,-0.004230224609375277
2023-07-20,4.796899795532227,4.798133240699768,-0.0012334451675410918
2023-07-21,4.777400016784668,4.768902206420899,0.008497810363769176
2023-07-24,4.725500106811523,4.732871230125427,-0.007371123313903993
2023-07-25,4.748899936676025,4.742987347602845,0.005912589073180818
2023-07-26,4.736199855804443,4.738376709938049,-0.002176854133606021
2023-07-27,4.741600036621094,4.742148817062378,-0.0005487804412842578
2023-07-28,4.723299980163574,4.731515981674194,-0.008216001510620075
2023-07-31,4.724699974060059,4.729239375114441,-0.004539401054381997
2023-08-01,4.791999816894531,4.8203691959381105,-0.02836937904357928
2023-08-02,4.810400009155273,4.81605183506012,-0.005651825904846142
2023-08-03,4.916399955749512,4.903663180351257,0.012736775398254352
2023-08-04,4.88539981842041,4.889979496955871,-0.004579678535461262
2023-08-07,4.89900016784668,4.899837100028992,-0.0008369321823122888
2023-08-08,4.898600101470947,4.895961450576782,0.002638650894165373
2023-08-09,4.901700019836426,4.901778787612915,-7.87677764888528e-05
2023-08-10,4.891499996185303,4.889898161888123,0.0016018342971797495
2023-08-11,4.910999774932861,4.90443986415863,0.006559910774231348
2023-08-14,4.962100028991699,4.955122230529785,0.006977798461914375
2023-08-15,4.983200073242188,4.96565584564209,0.017544227600098772
2023-08-16,4.9868998527526855,4.960125703811645,0.026774148941040465
2023-08-17,4.975500106811523,4.973332447052002,0.0021676597595217117
2023-08-18,4.966899871826172,4.9706997327804565,-0.0037998609542846395
2023-08-21,4.978700160980225,4.97837949848175,0.00032066249847417794
2023-08-22,4.937099933624268,4.937185366630554,-8.543300628627293e-05
2023-08-23,4.855100154876709,4.867338150978088,-0.01223799610137899
2023-08-24,4.880300045013428,4.895111023902893,-0.014810978889465254
2023-08-25,4.870399951934815,4.905077348709106,-0.03467739677429105
2023-08-28,4.872600078582764,4.8911484518051145,-0.01854837322235081
2023-08-29,4.85129976272583,4.867111210823059,-0.015811448097228897
2023-08-30,4.888400077819824,4.904042212486267,-0.01564213466644304
2023-08-31,4.953800201416016,4.957399933815003,-0.0035997323989871433
2023-09-01,4.97629976272583,4.958007672309876,0.018292090415954476
2023-09-04,4.936200141906738,4.937412452697754,-0.0012123107910158026
2023-09-05,4.966700077056885,4.954681262969971,0.012018814086913743
2023-09-06,4.977000236511231,4.96950553894043,0.007494697570801456
2023-09-07,4.976099967956543,4.977016959190369,-0.0009169912338258257
2023-09-08,4.982999801635742,4.977325681686401,0.005674119949341083
2023-09-11,4.929399967193604,4.942607606887817,-0.01320763969421268
2023-09-12,4.946599960327148,4.9371937656402585,0.009406194686889968
2023-09-13,4.91540002822876,4.908711219787597,0.006688808441162486
2023-09-14,4.868199825286865,4.875725709915161,-0.0075258846282961755
2023-09-15,4.867000102996826,4.868737968444824,-0.0017378654479980327
2023-09-18,4.853700160980225,4.862828442573547,-0.009128281593322463
2023-09-19,4.865799903869629,4.886836943626403,-0.02103703975677451
2023-09-20,4.878799915313721,4.8770416631698605,0.0017582521438601617
2023-09-21,4.934899806976318,4.947040363311768,-0.012140556335449304
2023-09-22,4.933899879455566,4.950163492202758,-0.016263612747192013
2023-09-25,4.968299865722656,4.965275279998779,0.0030245857238773155
2023-09-26,4.986199855804443,4.993954105377197,-0.007754249572753835
2023-09-27,5.042200088500977,5.0296334505081175,0.012566637992859064
2023-09-28,5.032800197601318,5.020478093147278,0.01232210445404025
2023-09-29,5.042799949645996,5.01504815196991,0.027751797676086376
2023-10-02,5.061500072479248,5.06532045173645,-0.0038203792572018003
2023-10-03,5.166299819946289,5.1095017137527465,0.05679810619354253
2023-10-04,5.154600143432617,5.1214305696487425,0.03316957378387464
2023-10-05,5.164999961853027,5.137242524147034,0.027757437705993482
2023-10-06,5.145699977874756,5.121623995780944,0.024075982093811454
2023-10-09,5.135200023651123,5.098258831977844,0.036941191673278695
2023-10-10,5.051000118255615,5.043440058708191,0.007560059547424558
2023-10-11,5.049600124359131,5.01224447631836,0.03735564804077107
2023-10-12,5.045899868011475,5.046684886932373,-0.0007850189208982172
2023-10-13,5.048200130462647,5.050522020339966,-0.002321889877318739
2023-10-16,5.037600040435791,5.037163407325744,0.00043663311004671357
2023-10-17,5.037399768829346,5.036839065551757,0.0005607032775882814
2023-10-18,5.056099891662598,5.066562480926514,-0.0104625892639163
2023-10-19,5.062900066375732,5.07032523727417,-0.0074251708984371945
2023-10-20,5.031300067901611,5.051103080749511,-0.019803012847900092
2023-10-23,5.01230001449585,5.016114877700805,-0.0038148632049557207
2023-10-24,4.991000175476074,5.034275287628174,-0.04327511215209956
2023-10-25,4.994699954986572,5.005403028488159,-0.010703073501586502
2023-10-26,4.985300064086914,4.996327116966247,-0.011027052879333255
2023-10-27,4.952030181884766,4.980919421195984,-0.02888923931121834
2023-10-30,5.04610013961792,5.038628054618836,0.007472084999084139
2023-10-31,5.03410005569458,5.035375632286072,-0.0012755765914915784
2023-11-01,4.953700065612793,4.979032760620117,-0.02533269500732427
2023-11-02,4.952899932861328,4.9748281507492065,-0.021928217887878354
2023-11-03,4.899199962615967,4.902981040000916,-0.0037810773849491497
2023-11-06,4.884099960327148,4.889109238624573,-0.00500927829742448
2023-11-07,4.871500015258789,4.882438490867615,-0.010938475608825549
2023-11-08,4.909299850463867,4.900886337280274,0.008413513183593402
2023-11-09,4.933899879455566,4.9225908498764035,0.01130902957916291
2023-11-10,4.893379211425781,4.892486113548279,0.0008930978775021359
2023-11-13,4.906199932098389,4.898462168693542,0.007737763404846554
2023-11-14,4.864500045776367,4.870079878807068,-0.005579833030700421
2023-11-15,4.860899925231934,4.862948981285095,-0.0020490560531616353
2023-11-16,4.862199783325195,4.8687678165435795,-0.006568033218384173
2023-11-17,4.819177150726318,4.843370195388794,-0.02419304466247585
2023-11-20,4.851799964904785,4.870035782814026,-0.01823581790924056
2023-11-21,4.8993000984191895,4.889859052658081,0.00944104576110849
2023-11-22,4.9054999351501465,4.898522928237915,0.006977006912231687
2023-11-23,4.902500152587891,4.9003264493942265,0.002173703193664167
2023-11-24,4.900899887084961,4.901622163772583,-0.0007222766876218145
2023-11-27,4.895500183105469,4.892120254516602,0.0033799285888669317
2023-11-28,4.869800090789795,4.883874031066894,-0.014073940277099517
2023-11-29,4.904099941253662,4.894886180877686,0.009213760375976321
2023-11-30,4.923099994659424,4.9120600118637086,0.011039982795715275
2023-12-01,4.902159214019775,4.908625686645508,-0.006466472625732855
2023-12-04,4.9430999755859375,4.933095385551453,0.010004590034484728
2023-12-05,4.927700042724609,4.926834317207336,0.0008657255172730416
2023-12-06,4.901199817657471,4.903592635154724,-0.0023928174972533967
2023-12-07,4.910099983215332,4.914461263656616,-0.00436128044128381
2023-12-08,4.893286228179932,4.905251062393188,-0.011964834213256559
2023-12-11,4.936699867248535,4.926363262176514,0.010336605072021499
2023-12-12,4.964499950408936,4.945441635131836,0.019058315277100668
2023-12-13,4.918399810791016,4.916775254249573,0.0016245565414427787
2023-12-14,4.914599895477295,4.911673752784729,0.0029261426925657474
2023-12-15,4.919657230377197,4.916005512237549,0.0036517181396487075
2023-12-18,4.895899772644043,4.898690853118897,-0.0027910804748536577
2023-12-19,4.866499900817871,4.8675862398147585,-0.0010863389968873705
2023-12-20,4.914599895477295,4.907453966140747,0.007145929336547674
2023-12-21,4.881800174713135,4.881246092796325,0.0005540819168095013
2023-12-22,4.86984395980835,4.874121488571167,-0.004277528762817617
2023-12-25,4.869743824005127,4.861913328170776,0.007830495834350693
2023-12-26,4.813499927520752,4.828523470878601,-0.015023543357848723
2023-12-27,4.826099872589111,4.833729776382446,-0.007629903793334947
2023-12-28,4.850200176239014,4.846888104438782,0.0033120718002317417
2023-12-29,4.850500106811523,4.849986661911011,0.0005134449005126385
2024-01-01,4.852399826049805,4.862901830673218,-0.010502004623413441
2024-01-02,4.922500133514404,4.909745086669922,0.012755046844482365
2024-01-03,4.9191999435424805,4.903763302803039,0.015436640739441287
2024-01-04,4.895599842071533,4.898113977432251,-0.002514135360717873
2024-01-05,4.8606672286987305,4.8761995334625245,-0.01553230476379408
2024-01-08,4.86899995803833,4.8780172281265255,-0.009017270088195417
2024-01-09,4.905099868774414,4.894138892173767,0.01096097660064732
2024-01-10,4.89139986038208,4.887171612739563,0.004228247642517502
2024-01-11,4.869699954986572,4.88146503162384,-0.011765076637267669
2024-01-12,4.85290002822876,4.86801156425476,-0.015111536026000572
2024-01-15,4.862199783325195,4.867712467193604,-0.00551268386840853
2024-01-16,4.924900054931641,4.918028026580811,0.006872028350829673
2024-01-17,4.934000015258789,4.927455502510071,0.006544512748718034
2024-01-18,4.92609977722168,4.915114205360412,0.010985571861267474
2024-01-19,4.904642105102539,4.9200014905929566,-0.015359385490417488
2024-01-22,4.98829984664917,4.9694062013626095,0.018893645286560456
2024-01-23,4.952199935913086,4.943223739624023,0.008976196289062877
2024-01-24,4.932499885559082,4.938342106819153,-0.005842221260071057
2024-01-25,4.915800094604492,4.923982252120972,-0.008182157516479549
2024-01-26,4.913599967956543,4.919886795043945,-0.006286827087402358
2024-01-29,4.950200080871582,4.945077067375183,0.005123013496398876
2024-01-30,4.950300216674805,4.948661891937256,0.0016383247375486576
2024-01-31,4.951900005340576,4.948570264816285,0.00332974052429158
2024-02-01,4.914999961853027,4.925182258605957,-0.010182296752929254
2024-02-02,4.932938098907471,4.941225860595703,-0.008287761688232642
2024-02-05,4.949943065643311,4.948907428741455,0.0010356369018564848
2024-02-06,4.962299823760986,4.952318186759949,0.009981637001037491
2024-02-07,4.969299793243408,4.9732497062683105,-0.0039499130249023295
2024-02-08,4.991899967193604,4.981333894729614,0.010566072463990217
2024-02-09,4.953100204467773,4.958188539505005,-0.005088335037231495
2024-02-12,4.952199935913086,4.957853458404541,-0.005653522491455121
2024-02-13,4.952000141143799,4.949464519500732,0.0025356216430667544
2024-02-14,4.968299865722656,4.970805576324463,-0.002505710601806932
2024-02-15,4.972400188446045,4.967324821472168,0.005075366973876783
2024-02-16,4.965099811553955,4.958472321510315,0.006627490043640272
2024-02-19,4.956399917602539,4.956181140899658,0.00021877670288095175
2024-02-20,4.926400184631348,4.932785249710083,-0.006385065078735153
2024-02-21,4.934899806976318,4.938385684967041,-0.003485877990722308
2024-02-22,4.962399959564209,4.962853172302246,-0.00045321273803722306
2024-02-23,4.993500232696533,4.985378732681275,0.008121500015258576
2024-02-26,4.978899955749512,4.973399440765381,0.005500514984130511
2024-02-27,4.932400226593018,4.9415570163726805,-0.009156789779662944
2024-02-28,4.967299938201904,4.964616154670716,0.0026837835311885883
2024-02-29,4.969799995422363,4.966573882102966,0.0032261133193971503
2024-03-01,4.952700138092041,4.955593428611755,-0.00289329051971432
2024-03-04,4.944900035858154,4.947155475616455,-0.0022554397583007812
2024-03-05,4.957099914550781,4.958142128944397,-0.0010422143936157369
2024-03-06,4.943600177764893,4.9481218767166135,-0.004521698951720943
2024-03-07,4.933800220489502,4.941893316268921,-0.008093095779418746
2024-03-08,4.977540016174316,4.974867099761963,0.0026729164123535654
2024-03-11,4.977399826049805,4.981326066017151,-0.003926239967346312
2024-03-12,4.968699932098389,4.969506772994995,-0.0008068408966064311
2024-03-13,4.969200134277344,4.9639439249038695,0.005256209373474263
2024-03-14,4.992700099945068,4.980352921485901,0.012347178459167552
2024-03-15,4.968047142028809,4.973317296981811,-0.005270154953002759
2024-03-18,5.029399871826172,5.023352314949036,0.0060475568771360955
2024-03-19,5.03000020980835,5.022272211074829,0.007727998733520813
2024-03-20,4.96619987487793,4.968002742767334,-0.0018028678894044248
2024-03-21,4.974500179290772,4.977367437362671,-0.0028672580718982488
2024-03-22,5.000899791717529,4.9924583864212035,0.008441405296325755
2024-03-25,4.9721999168396,4.976947595596314,-0.004747678756714002
2024-03-26,4.9756999015808105,4.980055882453918,-0.004355980873107512
2024-03-27,4.990300178527832,4.9889363241195674,0.0013638544082645865
2024-03-28,5.014100074768066,5.013213220596313,0.0008868541717532707
2024-03-29,5.013199806213379,5.015517312049866,-0.0023175058364870438
2024-04-01,5.053599834442139,5.056691122055054,-0.0030912876129152167
2024-04-02,5.06440019607544,5.059327330589294,0.00507286548614605
2024-04-03,5.038599967956543,5.046505420684815,-0.007905452728271811
2024-04-04,5.057400226593018,5.062794145584107,-0.005393918991089208
2024-04-05,5.054900169372559,5.054172319412231,0.0007278499603273758
2024-04-08,5.023900032043457,5.035299221992493,-0.011399189949035993
2024-04-09,5.007599830627441,5.022436716079712,-0.014836885452270465
2024-04-10,5.066199779510498,5.065231291770935,0.0009684877395628178
2024-04-11,5.090400218963623,5.076826571464538,0.013573647499084629
2024-04-12,5.117099761962891,5.112915265083313,0.0041844968795778925
2024-04-15,5.183700084686279,5.168211224555969,0.015488860130310478
2024-04-16,5.2855000495910645,5.248196464538574,0.03730358505249054
2024-04-17,5.232600212097168,5.234899781227112,-0.0022995691299438903
2024-04-18,5.241700172424316,5.238314363479614,0.0033858089447020845
2024-04-19,5.206200122833252,5.191069870948792,0.015130251884460044
2024-04-22,5.1656999588012695,5.179082805633545,-0.013382846832275419
2024-04-23,5.130499839782715,5.150262341499329,-0.01976250171661409
2024-04-24,5.145500183105469,5.171417715072632,-0.0259175319671634
