Data,Selic,IPCA,PIB,Exportacoes,Importacoes,FEDFUNDS,IBOV,SP500,Petroleo,USD/BRL,USD_BRL_t1
2016-05-02,14.25,0.78,516189.8,17471.6,11344.5,0.37,53562.0,2081.429931640625,44.77999877929688,3.432800054550171,3.496500015258789
2016-05-03,14.25,0.78,516189.8,17471.6,11344.5,0.37,52260.0,2063.3701171875,43.650001525878906,3.496500015258789,3.5548999309539795
2016-05-04,14.25,0.78,516189.8,17471.6,11344.5,0.37,52553.0,2051.1201171875,43.77999877929688,3.5548999309539795,3.545399904251098
2016-05-05,14.25,0.78,516189.8,17471.6,11344.5,0.37,51671.0,2050.6298828125,44.31999969482422,3.545399904251098,3.533099889755249
2016-05-06,14.25,0.78,516189.8,17471.6,11344.5,0.37,51718.0,2057.139892578125,44.65999984741211,3.533099889755249,3.499000072479248
2016-05-09,14.25,0.78,516189.8,17471.6,11344.5,0.37,50990.0,2058.68994140625,43.43999862670898,3.499000072479248,3.513000011444092
2016-05-10,14.25,0.78,516189.8,17471.6,11344.5,0.37,53071.0,2084.389892578125,44.65999984741211,3.513000011444092,3.470400094985962
2016-05-11,14.25,0.78,516189.8,17471.6,11344.5,0.37,52764.0,2064.4599609375,46.22999954223633,3.470400094985962,3.447000026702881
2016-05-12,14.25,0.78,516189.8,17471.6,11344.5,0.37,53241.0,2064.110107421875,46.70000076293945,3.447000026702881,3.477099895477295
2016-05-13,14.25,0.78,516189.8,17471.6,11344.5,0.37,51804.0,2046.6099853515625,46.209999084472656,3.477099895477295,3.5302000045776367
2016-05-16,14.25,0.78,516189.8,17471.6,11344.5,0.37,51803.0,2066.659912109375,47.720001220703125,3.5302000045776367,3.494499921798706
2016-05-17,14.25,0.78,516189.8,17471.6,11344.5,0.37,50839.0,2047.2099609375,48.310001373291016,3.494499921798706,3.4860999584198
2016-05-18,14.25,0.78,516189.8,17471.6,11344.5,0.37,50562.0,2047.6300048828125,48.18999862670898,3.4860999584198,3.558500051498413
2016-05-19,14.25,0.78,516189.8,17471.6,11344.5,0.37,50133.0,2040.0400390625,48.15999984741211,3.558500051498413,3.5608999729156494
2016-05-20,14.25,0.78,516189.8,17471.6,11344.5,0.37,49723.0,2052.320068359375,47.75,3.5608999729156494,3.557300090789795
2016-05-23,14.25,0.78,516189.8,17471.6,11344.5,0.37,49330.0,2048.0400390625,48.08000183105469,3.557300090789795,3.566499948501587
2016-05-24,14.25,0.78,516189.8,17471.6,11344.5,0.37,49345.0,2076.06005859375,48.619998931884766,3.566499948501587,3.567300081253052
2016-05-25,14.25,0.78,516189.8,17471.6,11344.5,0.37,49483.0,2090.5400390625,49.560001373291016,3.567300081253052,3.576900005340576
2016-05-26,14.25,0.78,516189.8,17471.6,11344.5,0.37,49267.0,2090.10009765625,49.47999954223633,3.576900005340576,3.58270001411438
2016-05-27,14.25,0.78,516189.8,17471.6,11344.5,0.37,49051.0,2099.06005859375,49.33000183105469,3.58270001411438,3.6089000701904297
2016-05-30,14.25,0.78,516189.8,17471.6,11344.5,0.37,48964.0,2098.0050048828125,49.21500015258789,3.6089000701904297,3.567399978637696
2016-05-31,14.25,0.78,516189.8,17471.6,11344.5,0.37,48472.0,2096.949951171875,49.09999847412109,3.567399978637696,3.583199977874756
2016-06-01,14.25,0.35,522431.9,16622.9,12991.3,0.38,49013.0,2099.330078125,49.0099983215332,3.583199977874756,3.5910000801086426
2016-06-02,14.25,0.35,522431.9,16622.9,12991.3,0.38,49887.0,2105.260009765625,49.16999816894531,3.5910000801086426,3.5801000595092773
2016-06-03,14.25,0.35,522431.9,16622.9,12991.3,0.38,50619.0,2099.1298828125,48.619998931884766,3.5801000595092773,3.524499893188477
2016-06-06,14.25,0.35,522431.9,16622.9,12991.3,0.38,50432.0,2109.409912109375,49.68999862670898,3.524499893188477,3.484499931335449
2016-06-07,14.25,0.35,522431.9,16622.9,12991.3,0.38,50488.0,2112.1298828125,50.36000061035156,3.484499931335449,3.434900045394897
2016-06-08,14.25,0.35,522431.9,16622.9,12991.3,0.38,51629.0,2119.1201171875,51.22999954223633,3.434900045394897,3.3575000762939453
2016-06-09,14.25,0.35,522431.9,16622.9,12991.3,0.38,51118.0,2115.47998046875,50.560001373291016,3.3575000762939453,3.395900011062622
2016-06-10,14.25,0.35,522431.9,16622.9,12991.3,0.38,49422.0,2096.070068359375,49.06999969482422,3.395900011062622,3.415800094604492
2016-06-13,14.25,0.35,522431.9,16622.9,12991.3,0.38,49661.0,2079.06005859375,48.880001068115234,3.415800094604492,3.477299928665161
2016-06-14,14.25,0.35,522431.9,16622.9,12991.3,0.38,48648.0,2075.320068359375,48.4900016784668,3.477299928665161,3.475100040435791
2016-06-15,14.25,0.35,522431.9,16622.9,12991.3,0.38,48915.0,2071.5,48.0099983215332,3.475100040435791,3.469300031661988
2016-06-16,14.25,0.35,522431.9,16622.9,12991.3,0.38,49412.0,2077.989990234375,46.209999084472656,3.469300031661988,3.461199998855591
2016-06-17,14.25,0.35,522431.9,16622.9,12991.3,0.38,49534.0,2071.219970703125,47.97999954223633,3.461199998855591,3.412800073623657
2016-06-20,14.25,0.35,522431.9,16622.9,12991.3,0.38,50329.0,2083.25,49.369998931884766,3.412800073623657,3.391700029373169
2016-06-21,14.25,0.35,522431.9,16622.9,12991.3,0.38,50838.0,2088.89990234375,48.84999847412109,3.391700029373169,3.412100076675415
2016-06-22,14.25,0.35,522431.9,16622.9,12991.3,0.38,50156.0,2085.449951171875,49.130001068115234,3.412100076675415,3.374300003051758
2016-06-23,14.25,0.35,522431.9,16622.9,12991.3,0.38,51560.0,2113.320068359375,50.11000061035156,3.374300003051758,3.336999893188477
2016-06-24,14.25,0.35,522431.9,16622.9,12991.3,0.38,50105.0,2037.4100341796875,47.63999938964844,3.336999893188477,3.3677000999450684
2016-06-27,14.25,0.35,522431.9,16622.9,12991.3,0.38,49246.0,2000.5400390625,46.33000183105469,3.3677000999450684,3.3893001079559326
2016-06-28,14.25,0.35,522431.9,16622.9,12991.3,0.38,50007.0,2036.0899658203125,47.84999847412109,3.3893001079559326,3.302500009536743
2016-06-29,14.25,0.35,522431.9,16622.9,12991.3,0.38,51002.0,2070.77001953125,49.880001068115234,3.302500009536743,3.237600088119507
2016-06-30,14.25,0.35,522431.9,16622.9,12991.3,0.38,51527.0,2098.860107421875,48.33000183105469,3.237600088119507,3.205899953842163
2016-07-01,14.25,0.52,522088.7,16223.0,11977.9,0.39,52233.0,2102.949951171875,48.9900016784668,3.205899953842163,3.230600118637085
2016-07-04,14.25,0.52,522088.7,16223.0,11977.9,0.39,52569.0,2095.75,47.795000076293945,3.230600118637085,3.2885000705718994
2016-07-05,14.25,0.52,522088.7,16223.0,11977.9,0.39,51842.0,2088.550048828125,46.59999847412109,3.2885000705718994,3.299099922180176
2016-07-06,14.25,0.52,522088.7,16223.0,11977.9,0.39,51902.0,2099.72998046875,47.43000030517578,3.299099922180176,3.32699990272522
2016-07-07,14.25,0.52,522088.7,16223.0,11977.9,0.39,52015.0,2097.89990234375,45.13999938964844,3.32699990272522,3.3610999584198
2016-07-08,14.25,0.52,522088.7,16223.0,11977.9,0.39,53141.0,2129.89990234375,45.40999984741211,3.3610999584198,3.2976999282836914
2016-07-11,14.25,0.52,522088.7,16223.0,11977.9,0.39,53960.0,2137.159912109375,44.7599983215332,3.2976999282836914,3.3071999549865723
2016-07-12,14.25,0.52,522088.7,16223.0,11977.9,0.39,54256.0,2152.139892578125,46.79999923706055,3.3071999549865723,3.2934999465942383
2016-07-13,14.25,0.52,522088.7,16223.0,11977.9,0.39,54598.0,2152.429931640625,44.75,3.2934999465942383,3.2616000175476074
2016-07-14,14.25,0.52,522088.7,16223.0,11977.9,0.39,55481.0,2163.75,45.68000030517578,3.2616000175476074,3.2483999729156494
2016-07-15,14.25,0.52,522088.7,16223.0,11977.9,0.39,55578.0,2161.739990234375,45.95000076293945,3.2483999729156494,3.276599884033203
2016-07-18,14.25,0.52,522088.7,16223.0,11977.9,0.39,56484.0,2166.889892578125,45.2400016784668,3.276599884033203,3.2493999004364014
2016-07-19,14.25,0.52,522088.7,16223.0,11977.9,0.39,56698.0,2163.780029296875,44.650001525878906,3.2493999004364014,3.247900009155273
2016-07-20,14.25,0.52,522088.7,16223.0,11977.9,0.39,56578.0,2173.02001953125,44.93999862670898,3.247900009155273,3.252700090408325
2016-07-21,14.25,0.52,522088.7,16223.0,11977.9,0.39,56641.0,2165.169921875,44.75,3.252700090408325,3.2685999870300293
2016-07-22,14.25,0.52,522088.7,16223.0,11977.9,0.39,57002.0,2175.030029296875,44.18999862670898,3.2685999870300293,3.251499891281128
2016-07-25,14.25,0.52,522088.7,16223.0,11977.9,0.39,56873.0,2168.47998046875,43.130001068115234,3.251499891281128,3.282099962234497
2016-07-26,14.25,0.52,522088.7,16223.0,11977.9,0.39,56783.0,2169.179931640625,42.91999816894531,3.282099962234497,3.2699999809265137
2016-07-27,14.25,0.52,522088.7,16223.0,11977.9,0.39,56853.0,2166.580078125,41.91999816894531,3.2699999809265137,3.2585999965667725
2016-07-28,14.25,0.52,522088.7,16223.0,11977.9,0.39,56667.0,2170.06005859375,41.13999938964844,3.2585999965667725,3.281899929046631
2016-07-29,14.25,0.52,522088.7,16223.0,11977.9,0.39,57308.0,2173.60009765625,41.59999847412109,3.281899929046631,3.24620008468628
2016-08-01,14.25,0.44,530139.7,16925.4,13094.5,0.4,56756.0,2170.840087890625,40.060001373291016,3.24620008468628,3.2583999633789062
2016-08-02,14.25,0.44,530139.7,16925.4,13094.5,0.4,56162.0,2157.030029296875,39.5099983215332,3.2583999633789062,3.2527999877929688
2016-08-03,14.25,0.44,530139.7,16925.4,13094.5,0.4,57077.0,2163.7900390625,40.83000183105469,3.2527999877929688,3.234600067138672
2016-08-04,14.25,0.44,530139.7,16925.4,13094.5,0.4,57594.0,2164.25,41.93000030517578,3.234600067138672,3.1868999004364014
2016-08-05,14.25,0.44,530139.7,16925.4,13094.5,0.4,57661.0,2182.8701171875,41.79999923706055,3.1868999004364014,3.1607000827789307
2016-08-08,14.25,0.44,530139.7,16925.4,13094.5,0.4,57635.0,2180.889892578125,43.02000045776367,3.1607000827789307,3.168600082397461
2016-08-09,14.25,0.44,530139.7,16925.4,13094.5,0.4,57689.0,2181.739990234375,42.77000045776367,3.168600082397461,3.142899990081787
2016-08-10,14.25,0.44,530139.7,16925.4,13094.5,0.4,56920.0,2175.489990234375,41.709999084472656,3.142899990081787,3.1247000694274902
2016-08-11,14.25,0.44,530139.7,16925.4,13094.5,0.4,58300.0,2185.7900390625,43.4900016784668,3.1247000694274902,3.138999938964844
2016-08-12,14.25,0.44,530139.7,16925.4,13094.5,0.4,58298.0,2184.050048828125,44.4900016784668,3.138999938964844,3.190500020980835
2016-08-15,14.25,0.44,530139.7,16925.4,13094.5,0.4,59146.0,2190.14990234375,45.7400016784668,3.190500020980835,3.184799909591675
2016-08-16,14.25,0.44,530139.7,16925.4,13094.5,0.4,58855.0,2178.14990234375,46.58000183105469,3.184799909591675,3.201200008392334
2016-08-17,14.25,0.44,530139.7,16925.4,13094.5,0.4,59324.0,2182.219970703125,46.790000915527344,3.201200008392334,3.2047998905181885
2016-08-18,14.25,0.44,530139.7,16925.4,13094.5,0.4,59166.0,2187.02001953125,48.220001220703125,3.2047998905181885,3.2379000186920166
2016-08-19,14.25,0.44,530139.7,16925.4,13094.5,0.4,59099.0,2183.8701171875,48.52000045776367,3.2379000186920166,3.2044999599456787
2016-08-22,14.25,0.44,530139.7,16925.4,13094.5,0.4,57781.0,2182.639892578125,47.04999923706055,3.2044999599456787,3.198699951171875
2016-08-23,14.25,0.44,530139.7,16925.4,13094.5,0.4,58020.0,2186.89990234375,48.09999847412109,3.198699951171875,3.2355000972747803
2016-08-24,14.25,0.44,530139.7,16925.4,13094.5,0.4,57718.0,2175.43994140625,46.77000045776367,3.2355000972747803,3.223299980163574
2016-08-25,14.25,0.44,530139.7,16925.4,13094.5,0.4,57722.0,2172.469970703125,47.33000183105469,3.223299980163574,3.228300094604492
2016-08-26,14.25,0.44,530139.7,16925.4,13094.5,0.4,57716.0,2169.0400390625,47.63999938964844,3.228300094604492,3.2641000747680664
2016-08-29,14.25,0.44,530139.7,16925.4,13094.5,0.4,58610.0,2180.3798828125,46.97999954223633,3.2641000747680664,3.22760009765625
2016-08-30,14.25,0.44,530139.7,16925.4,13094.5,0.4,58575.0,2176.1201171875,46.34999847412109,3.22760009765625,3.236799955368042
2016-08-31,14.25,0.44,530139.7,16925.4,13094.5,0.4,57901.0,2170.949951171875,44.70000076293945,3.236799955368042,3.2260000705718994
2016-09-01,14.25,0.08,524942.1,15744.2,12221.5,0.4,58236.0,2170.860107421875,43.15999984741211,3.2260000705718994,3.253200054168701
2016-09-02,14.25,0.08,524942.1,15744.2,12221.5,0.4,59616.0,2179.97998046875,44.43999862670898,3.253200054168701,3.256099939346313
2016-09-05,14.25,0.08,524942.1,15744.2,12221.5,0.4,59566.0,2183.22998046875,44.63500022888184,3.256099939346313,3.267199993133545
2016-09-06,14.25,0.08,524942.1,15744.2,12221.5,0.4,60129.0,2186.47998046875,44.83000183105469,3.267199993133545,3.1963000297546387
2016-09-07,14.25,0.08,524942.1,15744.2,12221.5,0.4,60180.5,2186.159912109375,45.5,3.1963000297546387,3.190700054168701
2016-09-08,14.25,0.08,524942.1,15744.2,12221.5,0.4,60232.0,2181.300048828125,47.619998931884766,3.190700054168701,3.214900016784668
2016-09-09,14.25,0.08,524942.1,15744.2,12221.5,0.4,58000.0,2127.81005859375,45.880001068115234,3.214900016784668,3.271699905395508
2016-09-12,14.25,0.08,524942.1,15744.2,12221.5,0.4,58586.0,2159.0400390625,46.290000915527344,3.271699905395508,3.246900081634521
2016-09-13,14.25,0.08,524942.1,15744.2,12221.5,0.4,56821.0,2127.02001953125,44.900001525878906,3.246900081634521,3.3141000270843506
2016-09-14,14.25,0.08,524942.1,15744.2,12221.5,0.4,57059.0,2125.77001953125,43.58000183105469,3.3141000270843506,3.3434998989105225
2016-09-15,14.25,0.08,524942.1,15744.2,12221.5,0.4,57909.0,2147.260009765625,43.90999984741211,3.3434998989105225,3.299799919128418
2016-09-16,14.25,0.08,524942.1,15744.2,12221.5,0.4,57080.0,2139.159912109375,43.02999877929688,3.299799919128418,3.265500068664551
2016-09-19,14.25,0.08,524942.1,15744.2,12221.5,0.4,57350.0,2139.1201171875,43.29999923706055,3.265500068664551,3.271199941635132
2016-09-20,14.25,0.08,524942.1,15744.2,12221.5,0.4,57736.0,2139.760009765625,43.43999862670898,3.271199941635132,3.256099939346313
2016-09-21,14.25,0.08,524942.1,15744.2,12221.5,0.4,58394.0,2163.1201171875,45.34000015258789,3.256099939346313,3.20959997177124
2016-09-22,14.25,0.08,524942.1,15744.2,12221.5,0.4,58994.0,2177.179931640625,46.31999969482422,3.20959997177124,3.2170000076293945
2016-09-23,14.25,0.08,524942.1,15744.2,12221.5,0.4,58697.0,2164.68994140625,44.47999954223633,3.2170000076293945,3.2432000637054443
2016-09-26,14.25,0.08,524942.1,15744.2,12221.5,0.4,58054.0,2146.10009765625,45.93000030517578,3.2432000637054443,3.240600109100342
2016-09-27,14.25,0.08,524942.1,15744.2,12221.5,0.4,58382.0,2159.929931640625,44.66999816894531,3.240600109100342,3.232599973678589
2016-09-28,14.25,0.08,524942.1,15744.2,12221.5,0.4,59356.0,2171.3701171875,47.04999923706055,3.232599973678589,3.2177999019622803
2016-09-29,14.25,0.08,524942.1,15744.2,12221.5,0.4,58351.0,2151.1298828125,47.83000183105469,3.2177999019622803,3.259299993515014
2016-09-30,14.25,0.08,524942.1,15744.2,12221.5,0.4,58367.0,2168.27001953125,48.2400016784668,3.259299993515014,3.25979995727539
2016-10-03,14.25,0.26,538773.9,13663.1,11623.7,0.4,59461.0,2161.199951171875,48.810001373291016,3.25979995727539,3.208699941635132
2016-10-04,14.25,0.26,538773.9,13663.1,11623.7,0.4,59339.0,2150.489990234375,48.68999862670898,3.208699941635132,3.254499912261963
2016-10-05,14.25,0.26,538773.9,13663.1,11623.7,0.4,60254.0,2159.72998046875,49.83000183105469,3.254499912261963,3.2184998989105225
2016-10-06,14.25,0.26,538773.9,13663.1,11623.7,0.4,60644.0,2160.77001953125,50.43999862670898,3.2184998989105225,3.2272000312805176
2016-10-07,14.25,0.26,538773.9,13663.1,11623.7,0.4,61109.0,2153.739990234375,49.810001373291016,3.2272000312805176,3.219300031661988
2016-10-10,14.25,0.26,538773.9,13663.1,11623.7,0.4,61668.0,2163.659912109375,50.30000114440918,3.219300031661988,3.202699899673462
2016-10-11,14.25,0.26,538773.9,13663.1,11623.7,0.4,61022.0,2136.72998046875,50.790000915527344,3.202699899673462,3.1958999633789062
2016-10-12,14.25,0.26,538773.9,13663.1,11623.7,0.4,61070.5,2139.179931640625,50.18000030517578,3.1958999633789062,3.200700044631958
2016-10-13,14.25,0.26,538773.9,13663.1,11623.7,0.4,61119.0,2132.550048828125,50.43999862670898,3.200700044631958,3.177299976348877
2016-10-14,14.25,0.26,538773.9,13663.1,11623.7,0.4,61767.0,2132.97998046875,50.34999847412109,3.177299976348877,3.20199990272522
2016-10-17,14.25,0.26,538773.9,13663.1,11623.7,0.4,62696.0,2126.5,49.93999862670898,3.20199990272522,3.204200029373169
2016-10-18,14.25,0.26,538773.9,13663.1,11623.7,0.4,63782.0,2139.60009765625,50.290000915527344,3.204200029373169,3.1816999912261963
2016-10-19,14.25,0.26,538773.9,13663.1,11623.7,0.4,63506.0,2144.2900390625,51.59999847412109,3.1816999912261963,3.166100025177002
2016-10-20,14.0,0.26,538773.9,13663.1,11623.7,0.4,63838.0,2141.340087890625,50.43000030517578,3.166100025177002,3.1391000747680664
2016-10-21,14.0,0.26,538773.9,13663.1,11623.7,0.4,64108.0,2141.159912109375,50.84999847412109,3.1391000747680664,3.148900032043457
2016-10-24,14.0,0.26,538773.9,13663.1,11623.7,0.4,64060.0,2151.330078125,50.52000045776367,3.148900032043457,3.124500036239624
2016-10-25,14.0,0.26,538773.9,13663.1,11623.7,0.4,63866.0,2143.159912109375,49.959999084472656,3.124500036239624,3.1103999614715576
2016-10-26,14.0,0.26,538773.9,13663.1,11623.7,0.4,63826.0,2139.429931640625,49.18000030517578,3.1103999614715576,3.138799905776977
2016-10-27,14.0,0.26,538773.9,13663.1,11623.7,0.4,64250.0,2133.0400390625,49.720001220703125,3.138799905776977,3.165299892425537
2016-10-28,14.0,0.26,538773.9,13663.1,11623.7,0.4,64308.0,2126.409912109375,48.70000076293945,3.165299892425537,3.2030999660491943
2016-10-31,14.0,0.26,538773.9,13663.1,11623.7,0.4,64925.0,2126.14990234375,46.86000061035156,3.2030999660491943,3.198199987411499
2016-11-01,14.0,0.18,545670.0,16156.5,11708.1,0.41,63326.0,2111.719970703125,46.66999816894531,3.198199987411499,3.235100030899048
2016-11-02,14.0,0.18,545670.0,16156.5,11708.1,0.41,62538.0,2097.93994140625,45.34000015258789,3.235100030899048,3.2525999546051025
2016-11-03,14.0,0.18,545670.0,16156.5,11708.1,0.41,61750.0,2088.659912109375,44.65999984741211,3.2525999546051025,3.2583999633789062
2016-11-04,14.0,0.18,545670.0,16156.5,11708.1,0.41,61598.0,2085.179931640625,44.06999969482422,3.2583999633789062,3.232300043106079
2016-11-07,14.0,0.18,545670.0,16156.5,11708.1,0.41,64052.0,2131.52001953125,44.88999938964844,3.232300043106079,3.200900077819824
2016-11-08,14.0,0.18,545670.0,16156.5,11708.1,0.41,64158.0,2139.56005859375,44.97999954223633,3.200900077819824,3.168100118637085
2016-11-09,14.0,0.18,545670.0,16156.5,11708.1,0.41,63258.0,2163.260009765625,45.27000045776367,3.168100118637085,3.2330000400543213
2016-11-10,14.0,0.18,545670.0,16156.5,11708.1,0.41,61201.0,2167.47998046875,44.65999984741211,3.2330000400543213,3.3956000804901123
2016-11-11,14.0,0.18,545670.0,16156.5,11708.1,0.41,59184.0,2164.449951171875,43.98999977111816,3.3956000804901123,3.390000104904175
2016-11-14,14.0,0.18,545670.0,16156.5,11708.1,0.41,59657.0,2164.199951171875,43.31999969482422,3.390000104904175,3.4402999877929688
2016-11-15,14.0,0.18,545670.0,16156.5,11708.1,0.41,60208.0,2180.389892578125,45.810001373291016,3.4402999877929688,3.441699981689453
2016-11-16,14.0,0.18,545670.0,16156.5,11708.1,0.41,60759.0,2176.93994140625,45.56999969482422,3.441699981689453,3.450700044631958
2016-11-17,14.0,0.18,545670.0,16156.5,11708.1,0.41,59770.0,2187.1201171875,45.41999816894531,3.450700044631958,3.4323999881744385
2016-11-18,14.0,0.18,545670.0,16156.5,11708.1,0.41,59962.0,2181.89990234375,45.68999862670898,3.4323999881744385,3.382299900054932
2016-11-21,14.0,0.18,545670.0,16156.5,11708.1,0.41,61070.0,2198.179931640625,47.4900016784668,3.382299900054932,3.387399911880493
2016-11-22,14.0,0.18,545670.0,16156.5,11708.1,0.41,61954.0,2202.93994140625,48.02999877929688,3.387399911880493,3.363600015640259
2016-11-23,14.0,0.18,545670.0,16156.5,11708.1,0.41,61986.0,2204.719970703125,47.959999084472656,3.363600015640259,3.4310998916625977
2016-11-24,14.0,0.18,545670.0,16156.5,11708.1,0.41,61396.0,2209.0350341796875,47.01000022888184,3.4310998916625977,3.390700101852417
2016-11-25,14.0,0.18,545670.0,16156.5,11708.1,0.41,61559.0,2213.35009765625,46.060001373291016,3.390700101852417,3.4210000038146973
2016-11-28,14.0,0.18,545670.0,16156.5,11708.1,0.41,62855.0,2201.719970703125,47.08000183105469,3.4210000038146973,3.40720009803772
2016-11-29,14.0,0.18,545670.0,16156.5,11708.1,0.41,60987.0,2204.659912109375,45.22999954223633,3.40720009803772,3.4537999629974365
2016-11-30,14.0,0.18,545670.0,16156.5,11708.1,0.41,61906.0,2198.81005859375,49.43999862670898,3.4537999629974365,3.406300067901612
2016-12-01,13.75,0.3,548364.5,15905.9,11766.7,0.54,59507.0,2191.080078125,51.060001373291016,3.406300067901612,3.572999954223633
2016-12-02,13.75,0.3,548364.5,15905.9,11766.7,0.54,60316.0,2191.949951171875,51.68000030517578,3.572999954223633,3.4746999740600586
2016-12-05,13.75,0.3,548364.5,15905.9,11766.7,0.54,59832.0,2204.7099609375,51.790000915527344,3.4746999740600586,3.4200000762939453
2016-12-06,13.75,0.3,548364.5,15905.9,11766.7,0.54,61088.0,2212.22998046875,50.93000030517578,3.4200000762939453,3.406300067901612
2016-12-07,13.75,0.3,548364.5,15905.9,11766.7,0.54,61414.0,2241.35009765625,49.77000045776367,3.406300067901612,3.381599903106689
2016-12-08,13.75,0.3,548364.5,15905.9,11766.7,0.54,60677.0,2246.18994140625,50.84000015258789,3.381599903106689,3.373699903488159
2016-12-09,13.75,0.3,548364.5,15905.9,11766.7,0.54,60501.0,2259.530029296875,51.5,3.373699903488159,3.377000093460083
2016-12-12,13.75,0.3,548364.5,15905.9,11766.7,0.54,59179.0,2256.9599609375,52.83000183105469,3.377000093460083,3.337300062179565
2016-12-13,13.75,0.3,548364.5,15905.9,11766.7,0.54,59281.0,2271.719970703125,52.97999954223633,3.337300062179565,3.334199905395508
2016-12-14,13.75,0.3,548364.5,15905.9,11766.7,0.54,58212.0,2253.280029296875,51.040000915527344,3.334199905395508,3.36899995803833
2016-12-15,13.75,0.3,548364.5,15905.9,11766.7,0.54,58396.0,2262.030029296875,50.900001525878906,3.36899995803833,3.3657000064849854
2016-12-16,13.75,0.3,548364.5,15905.9,11766.7,0.54,58389.0,2258.070068359375,51.900001525878906,3.3657000064849854,3.390399932861328
2016-12-19,13.75,0.3,548364.5,15905.9,11766.7,0.54,57111.0,2262.530029296875,52.119998931884766,3.390399932861328,3.363899946212769
2016-12-20,13.75,0.3,548364.5,15905.9,11766.7,0.54,57583.0,2270.760009765625,52.22999954223633,3.363899946212769,3.353100061416626
2016-12-21,13.75,0.3,548364.5,15905.9,11766.7,0.54,57647.0,2265.179931640625,52.4900016784668,3.353100061416626,3.325400114059448
2016-12-22,13.75,0.3,548364.5,15905.9,11766.7,0.54,57255.0,2260.9599609375,52.95000076293945,3.325400114059448,3.28629994392395
2016-12-23,13.75,0.3,548364.5,15905.9,11766.7,0.54,57937.0,2263.7900390625,53.02000045776367,3.28629994392395,3.2695000171661377
2016-12-26,13.75,0.3,548364.5,15905.9,11766.7,0.54,58620.0,2266.3349609375,53.46000099182129,3.2695000171661377,3.269599914550781
2016-12-27,13.75,0.3,548364.5,15905.9,11766.7,0.54,58697.0,2268.8798828125,53.900001525878906,3.269599914550781,3.269399881362915
2016-12-28,13.75,0.3,548364.5,15905.9,11766.7,0.54,59782.0,2249.919921875,54.060001373291016,3.269399881362915,3.282500028610229
2016-12-29,13.75,0.3,548364.5,15905.9,11766.7,0.54,60227.0,2249.260009765625,53.77000045776367,3.282500028610229,3.2523000240325928
2016-12-30,13.75,0.3,548364.5,15905.9,11766.7,0.54,59908.0,2238.830078125,53.720001220703125,3.2523000240325928,3.253200054168701
2017-01-02,13.75,0.38,513967.5,14879.9,12452.9,0.65,59589.0,2248.330078125,53.025001525878906,3.253200054168701,3.2839999198913574
2017-01-03,13.75,0.38,513967.5,14879.9,12452.9,0.65,61814.0,2257.830078125,52.33000183105469,3.2839999198913574,3.263499975204468
2017-01-04,13.75,0.38,513967.5,14879.9,12452.9,0.65,61589.0,2270.75,53.2599983215332,3.263499975204468,3.214099884033203
2017-01-05,13.75,0.38,513967.5,14879.9,12452.9,0.65,62071.0,2269.0,53.7599983215332,3.214099884033203,3.197700023651123
2017-01-06,13.75,0.38,513967.5,14879.9,12452.9,0.65,61665.0,2276.97998046875,53.9900016784668,3.197700023651123,3.2221999168396
2017-01-09,13.75,0.38,513967.5,14879.9,12452.9,0.65,61700.0,2268.89990234375,51.959999084472656,3.2221999168396,3.195499897003174
2017-01-10,13.75,0.38,513967.5,14879.9,12452.9,0.65,62132.0,2268.89990234375,50.81999969482422,3.195499897003174,3.194499969482422
2017-01-11,13.75,0.38,513967.5,14879.9,12452.9,0.65,62446.0,2275.320068359375,52.25,3.194499969482422,3.1963000297546387
2017-01-12,13.0,0.38,513967.5,14879.9,12452.9,0.65,63954.0,2270.43994140625,53.0099983215332,3.1963000297546387,3.186800003051758
2017-01-13,13.0,0.38,513967.5,14879.9,12452.9,0.65,63652.0,2274.639892578125,52.369998931884766,3.186800003051758,3.186800003051758
2017-01-16,13.0,0.38,513967.5,14879.9,12452.9,0.65,63831.0,2271.264892578125,52.42499923706055,3.186800003051758,3.240499973297119
2017-01-17,13.0,0.38,513967.5,14879.9,12452.9,0.65,64354.0,2267.889892578125,52.47999954223633,3.240499973297119,3.2098000049591064
2017-01-18,13.0,0.38,513967.5,14879.9,12452.9,0.65,64150.0,2271.889892578125,51.08000183105469,3.2098000049591064,3.229599952697754
2017-01-19,13.0,0.38,513967.5,14879.9,12452.9,0.65,63951.0,2263.68994140625,51.369998931884766,3.229599952697754,3.1949000358581543
2017-01-20,13.0,0.38,513967.5,14879.9,12452.9,0.65,64521.0,2271.31005859375,52.41999816894531,3.1949000358581543,3.1422998905181885
2017-01-23,13.0,0.38,513967.5,14879.9,12452.9,0.65,65749.0,2265.199951171875,52.75,3.1422998905181885,3.1617000102996826
2017-01-24,13.0,0.38,513967.5,14879.9,12452.9,0.65,65840.0,2280.070068359375,53.18000030517578,3.1617000102996826,3.1686999797821045
2017-01-25,13.0,0.38,513967.5,14879.9,12452.9,0.65,66015.5,2298.3701171875,52.75,3.1686999797821045,3.1684999465942383
2017-01-26,13.0,0.38,513967.5,14879.9,12452.9,0.65,66191.0,2296.679931640625,53.77999877929688,3.1684999465942383,3.176100015640259
2017-01-27,13.0,0.38,513967.5,14879.9,12452.9,0.65,66034.0,2294.68994140625,53.16999816894531,3.176100015640259,3.109600067138672
2017-01-30,13.0,0.38,513967.5,14879.9,12452.9,0.65,64302.0,2280.89990234375,52.630001068115234,3.109600067138672,3.125499963760376
2017-01-31,13.0,0.38,513967.5,14879.9,12452.9,0.65,64671.0,2278.8701171875,52.810001373291016,3.125499963760376,3.150099992752075
2017-02-01,13.0,0.33,511062.2,15497.8,11129.7,0.66,64836.0,2279.550048828125,53.880001068115234,3.150099992752075,3.128000020980835
2017-02-02,13.0,0.33,511062.2,15497.8,11129.7,0.66,64578.0,2280.85009765625,53.540000915527344,3.128000020980835,3.122499942779541
2017-02-03,13.0,0.33,511062.2,15497.8,11129.7,0.66,64954.0,2297.419921875,53.83000183105469,3.122499942779541,3.119499921798706
2017-02-06,13.0,0.33,511062.2,15497.8,11129.7,0.66,63993.0,2292.56005859375,53.0099983215332,3.119499921798706,3.1136999130249023
2017-02-07,13.0,0.33,511062.2,15497.8,11129.7,0.66,64199.0,2293.080078125,52.16999816894531,3.1136999130249023,3.1166999340057373
2017-02-08,13.0,0.33,511062.2,15497.8,11129.7,0.66,64835.0,2294.669921875,52.34000015258789,3.1166999340057373,3.115900039672852
2017-02-09,13.0,0.33,511062.2,15497.8,11129.7,0.66,64965.0,2307.8701171875,53.0,3.115900039672852,3.1287999153137207
2017-02-10,13.0,0.33,511062.2,15497.8,11129.7,0.66,66125.0,2316.10009765625,53.86000061035156,3.1287999153137207,3.107100009918213
2017-02-13,13.0,0.33,511062.2,15497.8,11129.7,0.66,66968.0,2328.25,52.93000030517578,3.107100009918213,3.110100030899048
2017-02-14,13.0,0.33,511062.2,15497.8,11129.7,0.66,66713.0,2337.580078125,53.20000076293945,3.110100030899048,3.081199884414673
2017-02-15,13.0,0.33,511062.2,15497.8,11129.7,0.66,67976.0,2349.25,53.11000061035156,3.081199884414673,3.0560998916625977
2017-02-16,13.0,0.33,511062.2,15497.8,11129.7,0.66,67814.0,2347.219970703125,53.36000061035156,3.0560998916625977,3.087500095367432
2017-02-17,13.0,0.33,511062.2,15497.8,11129.7,0.66,67748.0,2351.159912109375,53.400001525878906,3.087500095367432,3.095499992370605
2017-02-20,13.0,0.33,511062.2,15497.8,11129.7,0.66,68533.0,2358.269897460937,53.73000144958496,3.095499992370605,3.0855000019073486
2017-02-21,13.0,0.33,511062.2,15497.8,11129.7,0.66,69052.0,2365.3798828125,54.060001373291016,3.0855000019073486,3.093899965286255
2017-02-22,13.0,0.33,511062.2,15497.8,11129.7,0.66,68590.0,2362.820068359375,53.59000015258789,3.093899965286255,3.062299966812134
2017-02-23,12.25,0.33,511062.2,15497.8,11129.7,0.66,67461.0,2363.81005859375,54.45000076293945,3.062299966812134,3.06030011177063
2017-02-24,12.25,0.33,511062.2,15497.8,11129.7,0.66,66662.0,2367.340087890625,53.9900016784668,3.06030011177063,3.094599962234497
2017-02-27,12.25,0.33,511062.2,15497.8,11129.7,0.66,66771.0,2369.75,54.04999923706055,3.094599962234497,3.105299949645996
2017-02-28,12.25,0.33,511062.2,15497.8,11129.7,0.66,66880.0,2363.639892578125,54.0099983215332,3.105299949645996,3.1080000400543213
2017-03-01,12.25,0.25,560643.6,20107.3,13688.7,0.79,66989.0,2395.9599609375,53.83000183105469,3.1080000400543213,3.088200092315674
2017-03-02,12.25,0.25,560643.6,20107.3,13688.7,0.79,65855.0,2381.919921875,52.61000061035156,3.088200092315674,3.154599905014038
2017-03-03,12.25,0.25,560643.6,20107.3,13688.7,0.79,66786.0,2383.1201171875,53.33000183105469,3.154599905014038,3.119999885559082
2017-03-06,12.25,0.25,560643.6,20107.3,13688.7,0.79,66341.0,2375.31005859375,53.20000076293945,3.119999885559082,3.137200117111206
2017-03-07,12.25,0.25,560643.6,20107.3,13688.7,0.79,65742.0,2368.389892578125,53.13999938964844,3.137200117111206,3.115900039672852
2017-03-08,12.25,0.25,560643.6,20107.3,13688.7,0.79,64718.0,2362.97998046875,50.27999877929688,3.115900039672852,3.1593000888824463
2017-03-09,12.25,0.25,560643.6,20107.3,13688.7,0.79,64585.0,2364.8701171875,49.27999877929688,3.1593000888824463,3.1912999153137207
2017-03-10,12.25,0.25,560643.6,20107.3,13688.7,0.79,64675.0,2372.60009765625,48.4900016784668,3.1912999153137207,3.1475000381469727
2017-03-13,12.25,0.25,560643.6,20107.3,13688.7,0.79,65534.0,2373.469970703125,48.400001525878906,3.1475000381469727,3.152400016784668
2017-03-14,12.25,0.25,560643.6,20107.3,13688.7,0.79,64699.0,2365.449951171875,47.720001220703125,3.152400016784668,3.1637001037597656
2017-03-15,12.25,0.25,560643.6,20107.3,13688.7,0.79,66235.0,2385.260009765625,48.86000061035156,3.1637001037597656,3.099900007247925
2017-03-16,12.25,0.25,560643.6,20107.3,13688.7,0.79,65783.0,2381.3798828125,48.75,3.099900007247925,3.11929988861084
2017-03-17,12.25,0.25,560643.6,20107.3,13688.7,0.79,64210.0,2378.25,48.77999877929688,3.11929988861084,3.0866000652313232
2017-03-20,12.25,0.25,560643.6,20107.3,13688.7,0.79,64884.0,2373.469970703125,48.220001220703125,3.0866000652313232,3.071000099182129
2017-03-21,12.25,0.25,560643.6,20107.3,13688.7,0.79,62980.0,2344.02001953125,47.34000015258789,3.071000099182129,3.086800098419189
2017-03-22,12.25,0.25,560643.6,20107.3,13688.7,0.79,63521.0,2348.449951171875,48.040000915527344,3.086800098419189,3.0848000049591064
2017-03-23,12.25,0.25,560643.6,20107.3,13688.7,0.79,63531.0,2345.9599609375,47.70000076293945,3.0848000049591064,3.138099908828736
2017-03-24,12.25,0.25,560643.6,20107.3,13688.7,0.79,63854.0,2343.97998046875,47.970001220703125,3.138099908828736,3.1096999645233154
2017-03-27,12.25,0.25,560643.6,20107.3,13688.7,0.79,64308.0,2341.590087890625,47.72999954223633,3.1096999645233154,3.125200033187866
2017-03-28,12.25,0.25,560643.6,20107.3,13688.7,0.79,64640.0,2358.570068359375,48.369998931884766,3.125200033187866,3.138400077819824
2017-03-29,12.25,0.25,560643.6,20107.3,13688.7,0.79,65528.0,2361.1298828125,49.5099983215332,3.138400077819824,3.122100114822388
2017-03-30,12.25,0.25,560643.6,20107.3,13688.7,0.79,65266.0,2368.06005859375,50.34999847412109,3.122100114822388,3.147700071334839
2017-03-31,12.25,0.25,560643.6,20107.3,13688.7,0.79,64984.0,2362.719970703125,50.59999847412109,3.147700071334839,3.121799945831299
2017-04-03,12.25,0.14,537775.2,17694.7,11569.0,0.9,65211.0,2358.840087890625,50.2400016784668,3.121799945831299,3.11299991607666
2017-04-04,12.25,0.14,537775.2,17694.7,11569.0,0.9,65769.0,2360.159912109375,51.02999877929688,3.11299991607666,3.095599889755249
2017-04-05,12.25,0.14,537775.2,17694.7,11569.0,0.9,64775.0,2352.949951171875,51.150001525878906,3.095599889755249,3.1196000576019287
2017-04-06,12.25,0.14,537775.2,17694.7,11569.0,0.9,64223.0,2357.489990234375,51.70000076293945,3.1196000576019287,3.1414999961853027
2017-04-07,12.25,0.14,537775.2,17694.7,11569.0,0.9,64593.0,2355.5400390625,52.2400016784668,3.1414999961853027,3.144700050354004
2017-04-10,12.25,0.14,537775.2,17694.7,11569.0,0.9,64650.0,2357.159912109375,53.08000183105469,3.144700050354004,3.131799936294556
2017-04-11,12.25,0.14,537775.2,17694.7,11569.0,0.9,64360.0,2353.780029296875,53.400001525878906,3.131799936294556,3.1368000507354736
2017-04-12,12.25,0.14,537775.2,17694.7,11569.0,0.9,63892.0,2344.929931640625,53.11000061035156,3.1368000507354736,3.123500108718872
2017-04-13,11.25,0.14,537775.2,17694.7,11569.0,0.9,62826.0,2328.949951171875,53.18000030517578,3.123500108718872,3.142400026321411
2017-04-14,11.25,0.14,537775.2,17694.7,11569.0,0.9,63580.5,2338.97998046875,52.915000915527344,3.142400026321411,3.143699884414673
2017-04-17,11.25,0.14,537775.2,17694.7,11569.0,0.9,64335.0,2349.010009765625,52.650001525878906,3.143699884414673,3.130300045013428
2017-04-18,11.25,0.14,537775.2,17694.7,11569.0,0.9,64159.0,2342.18994140625,52.40999984741211,3.130300045013428,3.1064999103546143
2017-04-19,11.25,0.14,537775.2,17694.7,11569.0,0.9,63407.0,2338.169921875,50.43999862670898,3.1064999103546143,3.1482999324798584
2017-04-20,11.25,0.14,537775.2,17694.7,11569.0,0.9,63761.0,2355.840087890625,50.27000045776367,3.1482999324798584,3.14709997177124
2017-04-21,11.25,0.14,537775.2,17694.7,11569.0,0.9,64075.0,2348.68994140625,49.619998931884766,3.14709997177124,3.1468000411987305
2017-04-24,11.25,0.14,537775.2,17694.7,11569.0,0.9,64389.0,2374.14990234375,49.22999954223633,3.1468000411987305,3.127000093460083
2017-04-25,11.25,0.14,537775.2,17694.7,11569.0,0.9,65148.0,2388.610107421875,49.560001373291016,3.127000093460083,3.147200107574463
2017-04-26,11.25,0.14,537775.2,17694.7,11569.0,0.9,64862.0,2387.449951171875,49.619998931884766,3.147200107574463,3.171099901199341
2017-04-27,11.25,0.14,537775.2,17694.7,11569.0,0.9,64677.0,2388.77001953125,48.970001220703125,3.171099901199341,3.1810998916625977
2017-04-28,11.25,0.14,537775.2,17694.7,11569.0,0.9,65403.0,2384.199951171875,49.33000183105469,3.1810998916625977,3.176100015640259
2017-05-01,11.25,0.31,549622.1,19809.9,13097.8,0.91,66062.5,2388.330078125,48.84000015258789,3.176100015640259,3.175100088119507
2017-05-02,11.25,0.31,549622.1,19809.9,13097.8,0.91,66722.0,2391.169921875,47.65999984741211,3.175100088119507,3.1501998901367188
2017-05-03,11.25,0.31,549622.1,19809.9,13097.8,0.91,66094.0,2388.1298828125,47.81999969482422,3.1501998901367188,3.162100076675415
2017-05-04,11.25,0.31,549622.1,19809.9,13097.8,0.91,64863.0,2389.52001953125,45.52000045776367,3.162100076675415,3.184900045394897
2017-05-05,11.25,0.31,549622.1,19809.9,13097.8,0.91,65710.0,2399.2900390625,46.220001220703125,3.184900045394897,3.1777000427246094
2017-05-08,11.25,0.31,549622.1,19809.9,13097.8,0.91,65526.0,2399.3798828125,46.43000030517578,3.1777000427246094,3.1963999271392822
2017-05-09,11.25,0.31,549622.1,19809.9,13097.8,0.91,66278.0,2396.919921875,45.880001068115234,3.1963999271392822,3.186800003051758
2017-05-10,11.25,0.31,549622.1,19809.9,13097.8,0.91,67350.0,2399.6298828125,47.33000183105469,3.186800003051758,3.165699958801269
2017-05-11,11.25,0.31,549622.1,19809.9,13097.8,0.91,67538.0,2394.43994140625,47.83000183105469,3.165699958801269,3.138999938964844
2017-05-12,11.25,0.31,549622.1,19809.9,13097.8,0.91,68222.0,2390.89990234375,47.84000015258789,3.138999938964844,3.1777000427246094
2017-05-15,11.25,0.31,549622.1,19809.9,13097.8,0.91,68474.0,2402.320068359375,48.84999847412109,3.1777000427246094,3.1082000732421875
2017-05-16,11.25,0.31,549622.1,19809.9,13097.8,0.91,68684.0,2400.669921875,48.65999984741211,3.1082000732421875,3.0957999229431152
2017-05-17,11.25,0.31,549622.1,19809.9,13097.8,0.91,67540.0,2357.030029296875,49.06999969482422,3.0957999229431152,3.1333999633789062
2017-05-18,11.25,0.31,549622.1,19809.9,13097.8,0.91,61597.0,2365.719970703125,49.34999847412109,3.1333999633789062,3.36899995803833
2017-05-19,11.25,0.31,549622.1,19809.9,13097.8,0.91,62639.0,2381.72998046875,50.33000183105469,3.36899995803833,3.2532999515533447
2017-05-22,11.25,0.31,549622.1,19809.9,13097.8,0.91,61673.0,2394.02001953125,50.72999954223633,3.2532999515533447,3.265399932861328
2017-05-23,11.25,0.31,549622.1,19809.9,13097.8,0.91,62662.0,2398.419921875,51.470001220703125,3.265399932861328,3.2685999870300293
2017-05-24,11.25,0.31,549622.1,19809.9,13097.8,0.91,63257.0,2404.389892578125,51.36000061035156,3.2685999870300293,3.274199962615967
2017-05-25,11.25,0.31,549622.1,19809.9,13097.8,0.91,63227.0,2415.070068359375,48.900001525878906,3.274199962615967,3.2734999656677246
2017-05-26,11.25,0.31,549622.1,19809.9,13097.8,0.91,64085.0,2415.820068359375,49.79999923706055,3.2734999656677246,3.1777000427246094
2017-05-29,11.25,0.31,549622.1,19809.9,13097.8,0.91,63761.0,2414.364990234375,49.72999954223633,3.1777000427246094,3.255399942398072
2017-05-30,11.25,0.31,549622.1,19809.9,13097.8,0.91,63962.0,2412.909912109375,49.65999984741211,3.255399942398072,3.256200075149536
2017-05-31,11.25,0.31,549622.1,19809.9,13097.8,0.91,62711.0,2411.800048828125,48.31999969482422,3.256200075149536,3.225100040435791
2017-06-01,10.25,-0.23,543332.3,19803.3,13534.6,1.04,62289.0,2430.06005859375,48.36000061035156,3.225100040435791,3.249000072479248
2017-06-02,10.25,-0.23,543332.3,19803.3,13534.6,1.04,62511.0,2439.070068359375,47.65999984741211,3.249000072479248,3.2492001056671143
2017-06-05,10.25,-0.23,543332.3,19803.3,13534.6,1.04,62450.0,2436.10009765625,47.400001525878906,3.2492001056671143,3.296099901199341
2017-06-06,10.25,-0.23,543332.3,19803.3,13534.6,1.04,62955.0,2429.330078125,48.18999862670898,3.296099901199341,3.276000022888184
2017-06-07,10.25,-0.23,543332.3,19803.3,13534.6,1.04,63171.0,2433.139892578125,45.720001220703125,3.276000022888184,3.2672998905181885
2017-06-08,10.25,-0.23,543332.3,19803.3,13534.6,1.04,62756.0,2433.7900390625,45.63999938964844,3.2672998905181885,3.2595999240875244
2017-06-09,10.25,-0.23,543332.3,19803.3,13534.6,1.04,62211.0,2431.77001953125,45.83000183105469,3.2595999240875244,3.1777000427246094
2017-06-12,10.25,-0.23,543332.3,19803.3,13534.6,1.04,61700.0,2429.389892578125,46.08000183105469,3.1777000427246094,3.316699981689453
2017-06-13,10.25,-0.23,543332.3,19803.3,13534.6,1.04,61829.0,2440.35009765625,46.459999084472656,3.316699981689453,3.3143999576568604
2017-06-14,10.25,-0.23,543332.3,19803.3,13534.6,1.04,61923.0,2437.919921875,44.72999954223633,3.3143999576568604,3.272599935531616
2017-06-15,10.25,-0.23,543332.3,19803.3,13534.6,1.04,61774.5,2432.4599609375,44.459999084472656,3.272599935531616,3.273600101470948
2017-06-16,10.25,-0.23,543332.3,19803.3,13534.6,1.04,61626.0,2433.14990234375,44.7400016784668,3.273600101470948,3.288599967956543
2017-06-19,10.25,-0.23,543332.3,19803.3,13534.6,1.04,62014.0,2453.4599609375,44.20000076293945,3.288599967956543,3.281100034713745
2017-06-20,10.25,-0.23,543332.3,19803.3,13534.6,1.04,60766.0,2437.030029296875,43.22999954223633,3.281100034713745,3.325500011444092
2017-06-21,10.25,-0.23,543332.3,19803.3,13534.6,1.04,60762.0,2435.610107421875,42.52999877929688,3.325500011444092,3.333400011062622
2017-06-22,10.25,-0.23,543332.3,19803.3,13534.6,1.04,61272.0,2434.5,42.7400016784668,3.333400011062622,3.3396999835968018
2017-06-23,10.25,-0.23,543332.3,19803.3,13534.6,1.04,61087.0,2438.300048828125,43.0099983215332,3.3396999835968018,3.3415000438690186
2017-06-26,10.25,-0.23,543332.3,19803.3,13534.6,1.04,62188.0,2439.070068359375,43.380001068115234,3.3415000438690186,3.294800043106079
2017-06-27,10.25,-0.23,543332.3,19803.3,13534.6,1.04,61675.0,2419.3798828125,44.2400016784668,3.294800043106079,3.312000036239624
2017-06-28,10.25,-0.23,543332.3,19803.3,13534.6,1.04,62018.0,2440.68994140625,44.7400016784668,3.312000036239624,3.2795000076293945
2017-06-29,10.25,-0.23,543332.3,19803.3,13534.6,1.04,62239.0,2419.699951171875,44.93000030517578,3.2795000076293945,3.3027000427246094
2017-06-30,10.25,-0.23,543332.3,19803.3,13534.6,1.04,62900.0,2423.409912109375,46.040000915527344,3.3027000427246094,3.1777000427246094
2017-07-03,10.25,0.24,548418.5,18786.5,13402.6,1.15,63280.0,2429.010009765625,47.06999969482422,3.1777000427246094,3.30049991607666
2017-07-04,10.25,0.24,548418.5,18786.5,13402.6,1.15,63232.0,2430.7750244140625,46.10000038146973,3.30049991607666,3.309200048446656
2017-07-05,10.25,0.24,548418.5,18786.5,13402.6,1.15,63154.0,2432.5400390625,45.130001068115234,3.309200048446656,3.2869999408721924
2017-07-06,10.25,0.24,548418.5,18786.5,13402.6,1.15,62470.0,2409.75,45.52000045776367,3.2869999408721924,3.297300100326538
2017-07-07,10.25,0.24,548418.5,18786.5,13402.6,1.15,62322.0,2425.179931640625,44.22999954223633,3.297300100326538,3.1777000427246094
2017-07-10,10.25,0.24,548418.5,18786.5,13402.6,1.15,63025.0,2427.429931640625,44.400001525878906,3.1777000427246094,3.2530999183654785
2017-07-12,10.25,0.24,548418.5,18786.5,13402.6,1.15,64836.0,2443.25,45.4900016784668,3.2530999183654785,3.2067999839782715
2017-07-13,10.25,0.24,548418.5,18786.5,13402.6,1.15,65178.0,2447.830078125,46.08000183105469,3.2067999839782715,3.2100000381469727
2017-07-14,10.25,0.24,548418.5,18786.5,13402.6,1.15,65436.0,2459.27001953125,46.540000915527344,3.2100000381469727,3.1777000427246094
2017-07-17,10.25,0.24,548418.5,18786.5,13402.6,1.15,65212.0,2459.139892578125,46.02000045776367,3.1777000427246094,3.1812000274658203
2017-07-18,10.25,0.24,548418.5,18786.5,13402.6,1.15,65338.0,2460.610107421875,46.400001525878906,3.1812000274658203,3.1526999473571777
2017-07-19,10.25,0.24,548418.5,18786.5,13402.6,1.15,65180.0,2473.830078125,47.119998931884766,3.1526999473571777,3.147700071334839
2017-07-20,10.25,0.24,548418.5,18786.5,13402.6,1.15,64938.0,2473.449951171875,46.790000915527344,3.147700071334839,3.1184000968933105
2017-07-21,10.25,0.24,548418.5,18786.5,13402.6,1.15,64684.0,2472.5400390625,45.77000045776367,3.1184000968933105,3.1777000427246094
2017-07-24,10.25,0.24,548418.5,18786.5,13402.6,1.15,65100.0,2469.909912109375,46.34000015258789,3.1777000427246094,3.144399881362915
2017-07-25,10.25,0.24,548418.5,18786.5,13402.6,1.15,65668.0,2477.1298828125,47.88999938964844,3.144399881362915,3.1712000370025635
2017-07-26,10.25,0.24,548418.5,18786.5,13402.6,1.15,65011.0,2477.830078125,48.75,3.1712000370025635,3.137500047683716
2017-07-27,9.25,0.24,548418.5,18786.5,13402.6,1.15,65277.0,2475.419921875,49.040000915527344,3.137500047683716,3.152600049972534
2017-07-28,9.25,0.24,548418.5,18786.5,13402.6,1.15,65497.0,2472.10009765625,49.709999084472656,3.152600049972534,3.1777000427246094
2017-07-31,9.25,0.24,548418.5,18786.5,13402.6,1.15,65920.0,2470.300048828125,50.16999816894531,3.1777000427246094,3.1257998943328857
2017-08-01,9.25,0.19,555846.8,19500.4,14952.5,1.16,66516.0,2476.35009765625,49.15999984741211,3.1257998943328857,3.12280011177063
2017-08-02,9.25,0.19,555846.8,19500.4,14952.5,1.16,67136.0,2477.570068359375,49.59000015258789,3.12280011177063,3.1122000217437744
2017-08-03,9.25,0.19,555846.8,19500.4,14952.5,1.16,66777.0,2472.159912109375,49.02999877929688,3.1122000217437744,3.111500024795532
2017-08-04,9.25,0.19,555846.8,19500.4,14952.5,1.16,66898.0,2476.830078125,49.58000183105469,3.111500024795532,3.129300117492676
2017-08-07,9.25,0.19,555846.8,19500.4,14952.5,1.16,67940.0,2480.909912109375,49.38999938964844,3.129300117492676,3.1242001056671143
2017-08-08,9.25,0.19,555846.8,19500.4,14952.5,1.16,67899.0,2474.919921875,49.16999816894531,3.1242001056671143,3.1259000301361084
2017-08-09,9.25,0.19,555846.8,19500.4,14952.5,1.16,67671.0,2474.02001953125,49.560001373291016,3.1259000301361084,3.1522998809814453
2017-08-10,9.25,0.19,555846.8,19500.4,14952.5,1.16,66992.0,2438.2099609375,48.59000015258789,3.1522998809814453,3.1735999584198
2017-08-11,9.25,0.19,555846.8,19500.4,14952.5,1.16,67359.0,2441.320068359375,48.81999969482422,3.1735999584198,3.1777000427246094
2017-08-14,9.25,0.19,555846.8,19500.4,14952.5,1.16,68285.0,2465.840087890625,47.59000015258789,3.1777000427246094,3.1872000694274902
2017-08-15,9.25,0.19,555846.8,19500.4,14952.5,1.16,68355.0,2464.610107421875,47.54999923706055,3.1872000694274902,3.16759991645813
2017-08-16,9.25,0.19,555846.8,19500.4,14952.5,1.16,68594.0,2468.110107421875,46.77999877929688,3.16759991645813,3.151400089263916
2017-08-17,9.25,0.19,555846.8,19500.4,14952.5,1.16,67977.0,2430.010009765625,47.09000015258789,3.151400089263916,3.17330002784729
2017-08-18,9.25,0.19,555846.8,19500.4,14952.5,1.16,68715.0,2425.550048828125,48.5099983215332,3.17330002784729,3.1777000427246094
2017-08-21,9.25,0.19,555846.8,19500.4,14952.5,1.16,68635.0,2428.3701171875,47.369998931884766,3.1777000427246094,3.1630001068115234
2017-08-22,9.25,0.19,555846.8,19500.4,14952.5,1.16,70011.0,2452.510009765625,47.63999938964844,3.1630001068115234,3.1605000495910645
2017-08-23,9.25,0.19,555846.8,19500.4,14952.5,1.16,70478.0,2444.0400390625,48.40999984741211,3.1605000495910645,3.1393001079559326
2017-08-24,9.25,0.19,555846.8,19500.4,14952.5,1.16,71133.0,2438.969970703125,47.43000030517578,3.1393001079559326,3.1465001106262207
2017-08-25,9.25,0.19,555846.8,19500.4,14952.5,1.16,71074.0,2443.050048828125,47.869998931884766,3.1465001106262207,3.158699989318848
2017-08-28,9.25,0.19,555846.8,19500.4,14952.5,1.16,71017.0,2444.239990234375,46.56999969482422,3.158699989318848,3.165800094604492
2017-08-29,9.25,0.19,555846.8,19500.4,14952.5,1.16,71330.0,2446.300048828125,46.43999862670898,3.165800094604492,3.1642000675201416
2017-08-30,9.25,0.19,555846.8,19500.4,14952.5,1.16,70886.0,2457.590087890625,45.959999084472656,3.1642000675201416,3.158799886703491
2017-08-31,9.25,0.19,555846.8,19500.4,14952.5,1.16,70835.0,2471.64990234375,47.22999954223633,3.158799886703491,3.1459999084472656
2017-09-01,9.25,0.16,544369.9,18690.6,14389.2,1.15,71923.0,2476.550048828125,47.290000915527344,3.1459999084472656,3.1777000427246094
2017-09-04,9.25,0.16,544369.9,18690.6,14389.2,1.15,72129.0,2467.2000732421875,47.97500038146973,3.1777000427246094,3.139400005340576
2017-09-05,9.25,0.16,544369.9,18690.6,14389.2,1.15,72151.0,2457.85009765625,48.65999984741211,3.139400005340576,3.115799903869629
2017-09-06,9.25,0.16,544369.9,18690.6,14389.2,1.15,73412.0,2465.5400390625,49.15999984741211,3.115799903869629,3.097899913787842
2017-09-07,9.25,0.16,544369.9,18690.6,14389.2,1.15,73245.5,2465.10009765625,49.09000015258789,3.097899913787842,3.097599983215332
2017-09-08,8.25,0.16,544369.9,18690.6,14389.2,1.15,73079.0,2461.429931640625,47.47999954223633,3.097599983215332,3.1777000427246094
2017-09-11,8.25,0.16,544369.9,18690.6,14389.2,1.15,74319.0,2488.110107421875,48.06999969482422,3.1777000427246094,3.0996999740600586
2017-09-12,8.25,0.16,544369.9,18690.6,14389.2,1.15,74539.0,2496.47998046875,48.22999954223633,3.0996999740600586,3.121900081634521
2017-09-13,8.25,0.16,544369.9,18690.6,14389.2,1.15,74788.0,2498.3701171875,49.29999923706055,3.121900081634521,3.131599903106689
2017-09-14,8.25,0.16,544369.9,18690.6,14389.2,1.15,74657.0,2495.6201171875,49.88999938964844,3.131599903106689,3.1180999279022217
2017-09-15,8.25,0.16,544369.9,18690.6,14389.2,1.15,75757.0,2500.22998046875,49.88999938964844,3.1180999279022217,3.1096999645233154
2017-09-18,8.25,0.16,544369.9,18690.6,14389.2,1.15,75990.0,2503.8701171875,49.90999984741211,3.1096999645233154,3.1349000930786133
2017-09-19,8.25,0.16,544369.9,18690.6,14389.2,1.15,75974.0,2506.64990234375,49.47999954223633,3.1349000930786133,3.1328001022338867
2017-09-20,8.25,0.16,544369.9,18690.6,14389.2,1.15,76004.0,2508.239990234375,50.40999984741211,3.1328001022338867,3.130599975585937
2017-09-21,8.25,0.16,544369.9,18690.6,14389.2,1.15,75604.0,2500.60009765625,50.54999923706055,3.130599975585937,3.134500026702881
2017-09-22,8.25,0.16,544369.9,18690.6,14389.2,1.15,75390.0,2502.219970703125,50.65999984741211,3.134500026702881,3.123500108718872
2017-09-25,8.25,0.16,544369.9,18690.6,14389.2,1.15,74443.0,2496.659912109375,52.220001220703125,3.123500108718872,3.157299995422364
2017-09-26,8.25,0.16,544369.9,18690.6,14389.2,1.15,74319.0,2496.840087890625,51.880001068115234,3.157299995422364,3.1638998985290527
2017-09-27,8.25,0.16,544369.9,18690.6,14389.2,1.15,73797.0,2507.0400390625,52.13999938964844,3.1638998985290527,3.19190001487732
2017-09-28,8.25,0.16,544369.9,18690.6,14389.2,1.15,73567.0,2510.06005859375,51.560001373291016,3.19190001487732,3.1809000968933105
2017-09-29,8.25,0.16,544369.9,18690.6,14389.2,1.15,74294.0,2519.360107421875,51.66999816894531,3.1809000968933105,3.1633999347686768
2017-10-02,8.25,0.42,567961.4,18886.0,14757.8,1.15,74360.0,2529.1201171875,50.58000183105469,3.1633999347686768,3.152899980545044
2017-10-03,8.25,0.42,567961.4,18886.0,14757.8,1.15,76763.0,2534.580078125,50.41999816894531,3.152899980545044,3.1407999992370605
2017-10-04,8.25,0.42,567961.4,18886.0,14757.8,1.15,76591.0,2537.739990234375,49.97999954223633,3.1407999992370605,3.13319993019104
2017-10-05,8.25,0.42,567961.4,18886.0,14757.8,1.15,76618.0,2552.070068359375,50.790000915527344,3.13319993019104,3.152400016784668
2017-10-06,8.25,0.42,567961.4,18886.0,14757.8,1.15,76055.0,2549.330078125,49.290000915527344,3.152400016784668,3.1554999351501465
2017-10-09,8.25,0.42,567961.4,18886.0,14757.8,1.15,75727.0,2544.72998046875,49.58000183105469,3.1554999351501465,3.186800003051758
2017-10-10,8.25,0.42,567961.4,18886.0,14757.8,1.15,76897.0,2550.639892578125,50.91999816894531,3.186800003051758,3.177799940109253
2017-10-11,8.25,0.42,567961.4,18886.0,14757.8,1.15,76660.0,2555.239990234375,51.29999923706055,3.177799940109253,3.1696999073028564
2017-10-12,8.25,0.42,567961.4,18886.0,14757.8,1.15,76825.0,2550.929931640625,50.59999847412109,3.1696999073028564,3.1689999103546143
2017-10-13,8.25,0.42,567961.4,18886.0,14757.8,1.15,76990.0,2553.169921875,51.45000076293945,3.1689999103546143,3.146199941635132
2017-10-16,8.25,0.42,567961.4,18886.0,14757.8,1.15,76892.0,2557.639892578125,51.869998931884766,3.146199941635132,3.170300006866455
2017-10-17,8.25,0.42,567961.4,18886.0,14757.8,1.15,76201.0,2559.360107421875,51.880001068115234,3.170300006866455,3.156100034713745
2017-10-18,8.25,0.42,567961.4,18886.0,14757.8,1.15,76591.0,2561.260009765625,52.040000915527344,3.156100034713745,3.170099973678589
2017-10-19,8.25,0.42,567961.4,18886.0,14757.8,1.15,76283.0,2562.10009765625,51.290000915527344,3.170099973678589,3.164900064468384
2017-10-20,8.25,0.42,567961.4,18886.0,14757.8,1.15,76391.0,2575.2099609375,51.470001220703125,3.164900064468384,3.1909000873565674
2017-10-23,8.25,0.42,567961.4,18886.0,14757.8,1.15,75413.0,2564.97998046875,51.900001525878906,3.1909000873565674,3.2344000339508057
2017-10-24,8.25,0.42,567961.4,18886.0,14757.8,1.15,76350.0,2569.1298828125,52.470001220703125,3.2344000339508057,3.2425999641418457
2017-10-25,8.25,0.42,567961.4,18886.0,14757.8,1.15,76671.0,2557.14990234375,52.18000030517578,3.2425999641418457,3.2311999797821045
2017-10-26,7.5,0.42,567961.4,18886.0,14757.8,1.15,75896.0,2560.39990234375,52.63999938964844,3.2311999797821045,3.2864999771118164
2017-10-27,7.5,0.42,567961.4,18886.0,14757.8,1.15,75976.0,2581.070068359375,53.900001525878906,3.2864999771118164,3.234800100326538
2017-10-30,7.5,0.42,567961.4,18886.0,14757.8,1.15,74800.0,2572.830078125,54.150001525878906,3.234800100326538,3.287300109863281
2017-10-31,7.5,0.42,567961.4,18886.0,14757.8,1.15,74308.0,2575.260009765625,54.380001068115234,3.287300109863281,3.269599914550781
2017-11-01,7.5,0.28,574097.2,16715.4,14139.1,1.16,73824.0,2579.360107421875,54.29999923706055,3.269599914550781,3.266200065612793
2017-11-02,7.5,0.28,574097.2,16715.4,14139.1,1.16,73869.5,2579.85009765625,54.540000915527344,3.266200065612793,3.2646000385284424
2017-11-03,7.5,0.28,574097.2,16715.4,14139.1,1.16,73915.0,2587.840087890625,55.63999938964844,3.2646000385284424,3.29259991645813
2017-11-06,7.5,0.28,574097.2,16715.4,14139.1,1.16,74311.0,2591.1298828125,57.34999847412109,3.29259991645813,3.247900009155273
2017-11-07,7.5,0.28,574097.2,16715.4,14139.1,1.16,72415.0,2590.639892578125,57.20000076293945,3.247900009155273,3.2701001167297363
2017-11-08,7.5,0.28,574097.2,16715.4,14139.1,1.16,74363.0,2594.3798828125,56.810001373291016,3.2701001167297363,3.251300096511841
2017-11-09,7.5,0.28,574097.2,16715.4,14139.1,1.16,72931.0,2584.6201171875,57.16999816894531,3.251300096511841,3.248699903488159
2017-11-10,7.5,0.28,574097.2,16715.4,14139.1,1.16,72166.0,2582.300048828125,56.7400016784668,3.248699903488159,3.276400089263916
2017-11-13,7.5,0.28,574097.2,16715.4,14139.1,1.16,72475.0,2584.840087890625,56.7599983215332,3.276400089263916,3.275899887084961
2017-11-14,7.5,0.28,574097.2,16715.4,14139.1,1.16,70827.0,2578.8701171875,55.70000076293945,3.275899887084961,3.3118999004364014
2017-11-15,7.5,0.28,574097.2,16715.4,14139.1,1.16,72132.0,2564.6201171875,55.33000183105469,3.3118999004364014,3.2706000804901123
2017-11-17,7.5,0.28,574097.2,16715.4,14139.1,1.16,73437.0,2578.85009765625,56.54999923706055,3.2706000804901123,3.254499912261963
2017-11-20,7.5,0.28,574097.2,16715.4,14139.1,1.16,74016.0,2582.139892578125,56.09000015258789,3.254499912261963,3.253999948501587
2017-11-21,7.5,0.28,574097.2,16715.4,14139.1,1.16,74595.0,2599.030029296875,56.83000183105469,3.253999948501587,3.257299900054932
2017-11-22,7.5,0.28,574097.2,16715.4,14139.1,1.16,74519.0,2597.080078125,58.02000045776367,3.257299900054932,3.222899913787842
2017-11-23,7.5,0.28,574097.2,16715.4,14139.1,1.16,74487.0,2599.75,58.48500061035156,3.222899913787842,3.22029995918274
2017-11-24,7.5,0.28,574097.2,16715.4,14139.1,1.16,74157.0,2602.419921875,58.95000076293945,3.22029995918274,3.232899904251098
2017-11-27,7.5,0.28,574097.2,16715.4,14139.1,1.16,74059.0,2601.419921875,58.11000061035156,3.232899904251098,3.2263998985290527
2017-11-28,7.5,0.28,574097.2,16715.4,14139.1,1.16,74140.0,2627.0400390625,57.9900016784668,3.2263998985290527,3.209700107574463
2017-11-29,7.5,0.28,574097.2,16715.4,14139.1,1.16,72700.0,2626.070068359375,57.29999923706055,3.209700107574463,3.244800090789795
2017-11-30,7.5,0.28,574097.2,16715.4,14139.1,1.16,71971.0,2647.580078125,57.400001525878906,3.244800090789795,3.271199941635132
2017-12-01,7.5,0.44,578382.2,17628.8,13487.7,1.3,72264.0,2642.219970703125,58.36000061035156,3.271199941635132,3.2574000358581543
2017-12-04,7.5,0.44,578382.2,17628.8,13487.7,1.3,73090.0,2639.43994140625,57.470001220703125,3.2574000358581543,3.2425999641418457
2017-12-05,7.5,0.44,578382.2,17628.8,13487.7,1.3,72546.0,2629.570068359375,57.619998931884766,3.2425999641418457,3.240299940109253
2017-12-06,7.5,0.44,578382.2,17628.8,13487.7,1.3,73268.0,2629.27001953125,55.959999084472656,3.240299940109253,3.234299898147583
2017-12-07,7.0,0.44,578382.2,17628.8,13487.7,1.3,72487.0,2636.97998046875,56.68999862670898,3.234299898147583,3.2871999740600586
2017-12-08,7.0,0.44,578382.2,17628.8,13487.7,1.3,72732.0,2651.5,57.36000061035156,3.2871999740600586,3.287800073623657
2017-12-11,7.0,0.44,578382.2,17628.8,13487.7,1.3,72800.0,2659.989990234375,57.9900016784668,3.287800073623657,3.303299903869629
2017-12-12,7.0,0.44,578382.2,17628.8,13487.7,1.3,73814.0,2664.110107421875,57.13999938964844,3.303299903869629,3.303100109100342
2017-12-13,7.0,0.44,578382.2,17628.8,13487.7,1.3,72914.0,2662.85009765625,56.59999847412109,3.303100109100342,3.3085999488830566
2017-12-14,7.0,0.44,578382.2,17628.8,13487.7,1.3,72429.0,2652.010009765625,57.040000915527344,3.3085999488830566,3.340399980545044
2017-12-15,7.0,0.44,578382.2,17628.8,13487.7,1.3,72608.0,2675.81005859375,57.29999923706055,3.340399980545044,3.2920000553131104
2017-12-18,7.0,0.44,578382.2,17628.8,13487.7,1.3,73115.0,2690.159912109375,57.15999984741211,3.2920000553131104,3.290499925613404
2017-12-19,7.0,0.44,578382.2,17628.8,13487.7,1.3,72680.0,2681.469970703125,57.459999084472656,3.290499925613404,3.2885000705718994
2017-12-20,7.0,0.44,578382.2,17628.8,13487.7,1.3,73367.0,2679.25,58.09000015258789,3.2885000705718994,3.296499967575073
2017-12-21,7.0,0.44,578382.2,17628.8,13487.7,1.3,75133.0,2684.570068359375,58.36000061035156,3.296499967575073,3.30679988861084
2017-12-22,7.0,0.44,578382.2,17628.8,13487.7,1.3,75187.0,2683.340087890625,58.470001220703125,3.30679988861084,3.338000059127808
2017-12-25,7.0,0.44,578382.2,17628.8,13487.7,1.3,75437.5,2681.9200439453125,59.220001220703125,3.338000059127808,3.3355000019073486
2017-12-26,7.0,0.44,578382.2,17628.8,13487.7,1.3,75688.0,2680.5,59.970001220703125,3.3355000019073486,3.3097000122070312
2017-12-27,7.0,0.44,578382.2,17628.8,13487.7,1.3,76073.0,2682.6201171875,59.63999938964844,3.3097000122070312,3.3132998943328857
2017-12-28,7.0,0.44,578382.2,17628.8,13487.7,1.3,76402.0,2687.5400390625,59.84000015258789,3.3132998943328857,3.311100006103516
2017-12-29,7.0,0.44,578382.2,17628.8,13487.7,1.3,76402.0,2673.610107421875,60.41999816894531,3.311100006103516,3.3076000213623047
2018-01-01,7.0,0.29,552501.8,17062.4,15291.5,1.41,77146.5,2684.7100830078125,60.39499855041504,3.3076000213623047,3.311000108718872
2018-01-02,7.0,0.29,552501.8,17062.4,15291.5,1.41,77891.0,2695.81005859375,60.369998931884766,3.311000108718872,3.2578001022338867
2018-01-03,7.0,0.29,552501.8,17062.4,15291.5,1.41,77995.0,2713.06005859375,61.630001068115234,3.2578001022338867,3.2355000972747803
2018-01-04,7.0,0.29,552501.8,17062.4,15291.5,1.41,78647.0,2723.989990234375,62.0099983215332,3.2355000972747803,3.233099937438965
2018-01-05,7.0,0.29,552501.8,17062.4,15291.5,1.41,79071.0,2743.14990234375,61.43999862670898,3.233099937438965,3.226599931716919
2018-01-08,7.0,0.29,552501.8,17062.4,15291.5,1.41,79379.0,2747.7099609375,61.72999954223633,3.226599931716919,3.239000082015991
2018-01-09,7.0,0.29,552501.8,17062.4,15291.5,1.41,78864.0,2751.2900390625,62.959999084472656,3.239000082015991,3.246799945831299
2018-01-10,7.0,0.29,552501.8,17062.4,15291.5,1.41,78201.0,2748.22998046875,63.56999969482422,3.246799945831299,3.2263998985290527
2018-01-11,7.0,0.29,552501.8,17062.4,15291.5,1.41,79365.0,2767.56005859375,63.79999923706055,3.2263998985290527,3.214200019836426
2018-01-12,7.0,0.29,552501.8,17062.4,15291.5,1.41,79349.0,2786.239990234375,64.30000305175781,3.214200019836426,3.200700044631958
2018-01-15,7.0,0.29,552501.8,17062.4,15291.5,1.41,79752.0,2781.3299560546875,64.01500129699707,3.200700044631958,3.213200092315674
2018-01-16,7.0,0.29,552501.8,17062.4,15291.5,1.41,79832.0,2776.419921875,63.72999954223633,3.213200092315674,3.2227001190185547
2018-01-17,7.0,0.29,552501.8,17062.4,15291.5,1.41,81189.0,2802.56005859375,63.970001220703125,3.2227001190185547,3.2221999168396
2018-01-18,7.0,0.29,552501.8,17062.4,15291.5,1.41,80963.0,2798.030029296875,63.95000076293945,3.2221999168396,3.2051000595092773
2018-01-19,7.0,0.29,552501.8,17062.4,15291.5,1.41,81220.0,2810.300048828125,63.369998931884766,3.2051000595092773,3.194700002670288
2018-01-22,7.0,0.29,552501.8,17062.4,15291.5,1.41,81675.0,2832.969970703125,63.4900016784668,3.194700002670288,3.200700044631958
2018-01-23,7.0,0.29,552501.8,17062.4,15291.5,1.41,80678.0,2839.1298828125,64.47000122070312,3.200700044631958,3.2355000972747803
2018-01-24,7.0,0.29,552501.8,17062.4,15291.5,1.41,83680.0,2837.5400390625,65.61000061035156,3.2355000972747803,3.1451001167297363
2018-01-25,7.0,0.29,552501.8,17062.4,15291.5,1.41,84605.5,2839.25,65.51000213623047,3.1451001167297363,3.146899938583374
2018-01-26,7.0,0.29,552501.8,17062.4,15291.5,1.41,85531.0,2872.8701171875,66.13999938964844,3.146899938583374,3.151000022888184
2018-01-29,7.0,0.29,552501.8,17062.4,15291.5,1.41,84698.0,2853.530029296875,65.55999755859375,3.151000022888184,3.153599977493286
2018-01-30,7.0,0.29,552501.8,17062.4,15291.5,1.41,84482.0,2822.429931640625,64.5,3.153599977493286,3.179500102996826
2018-01-31,7.0,0.29,552501.8,17062.4,15291.5,1.41,84913.0,2823.81005859375,64.7300033569336,3.179500102996826,3.1847000122070312
2018-02-01,7.0,0.32,540671.1,17441.4,15419.9,1.42,85495.0,2821.97998046875,65.80000305175781,3.1847000122070312,3.1637001037597656
2018-02-02,7.0,0.32,540671.1,17441.4,15419.9,1.42,84041.0,2762.1298828125,65.44999694824219,3.1637001037597656,3.215399980545044
2018-02-05,7.0,0.32,540671.1,17441.4,15419.9,1.42,81861.0,2648.93994140625,64.1500015258789,3.215399980545044,3.2611000537872314
2018-02-06,7.0,0.32,540671.1,17441.4,15419.9,1.42,83894.0,2695.139892578125,63.38999938964844,3.2611000537872314,3.2334001064300537
2018-02-07,7.0,0.32,540671.1,17441.4,15419.9,1.42,82767.0,2681.659912109375,61.790000915527344,3.2334001064300537,3.26990008354187
2018-02-08,6.75,0.32,540671.1,17441.4,15419.9,1.42,81533.0,2581.0,61.150001525878906,3.26990008354187,3.284600019454956
2018-02-09,6.75,0.32,540671.1,17441.4,15419.9,1.42,80899.0,2619.550048828125,59.20000076293945,3.284600019454956,3.290800094604492
2018-02-12,6.75,0.32,540671.1,17441.4,15419.9,1.42,81780.33333333333,2656.0,59.290000915527344,3.290800094604492,3.2939999103546143
2018-02-13,6.75,0.32,540671.1,17441.4,15419.9,1.42,82661.66666666667,2662.93994140625,59.18999862670898,3.2939999103546143,3.2941999435424805
2018-02-14,6.75,0.32,540671.1,17441.4,15419.9,1.42,83543.0,2698.6298828125,60.59999847412109,3.2941999435424805,3.216200113296509
2018-02-15,6.75,0.32,540671.1,17441.4,15419.9,1.42,84291.0,2731.199951171875,61.34000015258789,3.216200113296509,3.2263998985290527
2018-02-16,6.75,0.32,540671.1,17441.4,15419.9,1.42,84525.0,2732.219970703125,61.68000030517578,3.2263998985290527,3.228199958801269
2018-02-19,6.75,0.32,540671.1,17441.4,15419.9,1.42,84793.0,2724.239990234375,61.790000915527344,3.228199958801269,3.233099937438965
2018-02-20,6.75,0.32,540671.1,17441.4,15419.9,1.42,85804.0,2716.260009765625,61.900001525878906,3.233099937438965,3.254300117492676
2018-02-21,6.75,0.32,540671.1,17441.4,15419.9,1.42,86052.0,2701.330078125,61.68000030517578,3.254300117492676,3.2676000595092773
2018-02-22,6.75,0.32,540671.1,17441.4,15419.9,1.42,86686.0,2703.9599609375,62.77000045776367,3.2676000595092773,3.248699903488159
2018-02-23,6.75,0.32,540671.1,17441.4,15419.9,1.42,87293.0,2747.300048828125,63.54999923706055,3.248699903488159,3.2372000217437744
2018-02-26,6.75,0.32,540671.1,17441.4,15419.9,1.42,87653.0,2779.60009765625,63.90999984741211,3.2372000217437744,3.2225000858306885
2018-02-27,6.75,0.32,540671.1,17441.4,15419.9,1.42,86935.0,2744.280029296875,63.0099983215332,3.2225000858306885,3.248500108718872
2018-02-28,6.75,0.32,540671.1,17441.4,15419.9,1.42,85481.0,2713.830078125,61.63999938964844,3.248500108718872,3.244800090789795
2018-03-01,6.75,0.09,588910.1,20273.2,14853.8,1.51,85378.0,2677.669921875,60.9900016784668,3.244800090789795,3.25
2018-03-02,6.75,0.09,588910.1,20273.2,14853.8,1.51,85761.0,2691.25,61.25,3.25,3.249599933624268
2018-03-05,6.75,0.09,588910.1,20273.2,14853.8,1.51,86023.0,2720.93994140625,62.56999969482422,3.249599933624268,3.240999937057495
2018-03-06,6.75,0.09,588910.1,20273.2,14853.8,1.51,85653.0,2728.1201171875,62.59999847412109,3.240999937057495,3.2079999446868896
2018-03-07,6.75,0.09,588910.1,20273.2,14853.8,1.51,85484.0,2726.800048828125,61.150001525878906,3.2079999446868896,3.2428998947143555
2018-03-08,6.75,0.09,588910.1,20273.2,14853.8,1.51,84985.0,2738.969970703125,60.119998931884766,3.2428998947143555,3.2660999298095703
2018-03-09,6.75,0.09,588910.1,20273.2,14853.8,1.51,86371.0,2786.570068359375,62.040000915527344,3.2660999298095703,3.256099939346313
2018-03-12,6.75,0.09,588910.1,20273.2,14853.8,1.51,86900.0,2783.02001953125,61.36000061035156,3.256099939346313,3.2602999210357666
2018-03-13,6.75,0.09,588910.1,20273.2,14853.8,1.51,86384.0,2765.31005859375,60.709999084472656,3.2602999210357666,3.258699893951416
2018-03-14,6.75,0.09,588910.1,20273.2,14853.8,1.51,86051.0,2749.47998046875,60.959999084472656,3.258699893951416,3.258500099182129
2018-03-15,6.75,0.09,588910.1,20273.2,14853.8,1.51,84928.0,2747.330078125,61.18999862670898,3.258500099182129,3.282099962234497
2018-03-16,6.75,0.09,588910.1,20273.2,14853.8,1.51,84886.0,2752.010009765625,62.34000015258789,3.282099962234497,3.280100107192993
2018-03-19,6.75,0.09,588910.1,20273.2,14853.8,1.51,83913.0,2712.919921875,62.060001373291016,3.280100107192993,3.28410005569458
2018-03-20,6.75,0.09,588910.1,20273.2,14853.8,1.51,84164.0,2716.93994140625,63.400001525878906,3.28410005569458,3.30870008468628
2018-03-21,6.75,0.09,588910.1,20273.2,14853.8,1.51,84977.0,2711.929931640625,65.16999816894531,3.30870008468628,3.272700071334839
2018-03-22,6.5,0.09,588910.1,20273.2,14853.8,1.51,84768.0,2643.68994140625,64.30000305175781,3.272700071334839,3.3141000270843506
2018-03-23,6.5,0.09,588910.1,20273.2,14853.8,1.51,84377.0,2588.260009765625,65.87999725341797,3.3141000270843506,3.314500093460083
2018-03-26,6.5,0.09,588910.1,20273.2,14853.8,1.51,85088.0,2658.550048828125,65.55000305175781,3.314500093460083,3.31030011177063
2018-03-27,6.5,0.09,588910.1,20273.2,14853.8,1.51,83808.0,2612.6201171875,65.25,3.31030011177063,3.3229000568389893
2018-03-28,6.5,0.09,588910.1,20273.2,14853.8,1.51,83874.0,2605.0,64.37999725341797,3.3229000568389893,3.319299936294556
2018-03-29,6.5,0.09,588910.1,20273.2,14853.8,1.51,85366.0,2640.8701171875,64.94000244140625,3.319299936294556,3.303499937057495
2018-03-30,6.5,0.09,588910.1,20273.2,14853.8,1.51,85016.0,2611.375,63.97500038146973,3.303499937057495,3.302000045776367
2018-04-02,6.5,0.22,587243.5,19730.7,15144.4,1.69,84666.0,2581.8798828125,63.0099983215332,3.302000045776367,3.309400081634521
2018-04-03,6.5,0.22,587243.5,19730.7,15144.4,1.69,84623.0,2614.449951171875,63.5099983215332,3.309400081634521,3.339400053024292
2018-04-04,6.5,0.22,587243.5,19730.7,15144.4,1.69,84360.0,2644.68994140625,63.369998931884766,3.339400053024292,3.327699899673462
2018-04-05,6.5,0.22,587243.5,19730.7,15144.4,1.69,85210.0,2662.840087890625,63.540000915527344,3.327699899673462,3.341599941253662
2018-04-06,6.5,0.22,587243.5,19730.7,15144.4,1.69,84820.0,2604.469970703125,62.060001373291016,3.341599941253662,3.367500066757202
2018-04-09,6.5,0.22,587243.5,19730.7,15144.4,1.69,83307.0,2613.159912109375,63.41999816894531,3.367500066757202,3.4210000038146973
2018-04-10,6.5,0.22,587243.5,19730.7,15144.4,1.69,84510.0,2656.8701171875,65.51000213623047,3.4210000038146973,3.407299995422364
2018-04-11,6.5,0.22,587243.5,19730.7,15144.4,1.69,85246.0,2642.18994140625,66.81999969482422,3.407299995422364,3.37310004234314
2018-04-12,6.5,0.22,587243.5,19730.7,15144.4,1.69,85444.0,2663.989990234375,67.06999969482422,3.37310004234314,3.4110000133514404
2018-04-13,6.5,0.22,587243.5,19730.7,15144.4,1.69,84334.0,2656.300048828125,67.38999938964844,3.4110000133514404,3.424299955368042
2018-04-16,6.5,0.22,587243.5,19730.7,15144.4,1.69,82862.0,2677.840087890625,66.22000122070312,3.424299955368042,3.416100025177002
2018-04-17,6.5,0.22,587243.5,19730.7,15144.4,1.69,84086.0,2706.389892578125,66.5199966430664,3.416100025177002,3.405800104141236
2018-04-18,6.5,0.22,587243.5,19730.7,15144.4,1.69,85776.0,2708.639892578125,68.47000122070312,3.405800104141236,3.3770999908447266
2018-04-19,6.5,0.22,587243.5,19730.7,15144.4,1.69,85824.0,2693.1298828125,68.29000091552734,3.3770999908447266,3.382699966430664
2018-04-20,6.5,0.22,587243.5,19730.7,15144.4,1.69,85550.0,2670.139892578125,68.37999725341797,3.382699966430664,3.4137001037597656
2018-04-23,6.5,0.22,587243.5,19730.7,15144.4,1.69,85602.0,2670.2900390625,68.63999938964844,3.4137001037597656,3.448899984359741
2018-04-24,6.5,0.22,587243.5,19730.7,15144.4,1.69,85469.0,2634.56005859375,67.69999694824219,3.448899984359741,3.4714999198913574
2018-04-25,6.5,0.22,587243.5,19730.7,15144.4,1.69,85044.0,2639.39990234375,68.05000305175781,3.4714999198913574,3.4809000492095947
2018-04-26,6.5,0.22,587243.5,19730.7,15144.4,1.69,86383.0,2666.93994140625,68.19000244140625,3.4809000492095947,3.4742000102996826
2018-04-27,6.5,0.22,587243.5,19730.7,15144.4,1.69,86445.0,2669.909912109375,68.0999984741211,3.4742000102996826,3.4581000804901123
2018-04-30,6.5,0.22,587243.5,19730.7,15144.4,1.69,86115.0,2648.050048828125,68.56999969482422,3.4581000804901123,3.505800008773804
2018-05-01,6.5,0.4,561810.9,19343.4,14303.9,1.7,85331.0,2654.800048828125,67.25,3.505800008773804,3.506099939346313
2018-05-02,6.5,0.4,561810.9,19343.4,14303.9,1.7,84547.0,2635.669921875,67.93000030517578,3.506099939346313,3.549599885940552
2018-05-03,6.5,0.4,561810.9,19343.4,14303.9,1.7,83288.0,2629.72998046875,68.43000030517578,3.549599885940552,3.526599884033203
2018-05-04,6.5,0.4,561810.9,19343.4,14303.9,1.7,83118.0,2663.419921875,69.72000122070312,3.526599884033203,3.525500059127808
2018-05-07,6.5,0.4,561810.9,19343.4,14303.9,1.7,82714.0,2672.6298828125,70.7300033569336,3.525500059127808,3.5492000579833984
2018-05-08,6.5,0.4,561810.9,19343.4,14303.9,1.7,82956.0,2671.919921875,69.05999755859375,3.5492000579833984,3.5618999004364014
2018-05-09,6.5,0.4,561810.9,19343.4,14303.9,1.7,84265.0,2697.7900390625,71.13999938964844,3.5618999004364014,3.5903000831604004
2018-05-10,6.5,0.4,561810.9,19343.4,14303.9,1.7,85861.0,2723.070068359375,71.36000061035156,3.5903000831604004,3.549499988555908
2018-05-11,6.5,0.4,561810.9,19343.4,14303.9,1.7,85220.0,2727.719970703125,70.69999694824219,3.549499988555908,3.60290002822876
2018-05-14,6.5,0.4,561810.9,19343.4,14303.9,1.7,85232.0,2730.1298828125,70.95999908447266,3.60290002822876,3.6215999126434326
2018-05-15,6.5,0.4,561810.9,19343.4,14303.9,1.7,85130.0,2711.449951171875,71.30999755859375,3.6215999126434326,3.648699998855591
2018-05-16,6.5,0.4,561810.9,19343.4,14303.9,1.7,86537.0,2722.4599609375,71.48999786376953,3.648699998855591,3.6744000911712646
2018-05-17,6.5,0.4,561810.9,19343.4,14303.9,1.7,83622.0,2720.1298828125,71.48999786376953,3.6744000911712646,3.695100069046021
2018-05-18,6.5,0.4,561810.9,19343.4,14303.9,1.7,83082.0,2712.969970703125,71.27999877929688,3.695100069046021,3.7383999824523926
2018-05-21,6.5,0.4,561810.9,19343.4,14303.9,1.7,81815.0,2733.010009765625,72.23999786376953,3.7383999824523926,3.6756999492645264
2018-05-22,6.5,0.4,561810.9,19343.4,14303.9,1.7,82739.0,2724.43994140625,72.12999725341797,3.6756999492645264,3.6459999084472656
2018-05-23,6.5,0.4,561810.9,19343.4,14303.9,1.7,80867.0,2733.2900390625,71.83999633789062,3.6459999084472656,3.625600099563599
2018-05-24,6.5,0.4,561810.9,19343.4,14303.9,1.7,80122.0,2727.760009765625,70.70999908447266,3.625600099563599,3.648099899291992
2018-05-25,6.5,0.4,561810.9,19343.4,14303.9,1.7,78898.0,2721.330078125,67.87999725341797,3.648099899291992,3.626199960708618
2018-05-28,6.5,0.4,561810.9,19343.4,14303.9,1.7,75356.0,2705.595092773437,67.30500030517578,3.626199960708618,3.73420000076294
2018-05-29,6.5,0.4,561810.9,19343.4,14303.9,1.7,76072.0,2689.860107421875,66.7300033569336,3.73420000076294,3.724100112915039
2018-05-30,6.5,0.4,561810.9,19343.4,14303.9,1.7,76754.0,2724.010009765625,68.20999908447266,3.724100112915039,3.722100019454956
2018-05-31,6.5,0.4,561810.9,19343.4,14303.9,1.7,76997.0,2705.27001953125,67.04000091552734,3.722100019454956,3.721999883651733
2018-06-01,6.5,1.26,585044.6,20131.1,15456.0,1.82,77240.0,2734.6201171875,65.80999755859375,3.721999883651733,3.761600017547608
2018-06-04,6.5,1.26,585044.6,20131.1,15456.0,1.82,78596.0,2746.8701171875,64.75,3.761600017547608,3.744499921798706
2018-06-05,6.5,1.26,585044.6,20131.1,15456.0,1.82,76642.0,2748.800048828125,65.5199966430664,3.744499921798706,3.80430006980896
2018-06-06,6.5,1.26,585044.6,20131.1,15456.0,1.82,76117.0,2772.35009765625,64.7300033569336,3.80430006980896,3.843400001525879
2018-06-07,6.5,1.26,585044.6,20131.1,15456.0,1.82,73851.0,2770.3701171875,65.94999694824219,3.843400001525879,3.900700092315674
2018-06-08,6.5,1.26,585044.6,20131.1,15456.0,1.82,72942.0,2779.030029296875,65.73999786376953,3.900700092315674,3.704900026321411
2018-06-11,6.5,1.26,585044.6,20131.1,15456.0,1.82,72308.0,2782.0,66.0999984741211,3.704900026321411,3.7088000774383545
2018-06-12,6.5,1.26,585044.6,20131.1,15456.0,1.82,72754.0,2786.85009765625,66.36000061035156,3.7088000774383545,3.714999914169312
2018-06-13,6.5,1.26,585044.6,20131.1,15456.0,1.82,72122.0,2775.6298828125,66.63999938964844,3.714999914169312,3.7188000679016113
2018-06-14,6.5,1.26,585044.6,20131.1,15456.0,1.82,71421.0,2782.489990234375,66.88999938964844,3.7188000679016113,3.803999900817871
2018-06-15,6.5,1.26,585044.6,20131.1,15456.0,1.82,70758.0,2779.659912109375,65.05999755859375,3.803999900817871,3.7286999225616455
2018-06-18,6.5,1.26,585044.6,20131.1,15456.0,1.82,69815.0,2773.75,65.8499984741211,3.7286999225616455,3.7462000846862793
2018-06-19,6.5,1.26,585044.6,20131.1,15456.0,1.82,71394.0,2762.590087890625,65.06999969482422,3.7462000846862793,3.744999885559082
2018-06-20,6.5,1.26,585044.6,20131.1,15456.0,1.82,72123.0,2767.320068359375,66.22000122070312,3.744999885559082,3.769099950790405
2018-06-21,6.5,1.26,585044.6,20131.1,15456.0,1.82,70075.0,2749.760009765625,65.54000091552734,3.769099950790405,3.7651000022888175
2018-06-22,6.5,1.26,585044.6,20131.1,15456.0,1.82,70641.0,2754.8798828125,68.58000183105469,3.7651000022888175,3.78629994392395
2018-06-25,6.5,1.26,585044.6,20131.1,15456.0,1.82,70953.0,2717.070068359375,68.08000183105469,3.78629994392395,3.775099992752075
2018-06-26,6.5,1.26,585044.6,20131.1,15456.0,1.82,71405.0,2723.06005859375,70.52999877929688,3.775099992752075,3.795799970626831
2018-06-27,6.5,1.26,585044.6,20131.1,15456.0,1.82,70609.0,2699.6298828125,72.76000213623047,3.795799970626831,3.860100030899048
2018-06-28,6.5,1.26,585044.6,20131.1,15456.0,1.82,71767.0,2716.31005859375,73.44999694824219,3.860100030899048,3.859499931335449
2018-06-29,6.5,1.26,585044.6,20131.1,15456.0,1.82,72763.0,2718.3701171875,74.1500015258789,3.859499931335449,3.875600099563599
2018-07-02,6.5,0.33,592389.0,22545.5,19828.5,1.91,72840.0,2726.7099609375,73.94000244140625,3.875600099563599,3.912600040435791
2018-07-03,6.5,0.33,592389.0,22545.5,19828.5,1.91,73668.0,2713.219970703125,74.13999938964844,3.912600040435791,3.8963000774383545
2018-07-04,6.5,0.33,592389.0,22545.5,19828.5,1.91,74743.0,2724.9150390625,73.54000091552734,3.8963000774383545,3.91100001335144
2018-07-05,6.5,0.33,592389.0,22545.5,19828.5,1.91,74553.0,2736.610107421875,72.94000244140625,3.91100001335144,3.931299924850464
2018-07-06,6.5,0.33,592389.0,22545.5,19828.5,1.91,75010.0,2759.820068359375,73.80000305175781,3.931299924850464,3.865900039672852
2018-07-09,6.5,0.33,592389.0,22545.5,19828.5,1.91,74936.0,2784.169921875,73.8499984741211,3.865900039672852,3.871299982070923
2018-07-10,6.5,0.33,592389.0,22545.5,19828.5,1.91,74862.0,2793.840087890625,74.11000061035156,3.871299982070923,3.815099954605103
2018-07-11,6.5,0.33,592389.0,22545.5,19828.5,1.91,74399.0,2774.02001953125,70.37999725341797,3.815099954605103,3.876100063323975
2018-07-12,6.5,0.33,592389.0,22545.5,19828.5,1.91,75856.0,2798.2900390625,70.33000183105469,3.876100063323975,3.88070011138916
2018-07-13,6.5,0.33,592389.0,22545.5,19828.5,1.91,76594.0,2801.31005859375,71.01000213623047,3.88070011138916,3.849400043487549
2018-07-16,6.5,0.33,592389.0,22545.5,19828.5,1.91,76653.0,2798.429931640625,68.05999755859375,3.849400043487549,3.8559999465942383
2018-07-17,6.5,0.33,592389.0,22545.5,19828.5,1.91,78130.0,2809.550048828125,68.08000183105469,3.8559999465942383,3.835900068283081
2018-07-18,6.5,0.33,592389.0,22545.5,19828.5,1.91,77363.0,2815.6201171875,68.76000213623047,3.835900068283081,3.8492000102996826
2018-07-19,6.5,0.33,592389.0,22545.5,19828.5,1.91,77487.0,2804.489990234375,69.45999908447266,3.8492000102996826,3.828500032424927
2018-07-20,6.5,0.33,592389.0,22545.5,19828.5,1.91,78571.0,2801.830078125,70.45999908447266,3.828500032424927,3.7708001136779785
2018-07-23,6.5,0.33,592389.0,22545.5,19828.5,1.91,77996.0,2806.97998046875,67.88999938964844,3.7708001136779785,3.780400037765503
2018-07-24,6.5,0.33,592389.0,22545.5,19828.5,1.91,79155.0,2820.39990234375,68.5199966430664,3.780400037765503,3.7460999488830566
2018-07-25,6.5,0.33,592389.0,22545.5,19828.5,1.91,80218.0,2846.070068359375,69.30000305175781,3.7460999488830566,3.6863999366760254
2018-07-26,6.5,0.33,592389.0,22545.5,19828.5,1.91,79405.0,2837.43994140625,69.61000061035156,3.6863999366760254,3.74429988861084
2018-07-27,6.5,0.33,592389.0,22545.5,19828.5,1.91,79866.0,2818.820068359375,68.69000244140625,3.74429988861084,3.7111001014709473
2018-07-30,6.5,0.33,592389.0,22545.5,19828.5,1.91,80276.0,2802.60009765625,70.12999725341797,3.7111001014709473,3.728100061416626
2018-07-31,6.5,0.33,592389.0,22545.5,19828.5,1.91,79220.0,2816.2900390625,68.76000213623047,3.728100061416626,3.753000020980835
2018-08-01,6.5,-0.09,598822.0,21567.8,20152.9,1.91,79302.0,2813.360107421875,67.66000366210938,3.753000020980835,3.746999979019165
2018-08-02,6.5,-0.09,598822.0,21567.8,20152.9,1.91,79637.0,2827.219970703125,68.95999908447266,3.746999979019165,3.7483999729156494
2018-08-03,6.5,-0.09,598822.0,21567.8,20152.9,1.91,81435.0,2840.35009765625,68.48999786376953,3.7483999729156494,3.7023000717163086
2018-08-06,6.5,-0.09,598822.0,21567.8,20152.9,1.91,81051.0,2850.39990234375,69.01000213623047,3.7023000717163086,3.734499931335449
2018-08-07,6.5,-0.09,598822.0,21567.8,20152.9,1.91,80347.0,2858.449951171875,69.16999816894531,3.734499931335449,3.750499963760376
2018-08-08,6.5,-0.09,598822.0,21567.8,20152.9,1.91,79152.0,2857.699951171875,66.94000244140625,3.750499963760376,3.770100116729736
2018-08-09,6.5,-0.09,598822.0,21567.8,20152.9,1.91,78768.0,2853.580078125,66.80999755859375,3.770100116729736,3.799599885940552
2018-08-10,6.5,-0.09,598822.0,21567.8,20152.9,1.91,76514.0,2833.280029296875,67.62999725341797,3.799599885940552,3.865400075912476
2018-08-13,6.5,-0.09,598822.0,21567.8,20152.9,1.91,77496.0,2821.929931640625,67.19999694824219,3.865400075912476,3.881999969482422
2018-08-14,6.5,-0.09,598822.0,21567.8,20152.9,1.91,78602.0,2839.9599609375,67.04000091552734,3.881999969482422,3.864399909973145
2018-08-15,6.5,-0.09,598822.0,21567.8,20152.9,1.91,77078.0,2818.3701171875,65.01000213623047,3.864399909973145,3.900599956512451
2018-08-16,6.5,-0.09,598822.0,21567.8,20152.9,1.91,76819.0,2840.68994140625,65.45999908447266,3.900599956512451,3.903899908065796
2018-08-17,6.5,-0.09,598822.0,21567.8,20152.9,1.91,76029.0,2850.1298828125,65.91000366210938,3.903899908065796,3.9098000526428223
2018-08-20,6.5,-0.09,598822.0,21567.8,20152.9,1.91,76328.0,2857.050048828125,66.43000030517578,3.9098000526428223,3.9660000801086426
2018-08-21,6.5,-0.09,598822.0,21567.8,20152.9,1.91,75180.0,2862.9599609375,67.3499984741211,3.9660000801086426,4.048500061035156
2018-08-22,6.5,-0.09,598822.0,21567.8,20152.9,1.91,76902.0,2861.820068359375,67.86000061035156,4.048500061035156,4.036900043487549
2018-08-23,6.5,-0.09,598822.0,21567.8,20152.9,1.91,75634.0,2856.97998046875,67.83000183105469,4.036900043487549,4.112299919128418
2018-08-24,6.5,-0.09,598822.0,21567.8,20152.9,1.91,76262.0,2874.68994140625,68.72000122070312,4.112299919128418,4.102799892425537
2018-08-27,6.5,-0.09,598822.0,21567.8,20152.9,1.91,77930.0,2896.739990234375,68.87000274658203,4.102799892425537,4.077499866485596
2018-08-28,6.5,-0.09,598822.0,21567.8,20152.9,1.91,77473.0,2897.52001953125,68.52999877929688,4.077499866485596,4.133900165557861
2018-08-29,6.5,-0.09,598822.0,21567.8,20152.9,1.91,78389.0,2914.0400390625,69.51000213623047,4.133900165557861,4.105500221252441
2018-08-30,6.5,-0.09,598822.0,21567.8,20152.9,1.91,76404.0,2901.1298828125,70.25,4.105500221252441,4.148600101470947
2018-08-31,6.5,-0.09,598822.0,21567.8,20152.9,1.91,76678.0,2901.52001953125,69.80000305175781,4.148600101470947,4.053699970245361
2018-09-03,6.5,0.48,576644.6,19189.5,15240.1,1.95,76193.0,2899.1199951171875,69.83500289916992,4.053699970245361,4.154799938201904
2018-09-04,6.5,0.48,576644.6,19189.5,15240.1,1.95,74712.0,2896.719970703125,69.87000274658203,4.154799938201904,4.15369987487793
2018-09-05,6.5,0.48,576644.6,19189.5,15240.1,1.95,75092.0,2888.60009765625,68.72000122070312,4.15369987487793,4.143099784851074
2018-09-06,6.5,0.48,576644.6,19189.5,15240.1,1.95,76416.0,2878.050048828125,67.7699966430664,4.143099784851074,4.057300090789795
2018-09-07,6.5,0.48,576644.6,19189.5,15240.1,1.95,76426.0,2871.679931640625,67.75,4.057300090789795,4.043799877166748
2018-09-10,6.5,0.48,576644.6,19189.5,15240.1,1.95,76436.0,2877.1298828125,67.54000091552734,4.043799877166748,4.08459997177124
2018-09-11,6.5,0.48,576644.6,19189.5,15240.1,1.95,74657.0,2887.889892578125,69.25,4.08459997177124,4.151599884033203
2018-09-12,6.5,0.48,576644.6,19189.5,15240.1,1.95,75125.0,2888.919921875,70.37000274658203,4.151599884033203,4.159800052642822
2018-09-13,6.5,0.48,576644.6,19189.5,15240.1,1.95,74687.0,2904.179931640625,68.58999633789062,4.159800052642822,4.204999923706055
2018-09-14,6.5,0.48,576644.6,19189.5,15240.1,1.95,75429.0,2904.97998046875,68.98999786376953,4.204999923706055,4.171999931335449
2018-09-17,6.5,0.48,576644.6,19189.5,15240.1,1.95,76789.0,2888.800048828125,68.91000366210938,4.171999931335449,4.1321001052856445
2018-09-18,6.5,0.48,576644.6,19189.5,15240.1,1.95,78314.0,2904.31005859375,69.8499984741211,4.1321001052856445,4.158400058746338
2018-09-19,6.5,0.48,576644.6,19189.5,15240.1,1.95,78169.0,2907.949951171875,71.12000274658203,4.158400058746338,4.130300045013428
2018-09-20,6.5,0.48,576644.6,19189.5,15240.1,1.95,78116.0,2930.75,70.80000305175781,4.130300045013428,4.076000213623047
2018-09-21,6.5,0.48,576644.6,19189.5,15240.1,1.95,79444.0,2929.669921875,70.77999877929688,4.076000213623047,4.050000190734863
2018-09-24,6.5,0.48,576644.6,19189.5,15240.1,1.95,77984.0,2919.3701171875,72.08000183105469,4.050000190734863,4.091300010681152
2018-09-25,6.5,0.48,576644.6,19189.5,15240.1,1.95,78630.0,2915.56005859375,72.27999877929688,4.091300010681152,4.073599815368652
2018-09-26,6.5,0.48,576644.6,19189.5,15240.1,1.95,78656.0,2905.969970703125,71.56999969482422,4.073599815368652,4.030799865722656
2018-09-27,6.5,0.48,576644.6,19189.5,15240.1,1.95,80000.0,2914.0,72.12000274658203,4.030799865722656,4.01200008392334
2018-09-28,6.5,0.48,576644.6,19189.5,15240.1,1.95,79342.0,2913.97998046875,73.25,4.01200008392334,4.052700042724609
2018-10-01,6.5,0.45,611641.4,21910.7,17376.7,2.19,78624.0,2924.590087890625,75.30000305175781,4.052700042724609,4.01639986038208
2018-10-02,6.5,0.45,611641.4,21910.7,17376.7,2.19,81612.0,2923.429931640625,75.2300033569336,4.01639986038208,3.939500093460083
2018-10-03,6.5,0.45,611641.4,21910.7,17376.7,2.19,83273.0,2925.510009765625,76.41000366210938,3.939500093460083,3.900399923324585
2018-10-04,6.5,0.45,611641.4,21910.7,17376.7,2.19,82953.0,2901.610107421875,74.33000183105469,3.900399923324585,3.8738999366760254
2018-10-05,6.5,0.45,611641.4,21910.7,17376.7,2.19,82322.0,2885.570068359375,74.33999633789062,3.8738999366760254,3.8357999324798575
2018-10-08,6.5,0.45,611641.4,21910.7,17376.7,2.19,86084.0,2884.429931640625,74.29000091552734,3.8357999324798575,3.7771999835968018
2018-10-09,6.5,0.45,611641.4,21910.7,17376.7,2.19,86088.0,2880.340087890625,74.95999908447266,3.7771999835968018,3.714799880981445
2018-10-10,6.5,0.45,611641.4,21910.7,17376.7,2.19,83679.0,2785.679931640625,73.16999816894531,3.714799880981445,3.754800081253052
2018-10-11,6.5,0.45,611641.4,21910.7,17376.7,2.19,82921.0,2728.3701171875,70.97000122070312,3.754800081253052,3.7815001010894775
2018-10-12,6.5,0.45,611641.4,21910.7,17376.7,2.19,83140.5,2767.1298828125,71.33999633789062,3.7815001010894775,3.781599998474121
2018-10-15,6.5,0.45,611641.4,21910.7,17376.7,2.19,83360.0,2750.7900390625,71.77999877929688,3.781599998474121,3.7339000701904297
2018-10-16,6.5,0.45,611641.4,21910.7,17376.7,2.19,85718.0,2809.919921875,71.91999816894531,3.7339000701904297,3.723599910736084
2018-10-17,6.5,0.45,611641.4,21910.7,17376.7,2.19,85764.0,2809.2099609375,69.75,3.723599910736084,3.686199903488159
2018-10-18,6.5,0.45,611641.4,21910.7,17376.7,2.19,83847.0,2768.780029296875,68.6500015258789,3.686199903488159,3.7202999591827393
2018-10-19,6.5,0.45,611641.4,21910.7,17376.7,2.19,84220.0,2767.780029296875,69.12000274658203,3.7202999591827393,3.710900068283081
2018-10-22,6.5,0.45,611641.4,21910.7,17376.7,2.19,85597.0,2755.8798828125,69.16999816894531,3.710900068283081,3.682300090789795
2018-10-23,6.5,0.45,611641.4,21910.7,17376.7,2.19,85300.0,2740.68994140625,66.43000030517578,3.682300090789795,3.6923999786376953
2018-10-24,6.5,0.45,611641.4,21910.7,17376.7,2.19,83064.0,2656.10009765625,66.81999969482422,3.6923999786376953,3.731100082397461
2018-10-25,6.5,0.45,611641.4,21910.7,17376.7,2.19,84084.0,2705.570068359375,67.33000183105469,3.731100082397461,3.704900026321411
2018-10-26,6.5,0.45,611641.4,21910.7,17376.7,2.19,85720.0,2658.68994140625,67.58999633789062,3.704900026321411,3.6415998935699454
2018-10-29,6.5,0.45,611641.4,21910.7,17376.7,2.19,83797.0,2641.25,67.04000091552734,3.6415998935699454,3.715800046920776
2018-10-30,6.5,0.45,611641.4,21910.7,17376.7,2.19,86886.0,2682.6298828125,66.18000030517578,3.715800046920776,3.694600105285645
2018-10-31,6.5,0.45,611641.4,21910.7,17376.7,2.19,87424.0,2711.739990234375,65.30999755859375,3.694600105285645,3.720700025558472
2018-11-01,6.5,-0.21,607519.4,20957.3,18134.6,2.2,88419.0,2740.3701171875,63.68999862670898,3.720700025558472,3.6949000358581534
2018-11-02,6.5,-0.21,607519.4,20957.3,18134.6,2.2,89008.5,2723.06005859375,63.13999938964844,3.6949000358581534,3.700000047683716
2018-11-05,6.5,-0.21,607519.4,20957.3,18134.6,2.2,89598.0,2738.31005859375,63.09999847412109,3.700000047683716,3.724600076675415
2018-11-06,6.5,-0.21,607519.4,20957.3,18134.6,2.2,88669.0,2755.449951171875,62.209999084472656,3.724600076675415,3.759900093078613
2018-11-07,6.5,-0.21,607519.4,20957.3,18134.6,2.2,87714.0,2813.889892578125,61.66999816894531,3.759900093078613,3.7304000854492174
2018-11-08,6.5,-0.21,607519.4,20957.3,18134.6,2.2,85620.0,2806.830078125,60.66999816894531,3.7304000854492174,3.759200096130371
2018-11-09,6.5,-0.21,607519.4,20957.3,18134.6,2.2,85641.0,2781.010009765625,60.18999862670898,3.759200096130371,3.729399919509888
2018-11-12,6.5,-0.21,607519.4,20957.3,18134.6,2.2,85525.0,2726.219970703125,59.93000030517578,3.729399919509888,3.766400098800659
2018-11-13,6.5,-0.21,607519.4,20957.3,18134.6,2.2,84914.0,2722.179931640625,55.68999862670898,3.766400098800659,3.801399946212769
2018-11-14,6.5,-0.21,607519.4,20957.3,18134.6,2.2,85973.0,2701.580078125,56.25,3.801399946212769,3.782399892807007
2018-11-15,6.5,-0.21,607519.4,20957.3,18134.6,2.2,87244.0,2730.199951171875,56.459999084472656,3.782399892807007,3.782399892807007
2018-11-16,6.5,-0.21,607519.4,20957.3,18134.6,2.2,88515.0,2736.27001953125,56.459999084472656,3.782399892807007,3.742500066757202
2018-11-19,6.5,-0.21,607519.4,20957.3,18134.6,2.2,87901.0,2690.72998046875,56.7599983215332,3.742500066757202,3.7544000148773193
2018-11-20,6.5,-0.21,607519.4,20957.3,18134.6,2.2,87585.0,2641.889892578125,53.43000030517578,3.7544000148773193,3.75570011138916
2018-11-21,6.5,-0.21,607519.4,20957.3,18134.6,2.2,87269.0,2649.929931640625,54.630001068115234,3.75570011138916,3.796099901199341
2018-11-22,6.5,-0.21,607519.4,20957.3,18134.6,2.2,87477.0,2641.2449951171875,52.52499961853027,3.796099901199341,3.803100109100342
2018-11-23,6.5,-0.21,607519.4,20957.3,18134.6,2.2,86230.0,2632.56005859375,50.41999816894531,3.803100109100342,3.67300009727478
2018-11-26,6.5,-0.21,607519.4,20957.3,18134.6,2.2,85547.0,2673.449951171875,51.630001068115234,3.67300009727478,3.93969988822937
2018-11-27,6.5,-0.21,607519.4,20957.3,18134.6,2.2,87891.0,2682.169921875,51.560001373291016,3.93969988822937,3.873500108718872
2018-11-28,6.5,-0.21,607519.4,20957.3,18134.6,2.2,89251.0,2743.7900390625,50.290000915527344,3.873500108718872,3.8492000102996826
2018-11-29,6.5,-0.21,607519.4,20957.3,18134.6,2.2,89710.0,2737.800048828125,51.45000076293945,3.8492000102996826,3.8510000705718994
2018-11-30,6.5,-0.21,607519.4,20957.3,18134.6,2.2,89504.0,2760.169921875,50.93000030517578,3.8510000705718994,3.86520004272461
2018-12-03,6.5,0.15,600942.4,19365.2,13967.6,2.27,89820.0,2790.3701171875,52.95000076293945,3.86520004272461,3.840800046920776
2018-12-04,6.5,0.15,600942.4,19365.2,13967.6,2.27,88624.0,2700.06005859375,53.25,3.840800046920776,3.851099967956543
2018-12-05,6.5,0.15,600942.4,19365.2,13967.6,2.27,89040.0,2698.0050048828125,52.3700008392334,3.851099967956543,3.86739993095398
2018-12-06,6.5,0.15,600942.4,19365.2,13967.6,2.27,88846.0,2695.949951171875,51.4900016784668,3.86739993095398,3.8777999877929688
2018-12-07,6.5,0.15,600942.4,19365.2,13967.6,2.27,88115.0,2633.080078125,52.61000061035156,3.8777999877929688,3.9058001041412354
2018-12-10,6.5,0.15,600942.4,19365.2,13967.6,2.27,85915.0,2637.719970703125,51.0,3.9058001041412354,3.9166998863220215
2018-12-11,6.5,0.15,600942.4,19365.2,13967.6,2.27,86420.0,2636.780029296875,51.650001525878906,3.9166998863220215,3.902600049972534
2018-12-12,6.5,0.15,600942.4,19365.2,13967.6,2.27,86977.0,2651.070068359375,51.150001525878906,3.902600049972534,3.854099988937378
2018-12-13,6.5,0.15,600942.4,19365.2,13967.6,2.27,87838.0,2650.5400390625,52.58000183105469,3.854099988937378,3.890700101852417
2018-12-14,6.5,0.15,600942.4,19365.2,13967.6,2.27,87450.0,2599.949951171875,51.20000076293945,3.890700101852417,3.9154999256134033
2018-12-17,6.5,0.15,600942.4,19365.2,13967.6,2.27,86400.0,2545.93994140625,49.880001068115234,3.9154999256134033,3.897599935531616
2018-12-18,6.5,0.15,600942.4,19365.2,13967.6,2.27,86610.0,2546.159912109375,46.2400016784668,3.897599935531616,3.910900115966797
2018-12-19,6.5,0.15,600942.4,19365.2,13967.6,2.27,85674.0,2506.9599609375,47.20000076293945,3.910900115966797,3.896199941635132
2018-12-20,6.5,0.15,600942.4,19365.2,13967.6,2.27,85269.0,2467.419921875,45.880001068115234,3.896199941635132,3.838900089263916
2018-12-21,6.5,0.15,600942.4,19365.2,13967.6,2.27,85697.0,2416.6201171875,45.59000015258789,3.838900089263916,3.843400001525879
2018-12-24,6.5,0.15,600942.4,19365.2,13967.6,2.27,85510.0,2351.10009765625,42.52999877929688,3.843400001525879,3.902600049972534
2018-12-25,6.5,0.15,600942.4,19365.2,13967.6,2.27,85323.0,2409.4000244140625,44.375,3.902600049972534,3.9028000831604
2018-12-26,6.5,0.15,600942.4,19365.2,13967.6,2.27,85136.0,2467.699951171875,46.220001220703125,3.9028000831604,3.920599937438965
2018-12-27,6.5,0.15,600942.4,19365.2,13967.6,2.27,85460.0,2488.830078125,44.61000061035156,3.920599937438965,3.871500015258789
2018-12-28,6.5,0.15,600942.4,19365.2,13967.6,2.27,87887.0,2485.739990234375,45.33000183105469,3.871500015258789,3.874200105667114
2018-12-31,6.5,0.15,600942.4,19365.2,13967.6,2.27,88928.66666666667,2506.85009765625,45.40999984741211,3.874200105667114,3.880000114440918
2019-01-01,6.5,0.32,577590.1,18021.3,17825.5,2.4,89970.33333333333,2508.4400634765625,45.97500038146973,3.880000114440918,3.8798999786376953
2019-01-02,6.5,0.32,577590.1,18021.3,17825.5,2.4,91012.0,2510.030029296875,46.540000915527344,3.8798999786376953,3.78629994392395
2019-01-03,6.5,0.32,577590.1,18021.3,17825.5,2.4,91564.0,2447.889892578125,47.09000015258789,3.78629994392395,3.7551000118255615
2019-01-04,6.5,0.32,577590.1,18021.3,17825.5,2.4,91841.0,2531.93994140625,47.959999084472656,3.7551000118255615,3.661200046539306
2019-01-07,6.5,0.32,577590.1,18021.3,17825.5,2.4,91699.0,2549.68994140625,48.52000045776367,3.661200046539306,3.734100103378296
2019-01-08,6.5,0.32,577590.1,18021.3,17825.5,2.4,92032.0,2574.409912109375,49.77999877929688,3.734100103378296,3.712399959564209
2019-01-09,6.5,0.32,577590.1,18021.3,17825.5,2.4,93613.0,2584.9599609375,52.36000061035156,3.712399959564209,3.680000066757202
2019-01-10,6.5,0.32,577590.1,18021.3,17825.5,2.4,93806.0,2596.639892578125,52.59000015258789,3.680000066757202,3.707900047302246
2019-01-11,6.5,0.32,577590.1,18021.3,17825.5,2.4,93658.0,2596.260009765625,51.59000015258789,3.707900047302246,3.659600019454956
2019-01-14,6.5,0.32,577590.1,18021.3,17825.5,2.4,94474.0,2582.610107421875,50.5099983215332,3.659600019454956,3.697499990463257
2019-01-15,6.5,0.32,577590.1,18021.3,17825.5,2.4,94056.0,2610.300048828125,52.11000061035156,3.697499990463257,3.716399908065796
2019-01-16,6.5,0.32,577590.1,18021.3,17825.5,2.4,94393.0,2616.10009765625,52.310001373291016,3.716399908065796,3.734299898147583
2019-01-17,6.5,0.32,577590.1,18021.3,17825.5,2.4,95351.0,2635.9599609375,52.06999969482422,3.734299898147583,3.7488999366760254
2019-01-18,6.5,0.32,577590.1,18021.3,17825.5,2.4,96097.0,2670.7099609375,53.79999923706055,3.7488999366760254,3.750200033187866
2019-01-21,6.5,0.32,577590.1,18021.3,17825.5,2.4,96010.0,2651.804931640625,53.18499946594238,3.750200033187866,3.751399993896485
2019-01-22,6.5,0.32,577590.1,18021.3,17825.5,2.4,95103.0,2632.89990234375,52.56999969482422,3.751399993896485,3.812000036239624
2019-01-23,6.5,0.32,577590.1,18021.3,17825.5,2.4,96558.0,2638.699951171875,52.619998931884766,3.812000036239624,3.7623000144958496
2019-01-24,6.5,0.32,577590.1,18021.3,17825.5,2.4,97677.0,2642.330078125,53.130001068115234,3.7623000144958496,3.769799947738648
2019-01-25,6.5,0.32,577590.1,18021.3,17825.5,2.4,96560.5,2664.760009765625,53.68999862670898,3.769799947738648,3.769599914550781
2019-01-28,6.5,0.32,577590.1,18021.3,17825.5,2.4,95444.0,2643.85009765625,51.9900016784668,3.769599914550781,3.759599924087525
2019-01-29,6.5,0.32,577590.1,18021.3,17825.5,2.4,95639.0,2640.0,53.310001373291016,3.759599924087525,3.7184998989105225
2019-01-30,6.5,0.32,577590.1,18021.3,17825.5,2.4,96996.0,2681.050048828125,54.22999954223633,3.7184998989105225,3.681400060653688
2019-01-31,6.5,0.32,577590.1,18021.3,17825.5,2.4,97394.0,2704.10009765625,53.790000915527344,3.681400060653688,3.642800092697144
2019-02-01,6.5,0.43,577941.3,15757.3,13938.3,2.4,97861.0,2706.530029296875,55.2599983215332,3.642800092697144,3.6572999954223633
2019-02-04,6.5,0.43,577941.3,15757.3,13938.3,2.4,98589.0,2724.8701171875,54.560001373291016,3.6572999954223633,3.6670000553131104
2019-02-05,6.5,0.43,577941.3,15757.3,13938.3,2.4,98311.0,2737.699951171875,53.65999984741211,3.6670000553131104,3.668299913406372
2019-02-06,6.5,0.43,577941.3,15757.3,13938.3,2.4,94636.0,2731.610107421875,54.0099983215332,3.668299913406372,3.694700002670288
2019-02-07,6.5,0.43,577941.3,15757.3,13938.3,2.4,94406.0,2706.050048828125,52.63999938964844,3.694700002670288,3.714900016784668
2019-02-08,6.5,0.43,577941.3,15757.3,13938.3,2.4,95343.0,2707.8798828125,52.720001220703125,3.714900016784668,3.728600025177002
2019-02-11,6.5,0.43,577941.3,15757.3,13938.3,2.4,94413.0,2709.800048828125,52.40999984741211,3.728600025177002,3.755199909210205
2019-02-12,6.5,0.43,577941.3,15757.3,13938.3,2.4,96168.0,2744.72998046875,53.09999847412109,3.755199909210205,3.7079999446868896
2019-02-13,6.5,0.43,577941.3,15757.3,13938.3,2.4,95842.0,2753.030029296875,53.900001525878906,3.7079999446868896,3.753200054168701
2019-02-14,6.5,0.43,577941.3,15757.3,13938.3,2.4,98015.0,2745.72998046875,54.40999984741211,3.753200054168701,3.721999883651733
2019-02-15,6.5,0.43,577941.3,15757.3,13938.3,2.4,97526.0,2775.60009765625,55.59000015258789,3.721999883651733,3.6468000411987305
2019-02-18,6.5,0.43,577941.3,15757.3,13938.3,2.4,96510.0,2777.680053710937,55.84000015258789,3.6468000411987305,3.731699943542481
2019-02-19,6.5,0.43,577941.3,15757.3,13938.3,2.4,97659.0,2779.760009765625,56.09000015258789,3.731699943542481,3.721999883651733
2019-02-20,6.5,0.43,577941.3,15757.3,13938.3,2.4,96545.0,2784.699951171875,56.91999816894531,3.721999883651733,3.723999977111816
2019-02-21,6.5,0.43,577941.3,15757.3,13938.3,2.4,96932.0,2774.8798828125,56.959999084472656,3.723999977111816,3.766499996185303
2019-02-22,6.5,0.43,577941.3,15757.3,13938.3,2.4,97886.0,2792.669921875,57.2599983215332,3.766499996185303,3.746299982070923
2019-02-25,6.5,0.43,577941.3,15757.3,13938.3,2.4,97240.0,2796.110107421875,55.47999954223633,3.746299982070923,3.750400066375733
2019-02-26,6.5,0.43,577941.3,15757.3,13938.3,2.4,97603.0,2793.89990234375,55.5,3.750400066375733,3.747100114822388
2019-02-27,6.5,0.43,577941.3,15757.3,13938.3,2.4,97307.0,2792.3798828125,56.93999862670898,3.747100114822388,3.727299928665161
2019-02-28,6.5,0.43,577941.3,15757.3,13938.3,2.4,95584.0,2784.489990234375,57.220001220703125,3.727299928665161,3.747499942779541
2019-03-01,6.5,0.75,602022.1,17450.9,14456.1,2.41,94604.0,2803.68994140625,55.79999923706055,3.747499942779541,3.721400022506714
2019-03-04,6.5,0.75,602022.1,17450.9,14456.1,2.41,94475.0,2792.81005859375,56.59000015258789,3.721400022506714,3.7741000652313232
2019-03-05,6.5,0.75,602022.1,17450.9,14456.1,2.41,94346.0,2789.64990234375,56.560001373291016,3.7741000652313232,3.774399995803833
2019-03-06,6.5,0.75,602022.1,17450.9,14456.1,2.41,94217.0,2771.449951171875,56.220001220703125,3.774399995803833,3.8368000984191895
2019-03-07,6.5,0.75,602022.1,17450.9,14456.1,2.41,94340.0,2748.929931640625,56.65999984741211,3.8368000984191895,3.86929988861084
2019-03-08,6.5,0.75,602022.1,17450.9,14456.1,2.41,95365.0,2743.070068359375,56.06999969482422,3.86929988861084,3.813400030136109
2019-03-11,6.5,0.75,602022.1,17450.9,14456.1,2.41,98027.0,2783.300048828125,56.790000915527344,3.813400030136109,3.837300062179565
2019-03-12,6.5,0.75,602022.1,17450.9,14456.1,2.41,97828.0,2791.52001953125,56.869998931884766,3.837300062179565,3.811599969863892
2019-03-13,6.5,0.75,602022.1,17450.9,14456.1,2.41,98904.0,2810.919921875,58.2599983215332,3.811599969863892,3.8132998943328857
2019-03-14,6.5,0.75,602022.1,17450.9,14456.1,2.41,98605.0,2808.47998046875,58.61000061035156,3.8132998943328857,3.8405001163482666
2019-03-15,6.5,0.75,602022.1,17450.9,14456.1,2.41,99137.0,2822.47998046875,58.52000045776367,3.8405001163482666,3.812999963760376
2019-03-18,6.5,0.75,602022.1,17450.9,14456.1,2.41,99994.0,2832.93994140625,59.09000015258789,3.812999963760376,3.7899999618530273
2019-03-19,6.5,0.75,602022.1,17450.9,14456.1,2.41,99588.0,2832.570068359375,59.02999877929688,3.7899999618530273,3.7876999378204346
2019-03-20,6.5,0.75,602022.1,17450.9,14456.1,2.41,98041.0,2824.22998046875,59.83000183105469,3.7876999378204346,3.774199962615967
2019-03-21,6.5,0.75,602022.1,17450.9,14456.1,2.41,96729.0,2854.8798828125,59.97999954223633,3.774199962615967,3.7909998893737793
2019-03-22,6.5,0.75,602022.1,17450.9,14456.1,2.41,93735.0,2800.7099609375,59.040000915527344,3.7909998893737793,3.9059998989105225
2019-03-25,6.5,0.75,602022.1,17450.9,14456.1,2.41,93662.0,2798.360107421875,58.81999969482422,3.9059998989105225,3.853600025177002
2019-03-26,6.5,0.75,602022.1,17450.9,14456.1,2.41,95307.0,2818.4599609375,59.93999862670898,3.853600025177002,3.875
2019-03-27,6.5,0.75,602022.1,17450.9,14456.1,2.41,91903.0,2805.3701171875,59.40999984741211,3.875,3.9881999492645264
2019-03-28,6.5,0.75,602022.1,17450.9,14456.1,2.41,94389.0,2815.43994140625,59.29999923706055,3.9881999492645264,3.897700071334839
2019-03-29,6.5,0.75,602022.1,17450.9,14456.1,2.41,95415.0,2834.39990234375,60.13999938964844,3.897700071334839,3.922499895095825
2019-04-01,6.5,0.57,612825.5,19300.8,15161.1,2.42,96054.0,2867.18994140625,61.59000015258789,3.922499895095825,3.84850001335144
2019-04-02,6.5,0.57,612825.5,19300.8,15161.1,2.42,95387.0,2867.239990234375,62.58000183105469,3.84850001335144,3.852299928665161
2019-04-03,6.5,0.57,612825.5,19300.8,15161.1,2.42,94491.0,2873.39990234375,62.459999084472656,3.852299928665161,3.868299961090088
2019-04-04,6.5,0.57,612825.5,19300.8,15161.1,2.42,96313.0,2879.389892578125,62.09999847412109,3.868299961090088,3.8559000492095934
2019-04-05,6.5,0.57,612825.5,19300.8,15161.1,2.42,97108.0,2892.739990234375,63.08000183105469,3.8559000492095934,3.874000072479248
2019-04-08,6.5,0.57,612825.5,19300.8,15161.1,2.42,97369.0,2895.77001953125,64.4000015258789,3.874000072479248,3.84820008277893
2019-04-09,6.5,0.57,612825.5,19300.8,15161.1,2.42,96292.0,2878.199951171875,63.97999954223633,3.84820008277893,3.848000049591065
2019-04-10,6.5,0.57,612825.5,19300.8,15161.1,2.42,95953.0,2888.2099609375,64.61000061035156,3.848000049591065,3.8239998817443848
2019-04-11,6.5,0.57,612825.5,19300.8,15161.1,2.42,94755.0,2888.320068359375,63.58000183105469,3.8239998817443848,3.855799913406372
2019-04-12,6.5,0.57,612825.5,19300.8,15161.1,2.42,92875.0,2907.409912109375,63.88999938964844,3.855799913406372,3.880300045013428
2019-04-15,6.5,0.57,612825.5,19300.8,15161.1,2.42,93083.0,2905.580078125,63.400001525878906,3.880300045013428,3.8703999519348153
2019-04-16,6.5,0.57,612825.5,19300.8,15161.1,2.42,94333.0,2907.06005859375,64.05000305175781,3.8703999519348153,3.903800010681152
2019-04-17,6.5,0.57,612825.5,19300.8,15161.1,2.42,93285.0,2900.449951171875,63.7599983215332,3.903800010681152,3.936700105667114
2019-04-18,6.5,0.57,612825.5,19300.8,15161.1,2.42,94578.0,2905.030029296875,64.0,3.936700105667114,3.9267001152038574
2019-04-19,6.5,0.57,612825.5,19300.8,15161.1,2.42,94583.0,2906.5,64.8499984741211,3.9267001152038574,3.934499979019165
2019-04-22,6.5,0.57,612825.5,19300.8,15161.1,2.42,94588.0,2907.969970703125,65.69999694824219,3.934499979019165,3.9340999126434326
2019-04-23,6.5,0.57,612825.5,19300.8,15161.1,2.42,95923.0,2933.679931640625,66.30000305175781,3.9340999126434326,3.918299913406372
2019-04-24,6.5,0.57,612825.5,19300.8,15161.1,2.42,95045.0,2927.25,65.88999938964844,3.918299913406372,3.9895999431610094
2019-04-25,6.5,0.57,612825.5,19300.8,15161.1,2.42,96552.0,2926.169921875,65.20999908447266,3.9895999431610094,3.952699899673462
2019-04-26,6.5,0.57,612825.5,19300.8,15161.1,2.42,96236.0,2939.8798828125,63.29999923706055,3.952699899673462,3.929199934005737
2019-04-29,6.5,0.57,612825.5,19300.8,15161.1,2.42,96188.0,2943.030029296875,63.5,3.929199934005737,3.944299936294556
2019-04-30,6.5,0.57,612825.5,19300.8,15161.1,2.42,96353.0,2945.830078125,63.90999984741211,3.944299936294556,3.916899919509888
2019-05-01,6.5,0.13,615969.2,20619.9,16507.7,2.39,95940.5,2923.72998046875,63.59999847412109,3.916899919509888,3.919300079345703
2019-05-02,6.5,0.13,615969.2,20619.9,16507.7,2.39,95528.0,2917.52001953125,61.810001373291016,3.919300079345703,3.966200113296509
2019-05-03,6.5,0.13,615969.2,20619.9,16507.7,2.39,96008.0,2945.639892578125,61.93999862670898,3.966200113296509,3.936599969863892
2019-05-06,6.5,0.13,615969.2,20619.9,16507.7,2.39,95009.0,2932.469970703125,62.25,3.936599969863892,3.9681999683380127
2019-05-07,6.5,0.13,615969.2,20619.9,16507.7,2.39,94389.0,2884.050048828125,61.400001525878906,3.9681999683380127,3.9686999320983887
2019-05-08,6.5,0.13,615969.2,20619.9,16507.7,2.39,95597.0,2879.419921875,62.119998931884766,3.9686999320983887,3.926300048828125
2019-05-09,6.5,0.13,615969.2,20619.9,16507.7,2.39,94808.0,2870.719970703125,61.70000076293945,3.926300048828125,3.9453999996185294
2019-05-10,6.5,0.13,615969.2,20619.9,16507.7,2.39,94258.0,2881.39990234375,61.65999984741211,3.9453999996185294,3.959700107574463
2019-05-13,6.5,0.13,615969.2,20619.9,16507.7,2.39,91727.0,2811.8701171875,61.040000915527344,3.959700107574463,3.990499973297119
2019-05-14,6.5,0.13,615969.2,20619.9,16507.7,2.39,92092.0,2834.409912109375,61.77999877929688,3.990499973297119,3.975100040435791
2019-05-15,6.5,0.13,615969.2,20619.9,16507.7,2.39,91623.0,2850.9599609375,62.02000045776367,3.975100040435791,3.999900102615357
2019-05-16,6.5,0.13,615969.2,20619.9,16507.7,2.39,90024.0,2876.320068359375,62.869998931884766,3.999900102615357,4.046199798583984
2019-05-17,6.5,0.13,615969.2,20619.9,16507.7,2.39,89993.0,2859.530029296875,62.7599983215332,4.046199798583984,4.097400188446045
2019-05-20,6.5,0.13,615969.2,20619.9,16507.7,2.39,91946.0,2840.22998046875,63.09999847412109,4.097400188446045,4.094900131225586
2019-05-21,6.5,0.13,615969.2,20619.9,16507.7,2.39,94485.0,2864.360107421875,62.9900016784668,4.094900131225586,4.036799907684326
2019-05-23,6.5,0.13,615969.2,20619.9,16507.7,2.39,93910.0,2822.239990234375,57.90999984741211,4.036799907684326,4.038700103759766
2019-05-24,6.5,0.13,615969.2,20619.9,16507.7,2.39,93628.0,2826.06005859375,58.630001068115234,4.038700103759766,4.021200180053711
2019-05-27,6.5,0.13,615969.2,20619.9,16507.7,2.39,94864.0,2814.224975585937,58.88500022888184,4.021200180053711,4.042099952697754
2019-05-28,6.5,0.13,615969.2,20619.9,16507.7,2.39,96393.0,2802.389892578125,59.13999938964844,4.042099952697754,4.023600101470947
2019-05-29,6.5,0.13,615969.2,20619.9,16507.7,2.39,96567.0,2783.02001953125,58.810001373291016,4.023600101470947,3.973400115966797
2019-05-30,6.5,0.13,615969.2,20619.9,16507.7,2.39,97457.0,2788.860107421875,56.59000015258789,3.973400115966797,3.9800000190734863
2019-05-31,6.5,0.13,615969.2,20619.9,16507.7,2.39,97030.0,2752.06005859375,53.5,3.9800000190734863,3.9242000579833984
2019-06-03,6.5,0.01,597966.5,18427.1,14491.5,2.38,97020.0,2744.449951171875,53.25,3.9242000579833984,3.884099960327149
2019-06-04,6.5,0.01,597966.5,18427.1,14491.5,2.38,97380.0,2803.27001953125,53.47999954223633,3.884099960327149,3.853600025177002
2019-06-05,6.5,0.01,597966.5,18427.1,14491.5,2.38,95999.0,2826.14990234375,51.68000030517578,3.853600025177002,3.8794000148773193
2019-06-06,6.5,0.01,597966.5,18427.1,14491.5,2.38,97205.0,2843.489990234375,52.59000015258789,3.8794000148773193,3.878400087356568
2019-06-07,6.5,0.01,597966.5,18427.1,14491.5,2.38,97821.0,2873.340087890625,53.9900016784668,3.878400087356568,3.876499891281128
2019-06-10,6.5,0.01,597966.5,18427.1,14491.5,2.38,97467.0,2886.72998046875,53.2599983215332,3.876499891281128,3.884500026702881
2019-06-11,6.5,0.01,597966.5,18427.1,14491.5,2.38,98960.0,2885.719970703125,53.27000045776367,3.884500026702881,3.85509991645813
2019-06-12,6.5,0.01,597966.5,18427.1,14491.5,2.38,98321.0,2879.840087890625,51.13999938964844,3.85509991645813,3.865900039672852
2019-06-13,6.5,0.01,597966.5,18427.1,14491.5,2.38,98774.0,2891.639892578125,52.27999877929688,3.865900039672852,3.84820008277893
2019-06-14,6.5,0.01,597966.5,18427.1,14491.5,2.38,98040.0,2886.97998046875,52.5099983215332,3.84820008277893,3.8945000171661377
2019-06-17,6.5,0.01,597966.5,18427.1,14491.5,2.38,97623.0,2889.669921875,51.93000030517578,3.8945000171661377,3.88700008392334
2019-06-18,6.5,0.01,597966.5,18427.1,14491.5,2.38,99404.0,2917.75,53.900001525878906,3.88700008392334,3.859499931335449
2019-06-19,6.5,0.01,597966.5,18427.1,14491.5,2.38,100303.0,2926.4599609375,53.7599983215332,3.859499931335449,3.835400104522705
2019-06-20,6.5,0.01,597966.5,18427.1,14491.5,2.38,101158.0,2954.179931640625,56.650001525878906,3.835400104522705,3.837699890136719
2019-06-21,6.5,0.01,597966.5,18427.1,14491.5,2.38,102013.0,2950.4599609375,57.43000030517578,3.837699890136719,3.820499897003174
2019-06-24,6.5,0.01,597966.5,18427.1,14491.5,2.38,102062.0,2945.35009765625,57.900001525878906,3.820499897003174,3.825599908828736
2019-06-25,6.5,0.01,597966.5,18427.1,14491.5,2.38,100093.0,2917.3798828125,57.83000183105469,3.825599908828736,3.8454999923706055
2019-06-26,6.5,0.01,597966.5,18427.1,14491.5,2.38,100689.0,2913.780029296875,59.380001068115234,3.8454999923706055,3.842900037765503
2019-06-27,6.5,0.01,597966.5,18427.1,14491.5,2.38,100724.0,2924.919921875,59.43000030517578,3.842900037765503,3.815999984741211
2019-06-28,6.5,0.01,597966.5,18427.1,14491.5,2.38,100967.0,2941.760009765625,58.470001220703125,3.815999984741211,3.849499940872192
2019-07-01,6.5,0.19,632381.7,20166.2,19484.8,2.4,101340.0,2964.330078125,59.09000015258789,3.849499940872192,3.839600086212158
2019-07-02,6.5,0.19,632381.7,20166.2,19484.8,2.4,100605.0,2973.010009765625,56.25,3.839600086212158,3.843899965286255
2019-07-03,6.5,0.19,632381.7,20166.2,19484.8,2.4,102043.0,2995.820068359375,57.34000015258789,3.843899965286255,3.825000047683716
2019-07-04,6.5,0.19,632381.7,20166.2,19484.8,2.4,103636.0,2993.114990234375,57.42499923706055,3.825000047683716,3.800800085067749
2019-07-05,6.5,0.19,632381.7,20166.2,19484.8,2.4,104089.0,2990.409912109375,57.5099983215332,3.800800085067749,3.8190999031066895
2019-07-08,6.5,0.19,632381.7,20166.2,19484.8,2.4,104530.0,2975.949951171875,57.65999984741211,3.8190999031066895,3.799099922180176
2019-07-09,6.5,0.19,632381.7,20166.2,19484.8,2.4,105173.5,2979.6298828125,57.83000183105469,3.799099922180176,3.799000024795532
2019-07-10,6.5,0.19,632381.7,20166.2,19484.8,2.4,105817.0,2993.070068359375,60.43000030517578,3.799000024795532,3.7502999305725098
2019-07-11,6.5,0.19,632381.7,20166.2,19484.8,2.4,105146.0,2999.909912109375,60.20000076293945,3.7502999305725098,3.754800081253052
2019-07-12,6.5,0.19,632381.7,20166.2,19484.8,2.4,103906.0,3013.77001953125,60.209999084472656,3.754800081253052,3.7344000339508057
2019-07-15,6.5,0.19,632381.7,20166.2,19484.8,2.4,103803.0,3014.300048828125,59.58000183105469,3.7344000339508057,3.753700017929077
2019-07-16,6.5,0.19,632381.7,20166.2,19484.8,2.4,103775.0,3004.0400390625,57.619998931884766,3.753700017929077,3.767199993133545
2019-07-17,6.5,0.19,632381.7,20166.2,19484.8,2.4,103856.0,2984.419921875,56.77999877929688,3.767199993133545,3.7618000507354736
2019-07-18,6.5,0.19,632381.7,20166.2,19484.8,2.4,104717.0,2995.110107421875,55.29999923706055,3.7618000507354736,3.717400074005127
2019-07-19,6.5,0.19,632381.7,20166.2,19484.8,2.4,103452.0,2976.610107421875,55.630001068115234,3.717400074005127,3.7458999156951904
2019-07-22,6.5,0.19,632381.7,20166.2,19484.8,2.4,103949.0,2985.030029296875,56.220001220703125,3.7458999156951904,3.739799976348877
2019-07-23,6.5,0.19,632381.7,20166.2,19484.8,2.4,103704.0,3005.469970703125,56.77000045776367,3.739799976348877,3.77239990234375
2019-07-24,6.5,0.19,632381.7,20166.2,19484.8,2.4,104120.0,3019.56005859375,55.880001068115234,3.77239990234375,3.7713000774383545
2019-07-25,6.5,0.19,632381.7,20166.2,19484.8,2.4,102655.0,3003.669921875,56.02000045776367,3.7713000774383545,3.775199890136719
2019-07-26,6.5,0.19,632381.7,20166.2,19484.8,2.4,102819.0,3025.860107421875,56.20000076293945,3.775199890136719,3.7734999656677246
2019-07-29,6.5,0.19,632381.7,20166.2,19484.8,2.4,103483.0,3020.969970703125,56.869998931884766,3.7734999656677246,3.780100107192993
2019-07-30,6.5,0.19,632381.7,20166.2,19484.8,2.4,102933.0,3013.179931640625,58.04999923706055,3.780100107192993,3.789299964904785
2019-07-31,6.5,0.19,632381.7,20166.2,19484.8,2.4,101812.0,2980.3798828125,58.58000183105469,3.789299964904785,3.811700105667114
2019-08-01,6.0,0.11,630430.8,19746.4,18242.1,2.13,102126.0,2953.56005859375,53.95000076293945,3.811700105667114,3.837300062179565
2019-08-02,6.0,0.11,630430.8,19746.4,18242.1,2.13,102674.0,2932.050048828125,55.65999984741211,3.837300062179565,3.883899927139282
2019-08-05,6.0,0.11,630430.8,19746.4,18242.1,2.13,100098.0,2844.739990234375,54.68999862670898,3.883899927139282,3.973099946975708
2019-08-06,6.0,0.11,630430.8,19746.4,18242.1,2.13,102164.0,2881.77001953125,53.630001068115234,3.973099946975708,3.958699941635132
2019-08-07,6.0,0.11,630430.8,19746.4,18242.1,2.13,102782.0,2883.97998046875,51.09000015258789,3.958699941635132,3.967400074005127
2019-08-08,6.0,0.11,630430.8,19746.4,18242.1,2.13,104115.0,2938.090087890625,52.540000915527344,3.967400074005127,3.91759991645813
2019-08-09,6.0,0.11,630430.8,19746.4,18242.1,2.13,103996.0,2918.64990234375,54.5,3.91759991645813,3.940200090408325
2019-08-12,6.0,0.11,630430.8,19746.4,18242.1,2.13,101915.0,2882.699951171875,54.93000030517578,3.940200090408325,3.9839000701904297
2019-08-13,6.0,0.11,630430.8,19746.4,18242.1,2.13,103299.0,2926.320068359375,57.09999847412109,3.9839000701904297,3.962399959564209
2019-08-14,6.0,0.11,630430.8,19746.4,18242.1,2.13,100258.0,2840.60009765625,55.22999954223633,3.962399959564209,4.050300121307373
2019-08-15,6.0,0.11,630430.8,19746.4,18242.1,2.13,99057.0,2847.60009765625,54.470001220703125,4.050300121307373,3.9900999069213854
2019-08-16,6.0,0.11,630430.8,19746.4,18242.1,2.13,99806.0,2888.679931640625,54.869998931884766,3.9900999069213854,4.0046000480651855
2019-08-19,6.0,0.11,630430.8,19746.4,18242.1,2.13,99469.0,2923.64990234375,56.209999084472656,4.0046000480651855,4.073200225830078
2019-08-20,6.0,0.11,630430.8,19746.4,18242.1,2.13,99222.0,2900.510009765625,56.34000015258789,4.073200225830078,4.051700115203857
2019-08-21,6.0,0.11,630430.8,19746.4,18242.1,2.13,101202.0,2924.429931640625,55.68000030517578,4.051700115203857,4.02400016784668
2019-08-22,6.0,0.11,630430.8,19746.4,18242.1,2.13,100011.0,2922.949951171875,55.34999847412109,4.02400016784668,4.067999839782715
2019-08-23,6.0,0.11,630430.8,19746.4,18242.1,2.13,97667.0,2847.110107421875,54.16999816894531,4.067999839782715,4.126200199127197
2019-08-26,6.0,0.11,630430.8,19746.4,18242.1,2.13,96430.0,2878.3798828125,53.63999938964844,4.126200199127197,4.151500225067139
2019-08-27,6.0,0.11,630430.8,19746.4,18242.1,2.13,97276.0,2869.159912109375,54.93000030517578,4.151500225067139,4.122799873352051
2019-08-28,6.0,0.11,630430.8,19746.4,18242.1,2.13,98194.0,2887.93994140625,55.77999877929688,4.122799873352051,4.167699813842773
2019-08-29,6.0,0.11,630430.8,19746.4,18242.1,2.13,100524.0,2924.580078125,56.709999084472656,4.167699813842773,4.168099880218506
2019-08-30,6.0,0.11,630430.8,19746.4,18242.1,2.13,101135.0,2926.4599609375,55.09999847412109,4.168099880218506,4.143899917602539
2019-09-02,6.0,-0.04,617797.7,20338.5,17944.9,2.04,100626.0,2916.364990234375,54.51999855041503,4.143899917602539,4.1844000816345215
2019-09-03,6.0,-0.04,617797.7,20338.5,17944.9,2.04,99681.0,2906.27001953125,53.93999862670898,4.1844000816345215,4.16510009765625
2019-09-04,6.0,-0.04,617797.7,20338.5,17944.9,2.04,101201.0,2937.780029296875,56.2599983215332,4.16510009765625,4.093200206756592
2019-09-05,6.0,-0.04,617797.7,20338.5,17944.9,2.04,102243.0,2976.0,56.29999923706055,4.093200206756592,4.105999946594238
2019-09-06,6.0,-0.04,617797.7,20338.5,17944.9,2.04,102935.0,2978.7099609375,56.52000045776367,4.105999946594238,4.061299800872803
2019-09-09,6.0,-0.04,617797.7,20338.5,17944.9,2.04,103181.0,2978.429931640625,57.84999847412109,4.061299800872803,4.093400001525879
2019-09-10,6.0,-0.04,617797.7,20338.5,17944.9,2.04,103032.0,2979.389892578125,57.400001525878906,4.093400001525879,4.079500198364258
2019-09-11,6.0,-0.04,617797.7,20338.5,17944.9,2.04,103446.0,3000.929931640625,55.75,4.079500198364258,4.064199924468994
2019-09-12,6.0,-0.04,617797.7,20338.5,17944.9,2.04,104371.0,3009.570068359375,55.09000015258789,4.064199924468994,4.058899879455566
2019-09-13,6.0,-0.04,617797.7,20338.5,17944.9,2.04,103501.0,3007.389892578125,54.84999847412109,4.058899879455566,4.0854997634887695
2019-09-16,6.0,-0.04,617797.7,20338.5,17944.9,2.04,103680.0,2997.9599609375,62.900001525878906,4.0854997634887695,4.0792999267578125
2019-09-17,6.0,-0.04,617797.7,20338.5,17944.9,2.04,104617.0,3005.699951171875,59.34000015258789,4.0792999267578125,4.076000213623047
2019-09-18,6.0,-0.04,617797.7,20338.5,17944.9,2.04,104532.0,3006.72998046875,58.11000061035156,4.076000213623047,4.1072998046875
2019-09-19,5.5,-0.04,617797.7,20338.5,17944.9,2.04,104339.0,3006.7900390625,58.130001068115234,4.1072998046875,4.166600227355957
2019-09-20,5.5,-0.04,617797.7,20338.5,17944.9,2.04,104817.0,2992.070068359375,58.09000015258789,4.166600227355957,4.1483001708984375
2019-09-23,5.5,-0.04,617797.7,20338.5,17944.9,2.04,104638.0,2991.780029296875,58.63999938964844,4.1483001708984375,4.161499977111816
2019-09-24,5.5,-0.04,617797.7,20338.5,17944.9,2.04,103876.0,2966.60009765625,57.290000915527344,4.161499977111816,4.161699771881104
2019-09-25,5.5,-0.04,617797.7,20338.5,17944.9,2.04,104481.0,2984.8701171875,56.4900016784668,4.161699771881104,4.14709997177124
2019-09-26,5.5,-0.04,617797.7,20338.5,17944.9,2.04,105319.0,2977.6201171875,56.40999984741211,4.14709997177124,4.1691999435424805
2019-09-27,5.5,-0.04,617797.7,20338.5,17944.9,2.04,105078.0,2961.7900390625,55.90999984741211,4.1691999435424805,4.157100200653076
2019-09-30,5.5,-0.04,617797.7,20338.5,17944.9,2.04,104745.0,2976.739990234375,54.06999969482422,4.157100200653076,4.154799938201904
2019-10-01,5.5,0.1,648278.7,19645.0,18690.1,1.83,104053.0,2940.25,53.619998931884766,4.154799938201904,4.154600143432617
2019-10-02,5.5,0.1,648278.7,19645.0,18690.1,1.83,101031.0,2887.610107421875,52.63999938964844,4.154600143432617,4.1244001388549805
2019-10-03,5.5,0.1,648278.7,19645.0,18690.1,1.83,101516.0,2910.6298828125,52.45000076293945,4.1244001388549805,4.082900047302246
2019-10-04,5.5,0.1,648278.7,19645.0,18690.1,1.83,102551.0,2952.010009765625,52.810001373291016,4.082900047302246,4.054599761962891
2019-10-07,5.5,0.1,648278.7,19645.0,18690.1,1.83,100573.0,2938.7900390625,52.75,4.054599761962891,4.105100154876709
2019-10-08,5.5,0.1,648278.7,19645.0,18690.1,1.83,99981.0,2893.06005859375,52.630001068115234,4.105100154876709,4.09089994430542
2019-10-09,5.5,0.1,648278.7,19645.0,18690.1,1.83,101249.0,2919.39990234375,52.59000015258789,4.09089994430542,4.10830020904541
2019-10-10,5.5,0.1,648278.7,19645.0,18690.1,1.83,101817.0,2938.1298828125,53.54999923706055,4.10830020904541,4.108399868011475
2019-10-11,5.5,0.1,648278.7,19645.0,18690.1,1.83,103832.0,2970.27001953125,54.70000076293945,4.108399868011475,4.108500003814697
2019-10-14,5.5,0.1,648278.7,19645.0,18690.1,1.83,104302.0,2966.14990234375,53.59000015258789,4.108500003814697,4.123700141906738
2019-10-15,5.5,0.1,648278.7,19645.0,18690.1,1.83,104490.0,2995.679931640625,52.810001373291016,4.123700141906738,4.178599834442139
2019-10-16,5.5,0.1,648278.7,19645.0,18690.1,1.83,105423.0,2989.68994140625,53.36000061035156,4.178599834442139,4.148600101470947
2019-10-17,5.5,0.1,648278.7,19645.0,18690.1,1.83,105016.0,2997.949951171875,53.93000030517578,4.148600101470947,4.161099910736084
2019-10-18,5.5,0.1,648278.7,19645.0,18690.1,1.83,104729.0,2986.199951171875,53.77999877929688,4.161099910736084,4.111100196838379
2019-10-21,5.5,0.1,648278.7,19645.0,18690.1,1.83,106022.0,3006.719970703125,53.310001373291016,4.111100196838379,4.1247639656066895
2019-10-22,5.5,0.1,648278.7,19645.0,18690.1,1.83,107381.0,2995.989990234375,54.15999984741211,4.1247639656066895,4.078400135040283
2019-10-23,5.5,0.1,648278.7,19645.0,18690.1,1.83,107544.0,3004.52001953125,55.970001220703125,4.078400135040283,4.033100128173828
2019-10-24,5.5,0.1,648278.7,19645.0,18690.1,1.83,106986.0,3010.2900390625,56.22999954223633,4.033100128173828,4.039299964904785
2019-10-25,5.5,0.1,648278.7,19645.0,18690.1,1.83,107364.0,3022.550048828125,56.65999984741211,4.039299964904785,4.002900123596191
2019-10-28,5.5,0.1,648278.7,19645.0,18690.1,1.83,108187.0,3039.419921875,55.810001373291016,4.002900123596191,3.988800048828125
2019-10-29,5.5,0.1,648278.7,19645.0,18690.1,1.83,107556.0,3036.889892578125,55.540000915527344,3.988800048828125,3.9967000484466553
2019-10-30,5.5,0.1,648278.7,19645.0,18690.1,1.83,108408.0,3046.77001953125,55.060001373291016,3.9967000484466553,3.9862000942230233
2019-10-31,5.0,0.1,648278.7,19645.0,18690.1,1.83,107220.0,3037.56005859375,54.18000030517578,3.9862000942230233,4.015999794006348
2019-11-01,5.0,0.51,637854.3,17778.8,15676.6,1.55,108196.0,3066.909912109375,56.20000076293945,4.015999794006348,3.989399909973145
2019-11-04,5.0,0.51,637854.3,17778.8,15676.6,1.55,108601.0,3078.27001953125,56.540000915527344,3.989399909973145,4.010799884796143
2019-11-05,5.0,0.51,637854.3,17778.8,15676.6,1.55,108451.0,3074.6201171875,57.22999954223633,4.010799884796143,3.992000102996826
2019-11-06,5.0,0.51,637854.3,17778.8,15676.6,1.55,108336.0,3076.780029296875,56.34999847412109,3.992000102996826,4.082300186157227
2019-11-07,5.0,0.51,637854.3,17778.8,15676.6,1.55,109581.0,3085.179931640625,57.150001525878906,4.082300186157227,4.099500179290772
2019-11-08,5.0,0.51,637854.3,17778.8,15676.6,1.55,107629.0,3093.080078125,57.2400016784668,4.099500179290772,4.133399963378906
2019-11-11,5.0,0.51,637854.3,17778.8,15676.6,1.55,108215.0,3087.010009765625,56.86000061035156,4.133399963378906,4.151299953460693
2019-11-12,5.0,0.51,637854.3,17778.8,15676.6,1.55,106785.0,3091.840087890625,56.79999923706055,4.151299953460693,4.167900085449219
2019-11-13,5.0,0.51,637854.3,17778.8,15676.6,1.55,105914.0,3094.0400390625,57.119998931884766,4.167900085449219,4.168600082397461
2019-11-14,5.0,0.51,637854.3,17778.8,15676.6,1.55,106557.0,3096.6298828125,56.77000045776367,4.168600082397461,4.194300174713135
2019-11-15,5.0,0.51,637854.3,17778.8,15676.6,1.55,106452.0,3120.4599609375,57.720001220703125,4.194300174713135,4.194799900054932
2019-11-18,5.0,0.51,637854.3,17778.8,15676.6,1.55,106347.0,3122.030029296875,57.04999923706055,4.194799900054932,4.216400146484375
2019-11-19,5.0,0.51,637854.3,17778.8,15676.6,1.55,105618.0,3120.179931640625,55.209999084472656,4.216400146484375,4.191699981689453
2019-11-20,5.0,0.51,637854.3,17778.8,15676.6,1.55,106557.5,3108.4599609375,57.11000061035156,4.191699981689453,4.195000171661377
2019-11-21,5.0,0.51,637854.3,17778.8,15676.6,1.55,107497.0,3103.5400390625,58.58000183105469,4.195000171661377,4.191699981689453
2019-11-22,5.0,0.51,637854.3,17778.8,15676.6,1.55,108692.0,3110.2900390625,57.77000045776367,4.191699981689453,4.195000171661377
2019-11-25,5.0,0.51,637854.3,17778.8,15676.6,1.55,108424.0,3133.639892578125,58.0099983215332,4.195000171661377,4.225399971008301
2019-11-26,5.0,0.51,637854.3,17778.8,15676.6,1.55,107059.0,3140.52001953125,58.40999984741211,4.225399971008301,4.231800079345703
2019-11-27,5.0,0.51,637854.3,17778.8,15676.6,1.55,107708.0,3153.6298828125,58.11000061035156,4.231800079345703,4.262700080871582
2019-11-28,5.0,0.51,637854.3,17778.8,15676.6,1.55,108290.0,3147.304931640625,56.63999938964844,4.262700080871582,4.188000202178955
2019-11-29,5.0,0.51,637854.3,17778.8,15676.6,1.55,108233.0,3140.97998046875,55.16999816894531,4.188000202178955,4.236100196838379
2019-12-02,5.0,1.15,638073.0,18540.8,13806.8,1.55,109061.0,3113.8701171875,55.959999084472656,4.236100196838379,4.222300052642822
2019-12-03,5.0,1.15,638073.0,18540.8,13806.8,1.55,108956.0,3093.199951171875,56.09999847412109,4.222300052642822,4.203999996185303
2019-12-04,5.0,1.15,638073.0,18540.8,13806.8,1.55,110301.0,3112.760009765625,58.43000030517578,4.203999996185303,4.206099987030029
2019-12-05,5.0,1.15,638073.0,18540.8,13806.8,1.55,110622.0,3117.429931640625,58.43000030517578,4.206099987030029,4.184599876403809
2019-12-06,5.0,1.15,638073.0,18540.8,13806.8,1.55,111126.0,3145.909912109375,59.20000076293945,4.184599876403809,4.118899822235107
2019-12-09,5.0,1.15,638073.0,18540.8,13806.8,1.55,110977.0,3135.9599609375,59.02000045776367,4.118899822235107,4.14109992980957
2019-12-10,5.0,1.15,638073.0,18540.8,13806.8,1.55,110672.0,3132.52001953125,59.2400016784668,4.14109992980957,4.144599914550781
2019-12-11,5.0,1.15,638073.0,18540.8,13806.8,1.55,110964.0,3141.6298828125,58.7599983215332,4.144599914550781,4.123700141906738
2019-12-12,4.5,1.15,638073.0,18540.8,13806.8,1.55,112200.0,3168.570068359375,59.18000030517578,4.123700141906738,4.087247848510742
2019-12-13,4.5,1.15,638073.0,18540.8,13806.8,1.55,112565.0,3168.800048828125,60.06999969482422,4.087247848510742,4.0858001708984375
2019-12-16,4.5,1.15,638073.0,18540.8,13806.8,1.55,111896.0,3191.449951171875,60.209999084472656,4.0858001708984375,4.0619001388549805
2019-12-17,4.5,1.15,638073.0,18540.8,13806.8,1.55,112616.0,3192.52001953125,60.93999862670898,4.0619001388549805,4.070199966430664
2019-12-18,4.5,1.15,638073.0,18540.8,13806.8,1.55,114315.0,3191.139892578125,60.93000030517578,4.070199966430664,4.059662818908691
2019-12-19,4.5,1.15,638073.0,18540.8,13806.8,1.55,115131.0,3205.3701171875,61.220001220703125,4.059662818908691,4.06879997253418
2019-12-20,4.5,1.15,638073.0,18540.8,13806.8,1.55,115121.0,3221.219970703125,60.43999862670898,4.06879997253418,4.079899787902832
2019-12-23,4.5,1.15,638073.0,18540.8,13806.8,1.55,115863.0,3224.010009765625,60.52000045776367,4.079899787902832,4.081999778747559
2019-12-24,4.5,1.15,638073.0,18540.8,13806.8,1.55,116309.66666666669,3223.3798828125,61.11000061035156,4.081999778747559,4.082799911499023
2019-12-25,4.5,1.15,638073.0,18540.8,13806.8,1.55,116756.33333333331,3231.644897460937,61.39500045776367,4.082799911499023,4.083000183105469
2019-12-26,4.5,1.15,638073.0,18540.8,13806.8,1.55,117203.0,3239.909912109375,61.68000030517578,4.083000183105469,4.054699897766113
2019-12-27,4.5,1.15,638073.0,18540.8,13806.8,1.55,116534.0,3240.02001953125,61.720001220703125,4.054699897766113,4.022299766540527
2019-12-30,4.5,1.15,638073.0,18540.8,13806.8,1.55,115964.0,3221.2900390625,61.68000030517578,4.022299766540527,4.015710830688477
2019-12-31,4.5,1.15,638073.0,18540.8,13806.8,1.55,116833.66666666669,3230.780029296875,61.060001373291016,4.015710830688477,4.016786098480225
2020-01-01,4.5,0.21,614091.5,14550.5,17835.2,1.55,117703.33333333331,3244.3150634765625,61.1200008392334,4.016786098480225,4.016300201416016
2020-01-02,4.5,0.21,614091.5,14550.5,17835.2,1.55,118573.0,3257.85009765625,61.18000030517578,4.016300201416016,4.023399829864502
2020-01-03,4.5,0.21,614091.5,14550.5,17835.2,1.55,117707.0,3234.85009765625,63.04999923706055,4.023399829864502,4.057000160217285
2020-01-06,4.5,0.21,614091.5,14550.5,17835.2,1.55,116878.0,3246.280029296875,63.27000045776367,4.057000160217285,4.060400009155273
2020-01-07,4.5,0.21,614091.5,14550.5,17835.2,1.55,116662.0,3237.179931640625,62.70000076293945,4.060400009155273,4.066199779510498
2020-01-08,4.5,0.21,614091.5,14550.5,17835.2,1.55,116247.0,3253.050048828125,59.61000061035156,4.066199779510498,4.06279993057251
2020-01-09,4.5,0.21,614091.5,14550.5,17835.2,1.55,115947.0,3274.699951171875,59.560001373291016,4.06279993057251,4.092100143432617
2020-01-10,4.5,0.21,614091.5,14550.5,17835.2,1.55,115503.0,3265.35009765625,59.040000915527344,4.092100143432617,4.070499897003174
2020-01-13,4.5,0.21,614091.5,14550.5,17835.2,1.55,117325.0,3288.1298828125,58.08000183105469,4.070499897003174,4.1458001136779785
2020-01-14,4.5,0.21,614091.5,14550.5,17835.2,1.55,117632.0,3283.14990234375,58.22999954223633,4.1458001136779785,4.13129997253418
2020-01-15,4.5,0.21,614091.5,14550.5,17835.2,1.55,116414.0,3289.2900390625,57.810001373291016,4.13129997253418,4.174200057983398
2020-01-16,4.5,0.21,614091.5,14550.5,17835.2,1.55,116704.0,3316.81005859375,58.52000045776367,4.174200057983398,4.183599948883057
2020-01-17,4.5,0.21,614091.5,14550.5,17835.2,1.55,118478.0,3329.6201171875,58.540000915527344,4.183599948883057,4.161600112915039
2020-01-20,4.5,0.21,614091.5,14550.5,17835.2,1.55,118862.0,3325.205078125,58.44000053405762,4.161600112915039,4.188499927520752
2020-01-21,4.5,0.21,614091.5,14550.5,17835.2,1.55,117026.0,3320.7900390625,58.34000015258789,4.188499927520752,4.210899829864502
2020-01-22,4.5,0.21,614091.5,14550.5,17835.2,1.55,118391.0,3321.75,56.7400016784668,4.210899829864502,4.181300163269043
2020-01-23,4.5,0.21,614091.5,14550.5,17835.2,1.55,119528.0,3325.5400390625,55.59000015258789,4.181300163269043,4.169099807739258
2020-01-24,4.5,0.21,614091.5,14550.5,17835.2,1.55,118376.0,3295.469970703125,54.18999862670898,4.169099807739258,4.1595001220703125
2020-01-27,4.5,0.21,614091.5,14550.5,17835.2,1.55,114482.0,3243.6298828125,53.13999938964844,4.1595001220703125,4.206099987030029
2020-01-28,4.5,0.21,614091.5,14550.5,17835.2,1.55,116479.0,3276.239990234375,53.47999954223633,4.206099987030029,4.193399906158447
2020-01-29,4.5,0.21,614091.5,14550.5,17835.2,1.55,115385.0,3273.39990234375,53.33000183105469,4.193399906158447,4.228899955749512
2020-01-30,4.5,0.21,614091.5,14550.5,17835.2,1.55,115528.0,3283.659912109375,52.13999938964844,4.228899955749512,4.242199897766113
2020-01-31,4.5,0.21,614091.5,14550.5,17835.2,1.55,113761.0,3225.52001953125,51.560001373291016,4.242199897766113,4.282599925994873
2020-02-03,4.5,0.25,618971.0,15615.5,14684.0,1.58,114629.0,3248.919921875,50.11000061035156,4.282599925994873,4.246799945831299
2020-02-04,4.5,0.25,618971.0,15615.5,14684.0,1.58,115557.0,3297.590087890625,49.61000061035156,4.246799945831299,4.253699779510498
2020-02-05,4.5,0.25,618971.0,15615.5,14684.0,1.58,116028.0,3334.68994140625,50.75,4.253699779510498,4.23360013961792
2020-02-06,4.25,0.25,618971.0,15615.5,14684.0,1.58,115190.0,3345.780029296875,50.95000076293945,4.23360013961792,4.280799865722656
2020-02-07,4.25,0.25,618971.0,15615.5,14684.0,1.58,113770.0,3327.7099609375,50.31999969482422,4.280799865722656,4.320400238037109
2020-02-10,4.25,0.25,618971.0,15615.5,14684.0,1.58,112570.0,3352.090087890625,49.56999969482422,4.320400238037109,4.320974826812744
2020-02-11,4.25,0.25,618971.0,15615.5,14684.0,1.58,115371.0,3357.75,49.93999862670898,4.320974826812744,4.327530860900879
2020-02-12,4.25,0.25,618971.0,15615.5,14684.0,1.58,116674.0,3379.449951171875,51.16999816894531,4.327530860900879,4.354499816894531
2020-02-13,4.25,0.25,618971.0,15615.5,14684.0,1.58,115662.0,3373.93994140625,51.41999816894531,4.354499816894531,4.346766948699951
2020-02-14,4.25,0.25,618971.0,15615.5,14684.0,1.58,114381.0,3380.159912109375,52.04999923706055,4.346766948699951,4.296999931335449
2020-02-17,4.25,0.25,618971.0,15615.5,14684.0,1.58,115309.0,3375.224975585937,52.04999923706055,4.296999931335449,4.326499938964844
2020-02-18,4.25,0.25,618971.0,15615.5,14684.0,1.58,114977.0,3370.2900390625,52.04999923706055,4.326499938964844,4.354800224304199
2020-02-19,4.25,0.25,618971.0,15615.5,14684.0,1.58,116518.0,3386.14990234375,53.290000915527344,4.354800224304199,4.363999843597412
2020-02-20,4.25,0.25,618971.0,15615.5,14684.0,1.58,114586.0,3373.22998046875,53.77999877929688,4.363999843597412,4.392300128936768
2020-02-21,4.25,0.25,618971.0,15615.5,14684.0,1.58,113681.0,3337.75,53.380001068115234,4.392300128936768,4.389800071716309
2020-02-24,4.25,0.25,618971.0,15615.5,14684.0,1.58,111026.66666666669,3225.889892578125,51.43000030517578,4.389800071716309,4.386600017547607
2020-02-25,4.25,0.25,618971.0,15615.5,14684.0,1.58,108372.33333333331,3128.2099609375,49.900001525878906,4.386600017547607,4.386799812316895
2020-02-26,4.25,0.25,618971.0,15615.5,14684.0,1.58,105718.0,3116.389892578125,48.72999954223633,4.386799812316895,4.449100017547607
2020-02-27,4.25,0.25,618971.0,15615.5,14684.0,1.58,102984.0,2978.760009765625,47.09000015258789,4.449100017547607,4.484799861907959
2020-02-28,4.25,0.25,618971.0,15615.5,14684.0,1.58,104172.0,2954.219970703125,44.7599983215332,4.484799861907959,4.441299915313721
2020-03-02,4.25,0.07,635032.1,18403.5,16106.4,0.65,106625.0,3090.22998046875,46.75,4.441299915313721,4.472400188446045
2020-03-03,4.25,0.07,635032.1,18403.5,16106.4,0.65,105537.0,3003.3701171875,47.18000030517578,4.472400188446045,4.513199806213379
2020-03-04,4.25,0.07,635032.1,18403.5,16106.4,0.65,107224.0,3130.1201171875,46.77999877929688,4.513199806213379,4.583399772644043
2020-03-05,4.25,0.07,635032.1,18403.5,16106.4,0.65,102233.0,3023.93994140625,45.900001525878906,4.583399772644043,4.606200218200684
2020-03-06,4.25,0.07,635032.1,18403.5,16106.4,0.65,97997.0,2972.3701171875,41.27999877929688,4.606200218200684,4.589799880981445
2020-03-09,4.25,0.07,635032.1,18403.5,16106.4,0.65,86067.0,2746.56005859375,31.1299991607666,4.589799880981445,4.722899913787842
2020-03-10,4.25,0.07,635032.1,18403.5,16106.4,0.65,92214.0,2882.22998046875,34.36000061035156,4.722899913787842,4.642099857330322
2020-03-11,4.25,0.07,635032.1,18403.5,16106.4,0.65,85171.0,2741.3798828125,32.97999954223633,4.642099857330322,4.813799858093262
2020-03-12,4.25,0.07,635032.1,18403.5,16106.4,0.65,72583.0,2480.639892578125,31.5,4.813799858093262,4.790200233459473
2020-03-13,4.25,0.07,635032.1,18403.5,16106.4,0.65,82678.0,2711.02001953125,31.729999542236328,4.790200233459473,4.85260009765625
2020-03-16,4.25,0.07,635032.1,18403.5,16106.4,0.65,71168.0,2386.1298828125,28.700000762939453,4.85260009765625,4.999000072479248
2020-03-17,4.25,0.07,635032.1,18403.5,16106.4,0.65,74617.0,2529.18994140625,26.950000762939453,4.999000072479248,5.009699821472168
2020-03-18,4.25,0.07,635032.1,18403.5,16106.4,0.65,66895.0,2398.10009765625,20.3700008392334,5.009699821472168,5.103961944580078
2020-03-19,3.75,0.07,635032.1,18403.5,16106.4,0.65,68332.0,2409.389892578125,25.21999931335449,5.103961944580078,5.094200134277344
2020-03-20,3.75,0.07,635032.1,18403.5,16106.4,0.65,67069.0,2304.919921875,22.43000030517578,5.094200134277344,5.045499801635742
2020-03-23,3.75,0.07,635032.1,18403.5,16106.4,0.65,63570.0,2237.39990234375,23.36000061035156,5.045499801635742,5.14169979095459
2020-03-24,3.75,0.07,635032.1,18403.5,16106.4,0.65,69729.0,2447.330078125,24.01000022888184,5.14169979095459,5.098100185394287
2020-03-25,3.75,0.07,635032.1,18403.5,16106.4,0.65,74956.0,2475.56005859375,24.489999771118164,5.098100185394287,5.033699989318848
2020-03-26,3.75,0.07,635032.1,18403.5,16106.4,0.65,77710.0,2630.070068359375,22.600000381469727,5.033699989318848,5.022600173950195
2020-03-27,3.75,0.07,635032.1,18403.5,16106.4,0.65,73429.0,2541.469970703125,21.51000022888184,5.022600173950195,5.104629039764404
2020-03-30,3.75,0.07,635032.1,18403.5,16106.4,0.65,74640.0,2626.64990234375,20.09000015258789,5.104629039764404,5.192699909210205
2020-03-31,3.75,0.07,635032.1,18403.5,16106.4,0.65,73020.0,2584.590087890625,20.479999542236328,5.192699909210205,5.203499794006348
2020-04-01,3.75,-0.31,569046.1,17646.6,12755.7,0.05,70967.0,2470.5,20.309999465942383,5.203499794006348,5.248199939727783
2020-04-02,3.75,-0.31,569046.1,17646.6,12755.7,0.05,72253.0,2526.89990234375,25.31999969482422,5.248199939727783,5.255300045013428
2020-04-03,3.75,-0.31,569046.1,17646.6,12755.7,0.05,69538.0,2488.64990234375,28.34000015258789,5.255300045013428,5.348499774932861
2020-04-06,3.75,-0.31,569046.1,17646.6,12755.7,0.05,74073.0,2663.679931640625,26.07999992370605,5.348499774932861,5.285299777984619
2020-04-07,3.75,-0.31,569046.1,17646.6,12755.7,0.05,76358.0,2659.409912109375,23.6299991607666,5.285299777984619,5.221700191497803
2020-04-08,3.75,-0.31,569046.1,17646.6,12755.7,0.05,78625.0,2749.97998046875,25.09000015258789,5.221700191497803,5.123499870300293
2020-04-09,3.75,-0.31,569046.1,17646.6,12755.7,0.05,77682.0,2789.820068359375,22.76000022888184,5.123499870300293,5.105800151824951
2020-04-10,3.75,-0.31,569046.1,17646.6,12755.7,0.05,78259.0,2775.724975585937,22.585000038146973,5.105800151824951,5.105500221252441
2020-04-13,3.75,-0.31,569046.1,17646.6,12755.7,0.05,78836.0,2761.6298828125,22.40999984741211,5.105500221252441,5.198500156402588
2020-04-14,3.75,-0.31,569046.1,17646.6,12755.7,0.05,79918.0,2846.06005859375,20.11000061035156,5.198500156402588,5.162000179290772
2020-04-15,3.75,-0.31,569046.1,17646.6,12755.7,0.05,78831.0,2783.360107421875,19.8700008392334,5.162000179290772,5.236999988555908
2020-04-16,3.75,-0.31,569046.1,17646.6,12755.7,0.05,77812.0,2799.550048828125,19.8700008392334,5.236999988555908,5.230899810791016
2020-04-17,3.75,-0.31,569046.1,17646.6,12755.7,0.05,78990.0,2874.56005859375,18.270000457763672,5.230899810791016,5.232699871063232
2020-04-20,3.75,-0.31,569046.1,17646.6,12755.7,0.05,78973.0,2823.159912109375,-37.630001068115234,5.232699871063232,5.315400123596191
2020-04-21,3.75,-0.31,569046.1,17646.6,12755.7,0.05,79830.0,2736.56005859375,10.010000228881836,5.315400123596191,5.315000057220459
2020-04-22,3.75,-0.31,569046.1,17646.6,12755.7,0.05,80687.0,2799.31005859375,13.779999732971191,5.315000057220459,5.456900119781494
2020-04-23,3.75,-0.31,569046.1,17646.6,12755.7,0.05,79673.0,2797.800048828125,16.5,5.456900119781494,5.533100128173828
2020-04-24,3.75,-0.31,569046.1,17646.6,12755.7,0.05,75331.0,2836.739990234375,16.940000534057617,5.533100128173828,5.5725998878479
2020-04-27,3.75,-0.31,569046.1,17646.6,12755.7,0.05,78239.0,2878.47998046875,12.779999732971191,5.5725998878479,5.652599811553955
2020-04-28,3.75,-0.31,569046.1,17646.6,12755.7,0.05,81312.0,2863.389892578125,12.34000015258789,5.652599811553955,5.497399806976318
2020-04-29,3.75,-0.31,569046.1,17646.6,12755.7,0.05,83171.0,2939.510009765625,15.0600004196167,5.497399806976318,5.334799766540527
2020-04-30,3.75,-0.31,569046.1,17646.6,12755.7,0.05,80506.0,2912.429931640625,18.84000015258789,5.334799766540527,5.486000061035156
2020-05-01,3.75,-0.38,576151.8,17579.9,14340.6,0.05,79691.0,2830.7099609375,19.780000686645508,5.486000061035156,5.477000236511231
2020-05-04,3.75,-0.38,576151.8,17579.9,14340.6,0.05,78876.0,2842.739990234375,20.38999938964844,5.477000236511231,5.540599822998047
2020-05-05,3.75,-0.38,576151.8,17579.9,14340.6,0.05,79471.0,2868.43994140625,24.559999465942383,5.540599822998047,5.578100204467773
2020-05-06,3.75,-0.38,576151.8,17579.9,14340.6,0.05,79064.0,2848.419921875,23.989999771118164,5.578100204467773,5.715199947357178
2020-05-07,3.0,-0.38,576151.8,17579.9,14340.6,0.05,78119.0,2881.18994140625,23.549999237060547,5.715199947357178,5.828719139099121
2020-05-08,3.0,-0.38,576151.8,17579.9,14340.6,0.05,80263.0,2929.800048828125,24.739999771118164,5.828719139099121,5.477000236511231
2020-05-11,3.0,-0.38,576151.8,17579.9,14340.6,0.05,79065.0,2930.18994140625,24.13999938964844,5.477000236511231,5.8171000480651855
2020-05-12,3.0,-0.38,576151.8,17579.9,14340.6,0.05,77872.0,2870.1201171875,25.780000686645508,5.8171000480651855,5.884799957275391
2020-05-13,3.0,-0.38,576151.8,17579.9,14340.6,0.05,77772.0,2820.0,25.290000915527344,5.884799957275391,5.88640022277832
2020-05-14,3.0,-0.38,576151.8,17579.9,14340.6,0.05,79011.0,2852.5,27.559999465942383,5.88640022277832,5.8094000816345215
2020-05-15,3.0,-0.38,576151.8,17579.9,14340.6,0.05,77557.0,2863.699951171875,29.43000030517578,5.8094000816345215,5.855199813842773
2020-05-18,3.0,-0.38,576151.8,17579.9,14340.6,0.05,81194.0,2953.909912109375,31.81999969482422,5.855199813842773,5.718999862670898
2020-05-19,3.0,-0.38,576151.8,17579.9,14340.6,0.05,80742.0,2922.93994140625,32.5,5.718999862670898,5.755199909210205
2020-05-20,3.0,-0.38,576151.8,17579.9,14340.6,0.05,81319.0,2971.610107421875,33.4900016784668,5.755199909210205,5.690499782562256
2020-05-21,3.0,-0.38,576151.8,17579.9,14340.6,0.05,83027.0,2948.510009765625,33.91999816894531,5.690499782562256,5.5524001121521
2020-05-22,3.0,-0.38,576151.8,17579.9,14340.6,0.05,82173.0,2955.449951171875,33.25,5.5524001121521,5.52869987487793
2020-05-25,3.0,-0.38,576151.8,17579.9,14340.6,0.05,85663.0,2973.6099853515625,33.79999923706055,5.52869987487793,5.443399906158447
2020-05-26,3.0,-0.38,576151.8,17579.9,14340.6,0.05,85469.0,2991.77001953125,34.349998474121094,5.443399906158447,5.343999862670898
2020-05-27,3.0,-0.38,576151.8,17579.9,14340.6,0.05,87946.0,3036.1298828125,32.810001373291016,5.343999862670898,5.27269983291626
2020-05-28,3.0,-0.38,576151.8,17579.9,14340.6,0.05,86949.0,3029.72998046875,33.709999084472656,5.27269983291626,5.403600215911865
2020-05-29,3.0,-0.38,576151.8,17579.9,14340.6,0.05,87403.0,3044.31005859375,35.4900016784668,5.403600215911865,5.334799766540527
2020-06-01,3.0,0.26,607525.8,17598.3,11488.9,0.08,88620.0,3055.72998046875,35.439998626708984,5.334799766540527,5.366499900817871
2020-06-02,3.0,0.26,607525.8,17598.3,11488.9,0.08,91046.0,3080.820068359375,36.810001373291016,5.366499900817871,5.199299812316895
2020-06-03,3.0,0.26,607525.8,17598.3,11488.9,0.08,93002.0,3122.8701171875,37.290000915527344,5.199299812316895,5.061600208282471
2020-06-04,3.0,0.26,607525.8,17598.3,11488.9,0.08,93829.0,3112.35009765625,37.40999984741211,5.061600208282471,5.117199897766113
2020-06-05,3.0,0.26,607525.8,17598.3,11488.9,0.08,94637.0,3193.929931640625,39.54999923706055,5.117199897766113,4.959499835968018
2020-06-08,3.0,0.26,607525.8,17598.3,11488.9,0.08,97645.0,3232.389892578125,38.18999862670898,4.959499835968018,4.821599960327148
2020-06-09,3.0,0.26,607525.8,17598.3,11488.9,0.08,96747.0,3207.179931640625,38.93999862670898,4.821599960327148,4.898399829864502
2020-06-10,3.0,0.26,607525.8,17598.3,11488.9,0.08,94686.0,3190.139892578125,39.59999847412109,4.898399829864502,4.9721999168396
2020-06-11,3.0,0.26,607525.8,17598.3,11488.9,0.08,93740.5,3002.10009765625,36.34000015258789,4.9721999168396,4.974999904632568
2020-06-12,3.0,0.26,607525.8,17598.3,11488.9,0.08,92795.0,3041.31005859375,36.2599983215332,4.974999904632568,5.047800064086914
2020-06-15,3.0,0.26,607525.8,17598.3,11488.9,0.08,92376.0,3066.590087890625,37.119998931884766,5.047800064086914,5.153206825256348
2020-06-16,3.0,0.26,607525.8,17598.3,11488.9,0.08,93531.0,3124.739990234375,38.380001068115234,5.153206825256348,5.243599891662598
2020-06-17,3.0,0.26,607525.8,17598.3,11488.9,0.08,95547.0,3113.489990234375,37.959999084472656,5.243599891662598,5.22790002822876
2020-06-18,2.25,0.26,607525.8,17598.3,11488.9,0.08,96125.0,3115.340087890625,38.84000015258789,5.22790002822876,5.377200126647949
2020-06-19,2.25,0.26,607525.8,17598.3,11488.9,0.08,96572.0,3097.739990234375,39.75,5.377200126647949,5.309999942779541
2020-06-22,2.25,0.26,607525.8,17598.3,11488.9,0.08,95336.0,3117.860107421875,40.459999084472656,5.309999942779541,5.25190019607544
2020-06-23,2.25,0.26,607525.8,17598.3,11488.9,0.08,95975.0,3131.2900390625,40.369998931884766,5.25190019607544,5.151000022888184
2020-06-24,2.25,0.26,607525.8,17598.3,11488.9,0.08,94377.0,3050.330078125,38.0099983215332,5.151000022888184,5.34660005569458
2020-06-25,2.25,0.26,607525.8,17598.3,11488.9,0.08,95983.0,3083.760009765625,38.720001220703125,5.34660005569458,5.359499931335449
2020-06-26,2.25,0.26,607525.8,17598.3,11488.9,0.08,93834.0,3009.050048828125,38.4900016784668,5.359499931335449,5.480899810791016
2020-06-29,2.25,0.26,607525.8,17598.3,11488.9,0.08,95735.0,3053.239990234375,39.70000076293945,5.480899810791016,5.402100086212158
2020-06-30,2.25,0.26,607525.8,17598.3,11488.9,0.08,95056.0,3100.2900390625,39.27000045776367,5.402100086212158,5.461699962615967
2020-07-01,2.25,0.36,644133.0,19537.6,12641.8,0.09,96203.0,3115.860107421875,39.81999969482422,5.461699962615967,5.316199779510498
2020-07-02,2.25,0.36,644133.0,19537.6,12641.8,0.09,96235.0,3130.010009765625,40.650001525878906,5.316199779510498,5.35890007019043
2020-07-03,2.25,0.36,644133.0,19537.6,12641.8,0.09,96765.0,3154.864990234375,40.64000129699707,5.35890007019043,5.311399936676025
2020-07-06,2.25,0.36,644133.0,19537.6,12641.8,0.09,98937.0,3179.719970703125,40.630001068115234,5.311399936676025,5.354300022125244
2020-07-07,2.25,0.36,644133.0,19537.6,12641.8,0.09,97761.0,3145.320068359375,40.619998931884766,5.354300022125244,5.377799987792969
2020-07-08,2.25,0.36,644133.0,19537.6,12641.8,0.09,99770.0,3169.93994140625,40.900001525878906,5.377799987792969,5.342599868774414
2020-07-09,2.25,0.36,644133.0,19537.6,12641.8,0.09,99160.0,3152.050048828125,39.619998931884766,5.342599868774414,5.337800025939941
2020-07-10,2.25,0.36,644133.0,19537.6,12641.8,0.09,100032.0,3185.0400390625,40.54999923706055,5.337800025939941,5.326900005340576
2020-07-13,2.25,0.36,644133.0,19537.6,12641.8,0.09,98697.0,3155.219970703125,40.09999847412109,5.326900005340576,5.401500225067139
2020-07-14,2.25,0.36,644133.0,19537.6,12641.8,0.09,100440.0,3197.52001953125,40.290000915527344,5.401500225067139,5.366799831390381
2020-07-15,2.25,0.36,644133.0,19537.6,12641.8,0.09,101791.0,3226.56005859375,41.20000076293945,5.366799831390381,5.366948127746582
2020-07-16,2.25,0.36,644133.0,19537.6,12641.8,0.09,100553.0,3215.570068359375,40.75,5.366948127746582,5.330699920654297
2020-07-17,2.25,0.36,644133.0,19537.6,12641.8,0.09,102888.0,3224.72998046875,40.59000015258789,5.330699920654297,5.385300159454346
2020-07-20,2.25,0.36,644133.0,19537.6,12641.8,0.09,104426.0,3251.840087890625,40.810001373291016,5.385300159454346,5.327700138092041
2020-07-21,2.25,0.36,644133.0,19537.6,12641.8,0.09,104310.0,3257.300048828125,41.959999084472656,5.327700138092041,5.1697998046875
2020-07-22,2.25,0.36,644133.0,19537.6,12641.8,0.09,104290.0,3276.02001953125,41.900001525878906,5.1697998046875,5.118100166320801
2020-07-23,2.25,0.36,644133.0,19537.6,12641.8,0.09,102293.0,3235.659912109375,41.06999969482422,5.118100166320801,5.210599899291992
2020-07-24,2.25,0.36,644133.0,19537.6,12641.8,0.09,102382.0,3215.6298828125,41.290000915527344,5.210599899291992,5.229100227355957
2020-07-27,2.25,0.36,644133.0,19537.6,12641.8,0.09,104477.0,3239.409912109375,41.59999847412109,5.229100227355957,5.141421794891357
2020-07-28,2.25,0.36,644133.0,19537.6,12641.8,0.09,104109.0,3218.43994140625,41.040000915527344,5.141421794891357,5.152299880981445
2020-07-29,2.25,0.36,644133.0,19537.6,12641.8,0.09,105605.0,3258.43994140625,41.27000045776367,5.152299880981445,5.168799877166748
2020-07-30,2.25,0.36,644133.0,19537.6,12641.8,0.09,105009.0,3246.219970703125,39.91999816894531,5.168799877166748,5.153900146484375
2020-07-31,2.25,0.36,644133.0,19537.6,12641.8,0.09,102912.0,3271.1201171875,40.27000045776367,5.153900146484375,5.221199989318848
2020-08-03,2.25,0.24,637442.2,17548.4,12322.2,0.1,102830.0,3294.610107421875,41.0099983215332,5.221199989318848,5.318699836730957
2020-08-04,2.25,0.24,637442.2,17548.4,12322.2,0.1,101216.0,3306.510009765625,41.70000076293945,5.318699836730957,5.290200233459473
2020-08-05,2.25,0.24,637442.2,17548.4,12322.2,0.1,102802.0,3327.77001953125,42.18999862670898,5.290200233459473,5.290900230407715
2020-08-06,2.0,0.24,637442.2,17548.4,12322.2,0.1,104126.0,3349.159912109375,41.95000076293945,5.290900230407715,5.331299781799316
2020-08-07,2.0,0.24,637442.2,17548.4,12322.2,0.1,102776.0,3351.280029296875,41.220001220703125,5.331299781799316,5.43720006942749
2020-08-10,2.0,0.24,637442.2,17548.4,12322.2,0.1,103444.0,3360.469970703125,41.93999862670898,5.43720006942749,5.480500221252441
2020-08-11,2.0,0.24,637442.2,17548.4,12322.2,0.1,102174.0,3333.68994140625,41.61000061035156,5.480500221252441,5.38040018081665
2020-08-12,2.0,0.24,637442.2,17548.4,12322.2,0.1,102118.0,3380.35009765625,42.66999816894531,5.38040018081665,5.434999942779541
2020-08-13,2.0,0.24,637442.2,17548.4,12322.2,0.1,100461.0,3373.429931640625,42.2400016784668,5.434999942779541,5.367000102996826
2020-08-14,2.0,0.24,637442.2,17548.4,12322.2,0.1,101353.0,3372.85009765625,42.0099983215332,5.367000102996826,5.42080020904541
2020-08-17,2.0,0.24,637442.2,17548.4,12322.2,0.1,99595.0,3381.989990234375,42.88999938964844,5.42080020904541,5.508299827575684
2020-08-18,2.0,0.24,637442.2,17548.4,12322.2,0.1,102065.0,3389.780029296875,42.88999938964844,5.508299827575684,5.465400218963623
2020-08-19,2.0,0.24,637442.2,17548.4,12322.2,0.1,100854.0,3374.85009765625,42.93000030517578,5.465400218963623,5.556399822235107
2020-08-20,2.0,0.24,637442.2,17548.4,12322.2,0.1,101468.0,3385.510009765625,42.58000183105469,5.556399822235107,5.555900096893311
2020-08-21,2.0,0.24,637442.2,17548.4,12322.2,0.1,101521.0,3397.159912109375,42.34000015258789,5.555900096893311,5.618599891662598
2020-08-24,2.0,0.24,637442.2,17548.4,12322.2,0.1,102298.0,3431.280029296875,42.619998931884766,5.618599891662598,5.610599994659424
2020-08-25,2.0,0.24,637442.2,17548.4,12322.2,0.1,102118.0,3443.6201171875,43.34999847412109,5.610599994659424,5.507400035858154
2020-08-26,2.0,0.24,637442.2,17548.4,12322.2,0.1,100627.0,3478.72998046875,43.38999938964844,5.507400035858154,5.607200145721436
2020-08-27,2.0,0.24,637442.2,17548.4,12322.2,0.1,100624.0,3484.550048828125,43.040000915527344,5.607200145721436,5.568699836730957
2020-08-28,2.0,0.24,637442.2,17548.4,12322.2,0.1,102143.0,3508.010009765625,42.970001220703125,5.568699836730957,5.389999866485596
2020-08-31,2.0,0.24,637442.2,17548.4,12322.2,0.1,99369.0,3500.31005859375,42.61000061035156,5.389999866485596,5.490900039672852
2020-09-01,2.0,0.64,647748.2,18286.0,13545.1,0.09,102168.0,3526.64990234375,42.7599983215332,5.490900039672852,5.397299766540527
2020-09-02,2.0,0.64,647748.2,18286.0,13545.1,0.09,101911.0,3580.840087890625,41.5099983215332,5.397299766540527,5.338699817657471
2020-09-03,2.0,0.64,647748.2,18286.0,13545.1,0.09,100721.0,3455.06005859375,41.369998931884766,5.338699817657471,5.289899826049805
2020-09-04,2.0,0.64,647748.2,18286.0,13545.1,0.09,101242.0,3426.9599609375,39.77000045776367,5.289899826049805,5.301000118255615
2020-09-07,2.0,0.64,647748.2,18286.0,13545.1,0.09,100646.0,3379.4000244140625,38.26499938964844,5.301000118255615,5.298299789428711
2020-09-08,2.0,0.64,647748.2,18286.0,13545.1,0.09,100050.0,3331.840087890625,36.7599983215332,5.298299789428711,5.360599994659424
2020-09-09,2.0,0.64,647748.2,18286.0,13545.1,0.09,101292.0,3398.9599609375,38.04999923706055,5.360599994659424,5.308499813079834
2020-09-10,2.0,0.64,647748.2,18286.0,13545.1,0.09,98835.0,3339.18994140625,37.29999923706055,5.308499813079834,5.320499897003174
2020-09-11,2.0,0.64,647748.2,18286.0,13545.1,0.09,98363.0,3340.969970703125,37.33000183105469,5.320499897003174,5.316199779510498
2020-09-14,2.0,0.64,647748.2,18286.0,13545.1,0.09,100275.0,3383.5400390625,37.2599983215332,5.316199779510498,5.26830005645752
2020-09-15,2.0,0.64,647748.2,18286.0,13545.1,0.09,100298.0,3401.199951171875,38.27999877929688,5.26830005645752,5.2743000984191895
2020-09-16,2.0,0.64,647748.2,18286.0,13545.1,0.09,99676.0,3385.489990234375,40.15999984741211,5.2743000984191895,5.236000061035156
2020-09-17,2.0,0.64,647748.2,18286.0,13545.1,0.09,100098.0,3357.010009765625,40.970001220703125,5.236000061035156,5.237800121307373
2020-09-18,2.0,0.64,647748.2,18286.0,13545.1,0.09,98290.0,3319.469970703125,41.11000061035156,5.237800121307373,5.389800071716309
2020-09-21,2.0,0.64,647748.2,18286.0,13545.1,0.09,96991.0,3281.06005859375,39.310001373291016,5.389800071716309,5.412600040435791
2020-09-22,2.0,0.64,647748.2,18286.0,13545.1,0.09,97294.0,3315.570068359375,39.59999847412109,5.412600040435791,5.469900131225586
2020-09-23,2.0,0.64,647748.2,18286.0,13545.1,0.09,95735.0,3236.919921875,39.93000030517578,5.469900131225586,5.592400074005127
2020-09-24,2.0,0.64,647748.2,18286.0,13545.1,0.09,97012.0,3246.590087890625,40.310001373291016,5.592400074005127,5.508399963378906
2020-09-25,2.0,0.64,647748.2,18286.0,13545.1,0.09,96999.0,3298.4599609375,40.25,5.508399963378906,5.561100006103516
2020-09-28,2.0,0.64,647748.2,18286.0,13545.1,0.09,94666.0,3351.60009765625,40.59999847412109,5.561100006103516,5.660200119018555
2020-09-29,2.0,0.64,647748.2,18286.0,13545.1,0.09,93580.0,3335.469970703125,39.290000915527344,5.660200119018555,5.630499839782715
2020-09-30,2.0,0.64,647748.2,18286.0,13545.1,0.09,94603.0,3363.0,40.220001220703125,5.630499839782715,5.608399868011475
2020-10-01,2.0,0.86,673711.2,17805.5,13845.3,0.09,95479.0,3380.800048828125,38.720001220703125,5.608399868011475,5.642000198364258
2020-10-02,2.0,0.86,673711.2,17805.5,13845.3,0.09,94016.0,3348.419921875,37.04999923706055,5.642000198364258,5.681600093841553
2020-10-05,2.0,0.86,673711.2,17805.5,13845.3,0.09,96089.0,3408.60009765625,39.220001220703125,5.681600093841553,5.573400020599365
2020-10-06,2.0,0.86,673711.2,17805.5,13845.3,0.09,95615.0,3360.969970703125,40.66999816894531,5.573400020599365,5.593800067901611
2020-10-07,2.0,0.86,673711.2,17805.5,13845.3,0.09,95526.0,3419.43994140625,39.95000076293945,5.593800067901611,5.611299991607666
2020-10-08,2.0,0.86,673711.2,17805.5,13845.3,0.09,97920.0,3446.830078125,41.18999862670898,5.611299991607666,5.598599910736084
2020-10-09,2.0,0.86,673711.2,17805.5,13845.3,0.09,97483.0,3477.139892578125,40.59999847412109,5.598599910736084,5.52899980545044
2020-10-12,2.0,0.86,673711.2,17805.5,13845.3,0.09,97993.0,3534.219970703125,39.43000030517578,5.52899980545044,5.529699802398682
2020-10-13,2.0,0.86,673711.2,17805.5,13845.3,0.09,98503.0,3511.929931640625,40.20000076293945,5.529699802398682,5.56850004196167
2020-10-14,2.0,0.86,673711.2,17805.5,13845.3,0.09,99334.0,3488.669921875,41.040000915527344,5.56850004196167,5.590499877929688
2020-10-15,2.0,0.86,673711.2,17805.5,13845.3,0.09,99054.0,3483.340087890625,40.959999084472656,5.590499877929688,5.611199855804443
2020-10-16,2.0,0.86,673711.2,17805.5,13845.3,0.09,98309.0,3483.81005859375,40.880001068115234,5.611199855804443,5.644800186157227
2020-10-19,2.0,0.86,673711.2,17805.5,13845.3,0.09,98658.0,3426.919921875,40.83000183105469,5.644800186157227,5.605599880218506
2020-10-20,2.0,0.86,673711.2,17805.5,13845.3,0.09,100540.0,3443.1201171875,41.459999084472656,5.605599880218506,5.6041998863220215
2020-10-21,2.0,0.86,673711.2,17805.5,13845.3,0.09,100552.0,3435.56005859375,40.02999877929688,5.6041998863220215,5.607800006866455
2020-10-22,2.0,0.86,673711.2,17805.5,13845.3,0.09,101918.0,3453.489990234375,40.63999938964844,5.607800006866455,5.591300010681152
2020-10-23,2.0,0.86,673711.2,17805.5,13845.3,0.09,101260.0,3465.389892578125,39.84999847412109,5.591300010681152,5.616199970245361
2020-10-26,2.0,0.86,673711.2,17805.5,13845.3,0.09,101017.0,3400.969970703125,38.560001373291016,5.616199970245361,5.622700214385986
2020-10-27,2.0,0.86,673711.2,17805.5,13845.3,0.09,99606.0,3390.679931640625,39.56999969482422,5.622700214385986,5.7052001953125
2020-10-28,2.0,0.86,673711.2,17805.5,13845.3,0.09,95369.0,3271.030029296875,37.38999938964844,5.7052001953125,5.744900226593018
2020-10-29,2.0,0.86,673711.2,17805.5,13845.3,0.09,96582.0,3310.110107421875,36.16999816894531,5.744900226593018,5.7778000831604
2020-10-30,2.0,0.86,673711.2,17805.5,13845.3,0.09,93952.0,3269.9599609375,35.790000915527344,5.7778000831604,5.741399765014648
2020-11-02,2.0,0.89,679822.9,17522.9,15401.5,0.09,94769.5,3310.239990234375,36.810001373291016,5.741399765014648,5.741099834442139
2020-11-03,2.0,0.89,679822.9,17522.9,15401.5,0.09,95587.0,3369.159912109375,37.65999984741211,5.741099834442139,5.754899978637695
2020-11-04,2.0,0.89,679822.9,17522.9,15401.5,0.09,97811.0,3443.43994140625,39.150001525878906,5.754899978637695,5.663000106811523
2020-11-05,2.0,0.89,679822.9,17522.9,15401.5,0.09,100774.0,3510.449951171875,38.790000915527344,5.663000106811523,5.523399829864502
2020-11-06,2.0,0.89,679822.9,17522.9,15401.5,0.09,100799.0,3509.43994140625,37.13999938964844,5.523399829864502,5.36269998550415
2020-11-09,2.0,0.89,679822.9,17522.9,15401.5,0.09,103913.0,3550.5,40.290000915527344,5.36269998550415,5.384699821472168
2020-11-10,2.0,0.89,679822.9,17522.9,15401.5,0.09,105351.0,3545.530029296875,41.36000061035156,5.384699821472168,5.413899898529053
2020-11-11,2.0,0.89,679822.9,17522.9,15401.5,0.09,104532.0,3572.659912109375,41.45000076293945,5.413899898529053,5.389999866485596
2020-11-12,2.0,0.89,679822.9,17522.9,15401.5,0.09,102175.0,3537.010009765625,41.119998931884766,5.389999866485596,5.456699848175049
2020-11-13,2.0,0.89,679822.9,17522.9,15401.5,0.09,104512.0,3585.14990234375,40.130001068115234,5.456699848175049,5.456999778747559
2020-11-16,2.0,0.89,679822.9,17522.9,15401.5,0.09,106430.0,3626.909912109375,41.34000015258789,5.456999778747559,5.414899826049805
2020-11-17,2.0,0.89,679822.9,17522.9,15401.5,0.09,107229.0,3609.530029296875,41.43000030517578,5.414899826049805,5.327199935913086
2020-11-18,2.0,0.89,679822.9,17522.9,15401.5,0.09,106483.0,3567.7900390625,41.81999969482422,5.327199935913086,5.361700057983398
2020-11-19,2.0,0.89,679822.9,17522.9,15401.5,0.09,106517.0,3581.8701171875,41.7400016784668,5.361700057983398,5.304500102996826
2020-11-20,2.0,0.89,679822.9,17522.9,15401.5,0.09,106948.0,3557.5400390625,42.150001525878906,5.304500102996826,5.378099918365479
2020-11-23,2.0,0.89,679822.9,17522.9,15401.5,0.09,107379.0,3577.590087890625,43.060001373291016,5.378099918365479,5.440599918365479
2020-11-24,2.0,0.89,679822.9,17522.9,15401.5,0.09,109786.0,3635.409912109375,44.90999984741211,5.440599918365479,5.372600078582764
2020-11-25,2.0,0.89,679822.9,17522.9,15401.5,0.09,110133.0,3629.64990234375,45.709999084472656,5.372600078582764,5.3225998878479
2020-11-26,2.0,0.89,679822.9,17522.9,15401.5,0.09,110227.0,3634.0,45.619998931884766,5.3225998878479,5.335299968719482
2020-11-27,2.0,0.89,679822.9,17522.9,15401.5,0.09,110575.0,3638.35009765625,45.52999877929688,5.335299968719482,5.34250020980835
2020-11-30,2.0,0.89,679822.9,17522.9,15401.5,0.09,108888.0,3621.6298828125,45.34000015258789,5.34250020980835,5.331099987030029
2020-12-01,2.0,1.35,705921.3,18595.8,20060.2,0.09,111335.0,3662.449951171875,44.54999923706055,5.331099987030029,5.204899787902832
2020-12-02,2.0,1.35,705921.3,18595.8,20060.2,0.09,111814.0,3669.010009765625,45.27999877929688,5.204899787902832,5.216300010681152
2020-12-03,2.0,1.35,705921.3,18595.8,20060.2,0.09,112919.0,3666.719970703125,45.63999938964844,5.216300010681152,5.151000022888184
2020-12-04,2.0,1.35,705921.3,18595.8,20060.2,0.09,113682.0,3699.1201171875,46.2599983215332,5.151000022888184,5.154399871826172
2020-12-07,2.0,1.35,705921.3,18595.8,20060.2,0.09,113625.0,3691.9599609375,45.7599983215332,5.154399871826172,5.098299980163574
2020-12-08,2.0,1.35,705921.3,18595.8,20060.2,0.09,113571.0,3702.25,45.59999847412109,5.098299980163574,5.119699954986572
2020-12-09,2.0,1.35,705921.3,18595.8,20060.2,0.09,112722.0,3672.820068359375,45.52000045776367,5.119699954986572,5.169700145721436
2020-12-10,2.0,1.35,705921.3,18595.8,20060.2,0.09,114992.0,3668.10009765625,46.77999877929688,5.169700145721436,5.024199962615967
2020-12-11,2.0,1.35,705921.3,18595.8,20060.2,0.09,115323.0,3663.4599609375,46.56999969482422,5.024199962615967,5.064199924468994
2020-12-14,2.0,1.35,705921.3,18595.8,20060.2,0.09,114975.0,3647.489990234375,46.9900016784668,5.064199924468994,5.117700099945068
2020-12-15,2.0,1.35,705921.3,18595.8,20060.2,0.09,116146.0,3694.6201171875,47.619998931884766,5.117700099945068,5.078884124755859
2020-12-16,2.0,1.35,705921.3,18595.8,20060.2,0.09,117947.0,3701.169921875,47.81999969482422,5.078884124755859,5.083199977874756
2020-12-17,2.0,1.35,705921.3,18595.8,20060.2,0.09,118157.0,3722.47998046875,48.36000061035156,5.083199977874756,5.056900024414063
2020-12-18,2.0,1.35,705921.3,18595.8,20060.2,0.09,117679.0,3709.409912109375,49.09999847412109,5.056900024414063,5.100599765777588
2020-12-21,2.0,1.35,705921.3,18595.8,20060.2,0.09,116016.0,3694.919921875,47.7400016784668,5.100599765777588,5.118937969207764
2020-12-22,2.0,1.35,705921.3,18595.8,20060.2,0.09,116348.0,3687.260009765625,47.02000045776367,5.118937969207764,5.1566548347473145
2020-12-23,2.0,1.35,705921.3,18595.8,20060.2,0.09,117857.0,3690.010009765625,48.119998931884766,5.1566548347473145,5.2153000831604
2020-12-24,2.0,1.35,705921.3,18595.8,20060.2,0.09,118255.0,3703.06005859375,48.22999954223633,5.2153000831604,5.2153000831604
2020-12-25,2.0,1.35,705921.3,18595.8,20060.2,0.09,118653.0,3719.210083007813,47.92499923706055,5.2153000831604,5.2153000831604
2020-12-28,2.0,1.35,705921.3,18595.8,20060.2,0.09,119051.0,3735.360107421875,47.619998931884766,5.2153000831604,5.2459001541137695
2020-12-29,2.0,1.35,705921.3,18595.8,20060.2,0.09,119475.0,3727.0400390625,48.0,5.2459001541137695,5.208600044250488
2020-12-30,2.0,1.35,705921.3,18595.8,20060.2,0.09,119306.0,3732.0400390625,48.400001525878906,5.208600044250488,5.190838813781738
2020-12-31,2.0,1.35,705921.3,18595.8,20060.2,0.09,119056.66666666669,3756.070068359375,48.52000045776367,5.190838813781738,5.1921000480651855
2021-01-01,2.0,0.25,678993.8,15097.5,17298.0,0.09,118807.33333333331,3728.3599853515625,48.06999969482422,5.1921000480651855,5.19189977645874
2021-01-04,2.0,0.25,678993.8,15097.5,17298.0,0.09,118558.0,3700.64990234375,47.619998931884766,5.19189977645874,5.295300006866455
2021-01-05,2.0,0.25,678993.8,15097.5,17298.0,0.09,119223.0,3726.860107421875,49.93000030517578,5.295300006866455,5.28410005569458
2021-01-06,2.0,0.25,678993.8,15097.5,17298.0,0.09,119851.0,3748.139892578125,50.630001068115234,5.28410005569458,5.312900066375732
2021-01-07,2.0,0.25,678993.8,15097.5,17298.0,0.09,121956.0,3803.7900390625,50.83000183105469,5.312900066375732,5.40880012512207
2021-01-08,2.0,0.25,678993.8,15097.5,17298.0,0.09,125077.0,3824.679931640625,52.2400016784668,5.40880012512207,5.412188053131104
2021-01-11,2.0,0.25,678993.8,15097.5,17298.0,0.09,122807.0,3799.610107421875,52.25,5.412188053131104,5.48769998550415
2021-01-12,2.0,0.25,678993.8,15097.5,17298.0,0.09,123998.0,3801.18994140625,53.209999084472656,5.48769998550415,5.321400165557861
2021-01-13,2.0,0.25,678993.8,15097.5,17298.0,0.09,122040.0,3809.840087890625,52.90999984741211,5.321400165557861,5.297500133514404
2021-01-14,2.0,0.25,678993.8,15097.5,17298.0,0.09,123481.0,3795.5400390625,53.56999969482422,5.297500133514404,5.195799827575684
2021-01-15,2.0,0.25,678993.8,15097.5,17298.0,0.09,120502.0,3768.25,52.36000061035156,5.195799827575684,5.291299819946289
2021-01-18,2.0,0.25,678993.8,15097.5,17298.0,0.09,121242.0,3783.579956054688,52.670000076293945,5.291299819946289,5.2947998046875
2021-01-19,2.0,0.25,678993.8,15097.5,17298.0,0.09,120673.0,3798.909912109375,52.97999954223633,5.2947998046875,5.3566999435424805
2021-01-20,2.0,0.25,678993.8,15097.5,17298.0,0.09,119708.0,3851.85009765625,53.2400016784668,5.3566999435424805,5.290500164031982
2021-01-21,2.0,0.25,678993.8,15097.5,17298.0,0.09,118443.0,3853.070068359375,53.130001068115234,5.290500164031982,5.349500179290772
2021-01-22,2.0,0.25,678993.8,15097.5,17298.0,0.09,117172.0,3841.469970703125,52.27000045776367,5.349500179290772,5.465499877929688
2021-01-25,2.0,0.25,678993.8,15097.5,17298.0,0.09,116818.0,3855.360107421875,52.77000045776367,5.465499877929688,5.465499877929688
2021-01-26,2.0,0.25,678993.8,15097.5,17298.0,0.09,116464.0,3849.6201171875,52.61000061035156,5.465499877929688,5.353799819946289
2021-01-27,2.0,0.25,678993.8,15097.5,17298.0,0.09,115882.0,3750.77001953125,52.84999847412109,5.353799819946289,5.412600040435791
2021-01-28,2.0,0.25,678993.8,15097.5,17298.0,0.09,119314.0,3787.3798828125,52.34000015258789,5.412600040435791,5.437989234924316
2021-01-29,2.0,0.25,678993.8,15097.5,17298.0,0.09,116007.0,3714.239990234375,52.20000076293945,5.437989234924316,5.4608001708984375
2021-02-01,2.0,0.86,708138.2,16498.9,16470.7,0.08,117365.0,3773.860107421875,53.54999923706055,5.4608001708984375,5.430500030517578
2021-02-02,2.0,0.86,708138.2,16498.9,16470.7,0.08,118234.0,3826.31005859375,54.7599983215332,5.430500030517578,5.366899967193604
2021-02-03,2.0,0.86,708138.2,16498.9,16470.7,0.08,119725.0,3830.169921875,55.68999862670898,5.366899967193604,5.352000236511231
2021-02-04,2.0,0.86,708138.2,16498.9,16470.7,0.08,119261.0,3871.739990234375,56.22999954223633,5.352000236511231,5.4257001876831055
2021-02-05,2.0,0.86,708138.2,16498.9,16470.7,0.08,119925.0,3886.830078125,56.84999847412109,5.4257001876831055,5.369200229644775
2021-02-08,2.0,0.86,708138.2,16498.9,16470.7,0.08,119516.0,3915.590087890625,57.970001220703125,5.369200229644775,5.364299774169922
2021-02-09,2.0,0.86,708138.2,16498.9,16470.7,0.08,119429.0,3911.22998046875,58.36000061035156,5.364299774169922,5.376699924468994
2021-02-10,2.0,0.86,708138.2,16498.9,16470.7,0.08,118430.0,3909.8798828125,58.68000030517578,5.376699924468994,5.384900093078613
2021-02-11,2.0,0.86,708138.2,16498.9,16470.7,0.08,119235.0,3916.3798828125,58.2400016784668,5.384900093078613,5.3653998374938965
2021-02-12,2.0,0.86,708138.2,16498.9,16470.7,0.08,119116.0,3934.830078125,59.470001220703125,5.3653998374938965,5.368599891662598
2021-02-15,2.0,0.86,708138.2,16498.9,16470.7,0.08,119541.0,3933.710083007813,59.76000022888184,5.368599891662598,5.368000030517578
2021-02-16,2.0,0.86,708138.2,16498.9,16470.7,0.08,119966.0,3932.590087890625,60.04999923706055,5.368000030517578,5.369400024414063
2021-02-17,2.0,0.86,708138.2,16498.9,16470.7,0.08,120391.0,3931.330078125,61.13999938964844,5.369400024414063,5.409800052642822
2021-02-18,2.0,0.86,708138.2,16498.9,16470.7,0.08,119140.0,3913.969970703125,60.52000045776367,5.409800052642822,5.42579984664917
2021-02-19,2.0,0.86,708138.2,16498.9,16470.7,0.08,118748.0,3906.7099609375,59.2400016784668,5.42579984664917,5.38070011138916
2021-02-22,2.0,0.86,708138.2,16498.9,16470.7,0.08,112668.0,3876.5,61.4900016784668,5.38070011138916,5.463399887084961
2021-02-23,2.0,0.86,708138.2,16498.9,16470.7,0.08,115227.0,3881.3701171875,61.66999816894531,5.463399887084961,5.439599990844727
2021-02-24,2.0,0.86,708138.2,16498.9,16470.7,0.08,115668.0,3925.429931640625,63.220001220703125,5.439599990844727,5.402964115142822
2021-02-25,2.0,0.86,708138.2,16498.9,16470.7,0.08,112256.0,3829.340087890625,63.52999877929688,5.402964115142822,5.528025150299072
2021-02-26,2.0,0.86,708138.2,16498.9,16470.7,0.08,110035.0,3811.14990234375,61.5,5.528025150299072,5.597599983215332
2021-03-01,2.0,0.93,769538.1,24561.0,24719.3,0.07,110335.0,3901.820068359375,60.63999938964844,5.597599983215332,5.640699863433838
2021-03-02,2.0,0.93,769538.1,24561.0,24719.3,0.07,111540.0,3870.2900390625,59.75,5.640699863433838,5.675099849700928
2021-03-03,2.0,0.93,769538.1,24561.0,24719.3,0.07,111184.0,3819.719970703125,61.27999877929688,5.675099849700928,5.617499828338623
2021-03-04,2.0,0.93,769538.1,24561.0,24719.3,0.07,112690.0,3768.469970703125,63.83000183105469,5.617499828338623,5.668300151824951
2021-03-05,2.0,0.93,769538.1,24561.0,24719.3,0.07,115202.0,3841.93994140625,66.08999633789062,5.668300151824951,5.689499855041504
2021-03-08,2.0,0.93,769538.1,24561.0,24719.3,0.07,110612.0,3821.35009765625,65.05000305175781,5.689499855041504,5.874599933624268
2021-03-09,2.0,0.93,769538.1,24561.0,24719.3,0.07,111331.0,3875.43994140625,64.01000213623047,5.874599933624268,5.801499843597412
2021-03-10,2.0,0.93,769538.1,24561.0,24719.3,0.07,112776.0,3898.81005859375,64.44000244140625,5.801499843597412,5.67110013961792
2021-03-11,2.0,0.93,769538.1,24561.0,24719.3,0.07,114984.0,3939.340087890625,66.0199966430664,5.67110013961792,5.534800052642822
2021-03-12,2.0,0.93,769538.1,24561.0,24719.3,0.07,114160.0,3943.340087890625,65.61000061035156,5.534800052642822,5.495155811309815
2021-03-15,2.0,0.93,769538.1,24561.0,24719.3,0.07,114851.0,3968.93994140625,65.38999938964844,5.495155811309815,5.614500045776367
2021-03-16,2.0,0.93,769538.1,24561.0,24719.3,0.07,114019.0,3962.7099609375,64.80000305175781,5.614500045776367,5.6234002113342285
2021-03-17,2.0,0.93,769538.1,24561.0,24719.3,0.07,116549.0,3974.1201171875,64.5999984741211,5.6234002113342285,5.583099842071533
2021-03-18,2.75,0.93,769538.1,24561.0,24719.3,0.07,114835.0,3915.4599609375,60.0,5.583099842071533,5.558700084686279
2021-03-19,2.75,0.93,769538.1,24561.0,24719.3,0.07,116222.0,3913.10009765625,61.41999816894531,5.558700084686279,5.493563175201416
2021-03-22,2.75,0.93,769538.1,24561.0,24719.3,0.07,114979.0,3940.590087890625,61.54999923706055,5.493563175201416,5.505499839782715
2021-03-23,2.75,0.93,769538.1,24561.0,24719.3,0.07,113262.0,3910.52001953125,57.7599983215332,5.505499839782715,5.520400047302246
2021-03-24,2.75,0.93,769538.1,24561.0,24719.3,0.07,112064.0,3889.139892578125,61.18000030517578,5.520400047302246,5.61959981918335
2021-03-25,2.75,0.93,769538.1,24561.0,24719.3,0.07,113750.0,3909.52001953125,58.560001373291016,5.61959981918335,5.648399829864502
2021-03-26,2.75,0.93,769538.1,24561.0,24719.3,0.07,114781.0,3974.5400390625,60.970001220703125,5.648399829864502,5.752399921417236
2021-03-29,2.75,0.93,769538.1,24561.0,24719.3,0.07,115419.0,3971.090087890625,61.560001373291016,5.752399921417236,5.780799865722656
2021-03-30,2.75,0.93,769538.1,24561.0,24719.3,0.07,116850.0,3958.550048828125,60.54999923706055,5.780799865722656,5.771599769592285
2021-03-31,2.75,0.93,769538.1,24561.0,24719.3,0.07,116634.0,3972.889892578125,59.15999984741211,5.771599769592285,5.63129997253418
2021-04-01,2.75,0.31,738701.4,26182.6,16844.9,0.07,115253.0,4019.8701171875,61.45000076293945,5.63129997253418,5.707399845123291
2021-04-02,2.75,0.31,738701.4,26182.6,16844.9,0.07,116385.5,4048.8900146484375,60.05000114440918,5.707399845123291,5.710599899291992
2021-04-05,2.75,0.31,738701.4,26182.6,16844.9,0.07,117518.0,4077.909912109375,58.650001525878906,5.710599899291992,5.662700176239014
2021-04-06,2.75,0.31,738701.4,26182.6,16844.9,0.07,117499.0,4073.93994140625,59.33000183105469,5.662700176239014,5.593200206756592
2021-04-07,2.75,0.31,738701.4,26182.6,16844.9,0.07,117624.0,4079.949951171875,59.77000045776367,5.593200206756592,5.612100124359131
2021-04-08,2.75,0.31,738701.4,26182.6,16844.9,0.07,118313.0,4097.169921875,59.59999847412109,5.612100124359131,5.566599845886231
2021-04-09,2.75,0.31,738701.4,26182.6,16844.9,0.07,117670.0,4128.7998046875,59.31999969482422,5.566599845886231,5.679299831390381
2021-04-12,2.75,0.31,738701.4,26182.6,16844.9,0.07,118812.0,4127.990234375,59.70000076293945,5.679299831390381,5.732200145721436
2021-04-13,2.75,0.31,738701.4,26182.6,16844.9,0.07,119297.0,4141.58984375,60.18000030517578,5.732200145721436,5.716300010681152
2021-04-14,2.75,0.31,738701.4,26182.6,16844.9,0.07,120295.0,4124.66015625,63.150001525878906,5.716300010681152,5.652900218963623
2021-04-15,2.75,0.31,738701.4,26182.6,16844.9,0.07,120701.0,4170.419921875,63.459999084472656,5.652900218963623,5.614999771118164
2021-04-16,2.75,0.31,738701.4,26182.6,16844.9,0.07,121114.0,4185.47021484375,63.130001068115234,5.614999771118164,5.5858001708984375
2021-04-19,2.75,0.31,738701.4,26182.6,16844.9,0.07,120934.0,4163.259765625,63.380001068115234,5.5858001708984375,5.545300006866455
2021-04-20,2.75,0.31,738701.4,26182.6,16844.9,0.07,120062.0,4134.93994140625,62.43999862670898,5.545300006866455,5.56790018081665
2021-04-21,2.75,0.31,738701.4,26182.6,16844.9,0.07,119716.5,4173.419921875,61.34999847412109,5.56790018081665,5.56790018081665
2021-04-22,2.75,0.31,738701.4,26182.6,16844.9,0.07,119371.0,4134.97998046875,61.43000030517578,5.56790018081665,5.44320011138916
2021-04-23,2.75,0.31,738701.4,26182.6,16844.9,0.07,120530.0,4180.169921875,62.13999938964844,5.44320011138916,5.477200031280518
2021-04-26,2.75,0.31,738701.4,26182.6,16844.9,0.07,120595.0,4187.6201171875,61.90999984741211,5.477200031280518,5.435299873352051
2021-04-27,2.75,0.31,738701.4,26182.6,16844.9,0.07,119388.0,4186.72021484375,62.93999862670898,5.435299873352051,5.451000213623047
2021-04-28,2.75,0.31,738701.4,26182.6,16844.9,0.07,121053.0,4183.18017578125,63.86000061035156,5.451000213623047,5.341400146484375
2021-04-29,2.75,0.31,738701.4,26182.6,16844.9,0.07,120066.0,4211.47021484375,65.01000213623047,5.341400146484375,5.336400032043457
2021-04-30,2.75,0.31,738701.4,26182.6,16844.9,0.07,118894.0,4181.169921875,63.58000183105469,5.336400032043457,5.439700126647949
2021-05-03,2.75,0.83,730282.9,26406.9,18274.1,0.06,119209.0,4192.66015625,64.48999786376953,5.439700126647949,5.43809986114502
2021-05-04,2.75,0.83,730282.9,26406.9,18274.1,0.06,117712.0,4164.66015625,65.69000244140625,5.43809986114502,5.442599773406982
2021-05-05,2.75,0.83,730282.9,26406.9,18274.1,0.06,119564.0,4167.58984375,65.62999725341797,5.442599773406982,5.352700233459473
2021-05-06,3.5,0.83,730282.9,26406.9,18274.1,0.06,119921.0,4201.6201171875,64.70999908447266,5.352700233459473,5.273430824279785
2021-05-07,3.5,0.83,730282.9,26406.9,18274.1,0.06,122038.0,4232.60009765625,64.9000015258789,5.273430824279785,5.235499858856201
2021-05-10,3.5,0.83,730282.9,26406.9,18274.1,0.06,121909.0,4188.43017578125,64.91999816894531,5.235499858856201,5.2221999168396
2021-05-11,3.5,0.83,730282.9,26406.9,18274.1,0.06,122964.0,4152.10009765625,65.27999877929688,5.2221999168396,5.221199989318848
2021-05-12,3.5,0.83,730282.9,26406.9,18274.1,0.06,119710.0,4063.0400390625,66.08000183105469,5.221199989318848,5.303100109100342
2021-05-13,3.5,0.83,730282.9,26406.9,18274.1,0.06,120706.0,4112.5,63.81999969482422,5.303100109100342,5.307700157165527
2021-05-14,3.5,0.83,730282.9,26406.9,18274.1,0.06,121881.0,4173.85009765625,65.37000274658203,5.307700157165527,5.269499778747559
2021-05-17,3.5,0.83,730282.9,26406.9,18274.1,0.06,122938.0,4163.2900390625,66.2699966430664,5.269499778747559,5.271500110626221
2021-05-18,3.5,0.83,730282.9,26406.9,18274.1,0.06,122980.0,4127.830078125,65.48999786376953,5.271500110626221,5.259500026702881
2021-05-19,3.5,0.83,730282.9,26406.9,18274.1,0.06,122636.0,4115.68017578125,63.36000061035156,5.259500026702881,5.308000087738037
2021-05-20,3.5,0.83,730282.9,26406.9,18274.1,0.06,122701.0,4159.1201171875,62.04999923706055,5.308000087738037,5.281300067901611
2021-05-21,3.5,0.83,730282.9,26406.9,18274.1,0.06,122592.0,4155.85986328125,63.58000183105469,5.281300067901611,5.361800193786621
2021-05-24,3.5,0.83,730282.9,26406.9,18274.1,0.06,124032.0,4197.0498046875,66.05000305175781,5.361800193786621,5.31850004196167
2021-05-25,3.5,0.83,730282.9,26406.9,18274.1,0.06,122988.0,4188.1298828125,66.06999969482422,5.31850004196167,5.330699920654297
2021-05-26,3.5,0.83,730282.9,26406.9,18274.1,0.06,123989.0,4195.990234375,66.20999908447266,5.330699920654297,5.310500144958496
2021-05-27,3.5,0.83,730282.9,26406.9,18274.1,0.06,124367.0,4200.8798828125,66.8499984741211,5.310500144958496,5.2382001876831055
2021-05-28,3.5,0.83,730282.9,26406.9,18274.1,0.06,125561.0,4204.10986328125,66.31999969482422,5.2382001876831055,5.23799991607666
2021-05-31,3.5,0.83,730282.9,26406.9,18274.1,0.06,126216.0,4203.074951171875,67.02000045776367,5.23799991607666,5.216599941253662
2021-06-01,3.5,0.53,734654.4,29262.2,21115.7,0.08,128267.0,4202.0400390625,67.72000122070312,5.216599941253662,5.149700164794922
2021-06-02,3.5,0.53,734654.4,29262.2,21115.7,0.08,129601.0,4208.1201171875,68.83000183105469,5.149700164794922,5.07450008392334
2021-06-03,3.5,0.53,734654.4,29262.2,21115.7,0.08,129863.5,4192.85009765625,68.80999755859375,5.07450008392334,5.076300144195557
2021-06-04,3.5,0.53,734654.4,29262.2,21115.7,0.08,130126.0,4229.89013671875,69.62000274658203,5.076300144195557,5.044600009918213
2021-06-07,3.5,0.53,734654.4,29262.2,21115.7,0.08,130776.0,4226.52001953125,69.2300033569336,5.044600009918213,5.045199871063232
2021-06-08,3.5,0.53,734654.4,29262.2,21115.7,0.08,129787.0,4227.259765625,70.05000305175781,5.045199871063232,5.034900188446045
2021-06-09,3.5,0.53,734654.4,29262.2,21115.7,0.08,129907.0,4219.5498046875,69.95999908447266,5.034900188446045,5.061500072479248
2021-06-10,3.5,0.53,734654.4,29262.2,21115.7,0.08,130076.0,4239.18017578125,70.29000091552734,5.061500072479248,5.054500102996826
2021-06-11,3.5,0.53,734654.4,29262.2,21115.7,0.08,129441.0,4247.43994140625,70.91000366210938,5.054500102996826,5.117000102996826
2021-06-14,3.5,0.53,734654.4,29262.2,21115.7,0.08,130208.0,4255.14990234375,70.87999725341797,5.117000102996826,5.058599948883057
2021-06-15,3.5,0.53,734654.4,29262.2,21115.7,0.08,130091.0,4246.58984375,72.12000274658203,5.058599948883057,5.043799877166748
2021-06-16,3.5,0.53,734654.4,29262.2,21115.7,0.08,129259.0,4223.7001953125,72.1500015258789,5.043799877166748,5.054299831390381
2021-06-17,4.25,0.53,734654.4,29262.2,21115.7,0.08,128057.0,4221.85986328125,71.04000091552734,5.054299831390381,5.007400035858154
2021-06-18,4.25,0.53,734654.4,29262.2,21115.7,0.08,128405.0,4166.4501953125,71.63999938964844,5.007400035858154,5.0960001945495605
2021-06-21,4.25,0.53,734654.4,29262.2,21115.7,0.08,129265.0,4224.7900390625,73.66000366210938,5.0960001945495605,5.0131001472473145
2021-06-22,4.25,0.53,734654.4,29262.2,21115.7,0.08,128767.0,4246.43994140625,73.05999755859375,5.0131001472473145,4.957099914550781
2021-06-23,4.25,0.53,734654.4,29262.2,21115.7,0.08,128428.0,4241.83984375,73.08000183105469,4.957099914550781,4.965199947357178
2021-06-24,4.25,0.53,734654.4,29262.2,21115.7,0.08,129514.0,4266.490234375,73.30000305175781,4.965199947357178,4.912700176239014
2021-06-25,4.25,0.53,734654.4,29262.2,21115.7,0.08,127256.0,4280.7001953125,74.05000305175781,4.912700176239014,4.91540002822876
2021-06-28,4.25,0.53,734654.4,29262.2,21115.7,0.08,127429.0,4290.60986328125,72.91000366210938,4.91540002822876,4.924799919128418
2021-06-29,4.25,0.53,734654.4,29262.2,21115.7,0.08,127327.0,4291.7998046875,72.9800033569336,4.924799919128418,4.955100059509277
2021-06-30,4.25,0.53,734654.4,29262.2,21115.7,0.08,126802.0,4297.5,73.47000122070312,4.955100059509277,4.969200134277344
2021-07-01,4.25,0.96,765675.5,25747.1,18903.1,0.1,125666.0,4319.93994140625,75.2300033569336,4.969200134277344,5.045102119445801
2021-07-02,4.25,0.96,765675.5,25747.1,18903.1,0.1,127622.0,4352.33984375,75.16000366210938,5.045102119445801,5.059199810028076
2021-07-05,4.25,0.96,765675.5,25747.1,18903.1,0.1,126920.0,4347.93994140625,74.2650032043457,5.059199810028076,5.088459014892578
2021-07-06,4.25,0.96,765675.5,25747.1,18903.1,0.1,125095.0,4343.5400390625,73.37000274658203,5.088459014892578,5.195300102233887
2021-07-07,4.25,0.96,765675.5,25747.1,18903.1,0.1,127019.0,4358.1298828125,72.19999694824219,5.195300102233887,5.231200218200684
2021-07-08,4.25,0.96,765675.5,25747.1,18903.1,0.1,125428.0,4320.81982421875,72.94000244140625,5.231200218200684,5.257999897003174
2021-07-09,4.25,0.96,765675.5,25747.1,18903.1,0.1,126511.0,4369.5498046875,74.55999755859375,5.257999897003174,5.257900238037109
2021-07-12,4.25,0.96,765675.5,25747.1,18903.1,0.1,127594.0,4384.6298828125,74.0999984741211,5.257900238037109,5.172699928283691
2021-07-13,4.25,0.96,765675.5,25747.1,18903.1,0.1,128168.0,4369.2099609375,75.25,5.172699928283691,5.162399768829346
2021-07-14,4.25,0.96,765675.5,25747.1,18903.1,0.1,128407.0,4374.2998046875,73.12999725341797,5.162399768829346,5.069900035858154
2021-07-15,4.25,0.96,765675.5,25747.1,18903.1,0.1,127468.0,4360.02978515625,71.6500015258789,5.069900035858154,5.110000133514404
2021-07-16,4.25,0.96,765675.5,25747.1,18903.1,0.1,125960.0,4327.16015625,71.80999755859375,5.110000133514404,5.1153998374938965
2021-07-19,4.25,0.96,765675.5,25747.1,18903.1,0.1,124395.0,4258.490234375,66.41999816894531,5.1153998374938965,5.250899791717529
2021-07-20,4.25,0.96,765675.5,25747.1,18903.1,0.1,125401.0,4323.06005859375,67.41999816894531,5.250899791717529,5.219900131225586
2021-07-21,4.25,0.96,765675.5,25747.1,18903.1,0.1,125929.0,4358.68994140625,70.30000305175781,5.219900131225586,5.187300205230713
2021-07-22,4.25,0.96,765675.5,25747.1,18903.1,0.1,126147.0,4367.47998046875,71.91000366210938,5.187300205230713,5.1996002197265625
2021-07-23,4.25,0.96,765675.5,25747.1,18903.1,0.1,125053.0,4411.7900390625,72.06999969482422,5.1996002197265625,5.19789981842041
2021-07-26,4.25,0.96,765675.5,25747.1,18903.1,0.1,126004.0,4422.2998046875,71.91000366210938,5.19789981842041,5.1753997802734375
2021-07-27,4.25,0.96,765675.5,25747.1,18903.1,0.1,124612.0,4401.4599609375,71.6500015258789,5.1753997802734375,5.169099807739258
2021-07-28,4.25,0.96,765675.5,25747.1,18903.1,0.1,126286.0,4400.64013671875,72.38999938964844,5.169099807739258,5.114799976348877
2021-07-29,4.25,0.96,765675.5,25747.1,18903.1,0.1,125675.0,4419.14990234375,73.62000274658203,5.114799976348877,5.080399990081787
2021-07-30,4.25,0.96,765675.5,25747.1,18903.1,0.1,121801.0,4395.259765625,73.94999694824219,5.080399990081787,5.208700180053711
2021-08-02,4.25,0.87,767613.5,27401.4,21246.0,0.09,122516.0,4387.16015625,71.26000213623047,5.208700180053711,5.174600124359131
2021-08-03,4.25,0.87,767613.5,27401.4,21246.0,0.09,123577.0,4423.14990234375,70.55999755859375,5.174600124359131,5.196800231933594
2021-08-04,4.25,0.87,767613.5,27401.4,21246.0,0.09,121801.0,4402.66015625,68.1500015258789,5.196800231933594,5.1682000160217285
2021-08-05,5.25,0.87,767613.5,27401.4,21246.0,0.09,121633.0,4429.10009765625,69.08999633789062,5.1682000160217285,5.245200157165527
2021-08-06,5.25,0.87,767613.5,27401.4,21246.0,0.09,122810.0,4436.52001953125,68.27999877929688,5.245200157165527,5.23199987411499
2021-08-09,5.25,0.87,767613.5,27401.4,21246.0,0.09,123019.0,4432.35009765625,66.4800033569336,5.23199987411499,5.231800079345703
2021-08-10,5.25,0.87,767613.5,27401.4,21246.0,0.09,122202.0,4436.75,68.29000091552734,5.231800079345703,5.188300132751465
2021-08-11,5.25,0.87,767613.5,27401.4,21246.0,0.09,122056.0,4442.41015625,69.25,5.188300132751465,5.218200206756592
2021-08-12,5.25,0.87,767613.5,27401.4,21246.0,0.09,120701.0,4460.830078125,69.08999633789062,5.218200206756592,5.252200126647949
2021-08-13,5.25,0.87,767613.5,27401.4,21246.0,0.09,121194.0,4468.0,68.44000244140625,5.252200126647949,5.247499942779541
2021-08-16,5.25,0.87,767613.5,27401.4,21246.0,0.09,119180.0,4479.7099609375,67.29000091552734,5.247499942779541,5.259699821472168
2021-08-17,5.25,0.87,767613.5,27401.4,21246.0,0.09,117904.0,4448.080078125,66.58999633789062,5.259699821472168,5.294300079345703
2021-08-18,5.25,0.87,767613.5,27401.4,21246.0,0.09,116643.0,4400.27001953125,65.45999908447266,5.294300079345703,5.378600120544434
2021-08-19,5.25,0.87,767613.5,27401.4,21246.0,0.09,117165.0,4405.7998046875,63.68999862670898,5.378600120544434,5.414100170135498
2021-08-20,5.25,0.87,767613.5,27401.4,21246.0,0.09,118053.0,4441.669921875,62.31999969482422,5.414100170135498,5.379000186920166
2021-08-23,5.25,0.87,767613.5,27401.4,21246.0,0.09,117472.0,4479.52978515625,65.63999938964844,5.379000186920166,5.379899978637695
2021-08-24,5.25,0.87,767613.5,27401.4,21246.0,0.09,120211.0,4486.22998046875,67.54000091552734,5.379899978637695,5.245800018310547
2021-08-25,5.25,0.87,767613.5,27401.4,21246.0,0.09,120818.0,4496.18994140625,68.36000061035156,5.245800018310547,5.210999965667725
2021-08-26,5.25,0.87,767613.5,27401.4,21246.0,0.09,118724.0,4470.0,67.41999816894531,5.210999965667725,5.251599788665772
2021-08-27,5.25,0.87,767613.5,27401.4,21246.0,0.09,120678.0,4509.3701171875,68.73999786376953,5.251599788665772,5.2027997970581055
2021-08-30,5.25,0.87,767613.5,27401.4,21246.0,0.09,119740.0,4528.7900390625,69.20999908447266,5.2027997970581055,5.182899951934815
2021-08-31,5.25,0.87,767613.5,27401.4,21246.0,0.09,118781.0,4522.68017578125,68.5,5.182899951934815,5.1493000984191895
2021-09-01,5.25,1.16,762562.1,24588.6,21640.7,0.08,119396.0,4524.08984375,68.58999633789062,5.1493000984191895,5.184599876403809
2021-09-02,5.25,1.16,762562.1,24588.6,21640.7,0.08,116677.0,4536.9501953125,69.98999786376953,5.184599876403809,5.18179988861084
2021-09-03,5.25,1.16,762562.1,24588.6,21640.7,0.08,116933.0,4535.43017578125,69.29000091552734,5.18179988861084,5.189799785614014
2021-09-06,5.25,1.16,762562.1,24588.6,21640.7,0.08,117869.0,4527.72998046875,68.81999969482422,5.189799785614014,5.169300079345703
2021-09-07,5.25,1.16,762562.1,24588.6,21640.7,0.08,115641.0,4520.02978515625,68.3499984741211,5.169300079345703,5.169600009918213
2021-09-08,5.25,1.16,762562.1,24588.6,21640.7,0.08,113413.0,4514.06982421875,69.30000305175781,5.169600009918213,5.3206000328063965
2021-09-09,5.25,1.16,762562.1,24588.6,21640.7,0.08,115361.0,4493.27978515625,68.13999938964844,5.3206000328063965,5.196499824523926
2021-09-10,5.25,1.16,762562.1,24588.6,21640.7,0.08,114286.0,4458.580078125,69.72000122070312,5.196499824523926,5.247000217437744
2021-09-13,5.25,1.16,762562.1,24588.6,21640.7,0.08,116404.0,4468.72998046875,70.44999694824219,5.247000217437744,5.213200092315674
2021-09-14,5.25,1.16,762562.1,24588.6,21640.7,0.08,116181.0,4443.0498046875,70.45999908447266,5.213200092315674,5.238900184631348
2021-09-15,5.25,1.16,762562.1,24588.6,21640.7,0.08,115063.0,4480.7001953125,72.61000061035156,5.238900184631348,5.221700191497803
2021-09-16,5.25,1.16,762562.1,24588.6,21640.7,0.08,113794.0,4473.75,72.61000061035156,5.221700191497803,5.256800174713135
2021-09-17,5.25,1.16,762562.1,24588.6,21640.7,0.08,111439.0,4432.990234375,71.97000122070312,5.256800174713135,5.289700031280518
2021-09-20,5.25,1.16,762562.1,24588.6,21640.7,0.08,108844.0,4357.72998046875,70.29000091552734,5.289700031280518,5.323200225830078
2021-09-21,5.25,1.16,762562.1,24588.6,21640.7,0.08,110250.0,4354.18994140625,70.55999755859375,5.323200225830078,5.268899917602539
2021-09-22,5.25,1.16,762562.1,24588.6,21640.7,0.08,112282.0,4395.64013671875,72.2300033569336,5.268899917602539,5.287700176239014
2021-09-23,6.25,1.16,762562.1,24588.6,21640.7,0.08,114064.0,4448.97998046875,73.30000305175781,5.287700176239014,5.3018999099731445
2021-09-24,6.25,1.16,762562.1,24588.6,21640.7,0.08,113283.0,4455.47998046875,73.9800033569336,5.3018999099731445,5.336999893188477
2021-09-27,6.25,1.16,762562.1,24588.6,21640.7,0.08,113583.0,4443.10986328125,75.44999694824219,5.336999893188477,5.390399932861328
2021-09-28,6.25,1.16,762562.1,24588.6,21640.7,0.08,110124.0,4352.6298828125,75.29000091552734,5.390399932861328,5.427599906921387
2021-09-29,6.25,1.16,762562.1,24588.6,21640.7,0.08,111107.0,4359.4599609375,74.83000183105469,5.427599906921387,5.414299964904785
2021-09-30,6.25,1.16,762562.1,24588.6,21640.7,0.08,110979.0,4307.5400390625,75.02999877929688,5.414299964904785,5.441699981689453
2021-10-01,6.25,1.25,772181.0,22843.2,21225.7,0.08,112900.0,4357.0400390625,75.87999725341797,5.441699981689453,5.367899894714356
2021-10-04,6.25,1.25,772181.0,22843.2,21225.7,0.08,110393.0,4300.4599609375,77.62000274658203,5.367899894714356,5.453199863433838
2021-10-05,6.25,1.25,772181.0,22843.2,21225.7,0.08,110458.0,4345.72021484375,78.93000030517578,5.453199863433838,5.475500106811523
2021-10-06,6.25,1.25,772181.0,22843.2,21225.7,0.08,110560.0,4363.5498046875,77.43000030517578,5.475500106811523,5.491899967193604
2021-10-07,6.25,1.25,772181.0,22843.2,21225.7,0.08,110585.0,4399.759765625,78.30000305175781,5.491899967193604,5.517000198364258
2021-10-08,6.25,1.25,772181.0,22843.2,21225.7,0.08,112833.0,4391.33984375,79.3499984741211,5.517000198364258,5.506899833679199
2021-10-11,6.25,1.25,772181.0,22843.2,21225.7,0.08,112180.0,4361.18994140625,80.5199966430664,5.506899833679199,5.535999774932861
2021-10-12,6.25,1.25,772181.0,22843.2,21225.7,0.08,112818.0,4350.64990234375,80.63999938964844,5.535999774932861,5.531499862670898
2021-10-13,6.25,1.25,772181.0,22843.2,21225.7,0.08,113456.0,4363.7998046875,80.44000244140625,5.531499862670898,5.512499809265137
2021-10-14,6.25,1.25,772181.0,22843.2,21225.7,0.08,113185.0,4438.259765625,81.30999755859375,5.512499809265137,5.512199878692627
2021-10-15,6.25,1.25,772181.0,22843.2,21225.7,0.08,114648.0,4471.3701171875,82.27999877929688,5.512199878692627,5.458399772644043
2021-10-18,6.25,1.25,772181.0,22843.2,21225.7,0.08,114428.0,4486.4599609375,82.44000244140625,5.458399772644043,5.511300086975098
2021-10-19,6.25,1.25,772181.0,22843.2,21225.7,0.08,110673.0,4519.6298828125,82.95999908447266,5.511300086975098,5.5833001136779785
2021-10-20,6.25,1.25,772181.0,22843.2,21225.7,0.08,110786.0,4536.18994140625,83.87000274658203,5.5833001136779785,5.59630012512207
2021-10-21,6.25,1.25,772181.0,22843.2,21225.7,0.08,107735.0,4549.77978515625,82.5,5.59630012512207,5.657800197601318
2021-10-22,6.25,1.25,772181.0,22843.2,21225.7,0.08,106296.0,4544.89990234375,83.76000213623047,5.657800197601318,5.649199962615967
2021-10-25,6.25,1.25,772181.0,22843.2,21225.7,0.08,108715.0,4566.47998046875,83.76000213623047,5.649199962615967,5.554399967193604
2021-10-26,6.25,1.25,772181.0,22843.2,21225.7,0.08,106420.0,4574.7900390625,84.6500015258789,5.554399967193604,5.564799785614014
2021-10-27,6.25,1.25,772181.0,22843.2,21225.7,0.08,106363.0,4551.68017578125,82.66000366210938,5.564799785614014,5.534999847412109
2021-10-28,7.75,1.25,772181.0,22843.2,21225.7,0.08,105705.0,4596.419921875,82.80999755859375,5.534999847412109,5.644899845123291
2021-10-29,7.75,1.25,772181.0,22843.2,21225.7,0.08,103501.0,4605.3798828125,83.56999969482422,5.644899845123291,5.633699893951416
2021-11-01,7.75,0.95,787931.0,20712.5,22472.8,0.08,105551.0,4613.669921875,84.05000305175781,5.633699893951416,5.678899765014648
2021-11-02,7.75,0.95,787931.0,20712.5,22472.8,0.08,105584.0,4630.64990234375,83.91000366210938,5.678899765014648,5.678599834442139
2021-11-03,7.75,0.95,787931.0,20712.5,22472.8,0.08,105617.0,4660.56982421875,80.86000061035156,5.678599834442139,5.5524001121521
2021-11-04,7.75,0.95,787931.0,20712.5,22472.8,0.08,103412.0,4680.06005859375,78.80999755859375,5.5524001121521,5.6016998291015625
2021-11-05,7.75,0.95,787931.0,20712.5,22472.8,0.08,104824.0,4697.52978515625,81.2699966430664,5.6016998291015625,5.541100025177002
2021-11-08,7.75,0.95,787931.0,20712.5,22472.8,0.08,104781.0,4701.7001953125,81.93000030517578,5.541100025177002,5.543099880218506
2021-11-09,7.75,0.95,787931.0,20712.5,22472.8,0.08,105535.0,4685.25,84.1500015258789,5.543099880218506,5.479100227355957
2021-11-10,7.75,0.95,787931.0,20712.5,22472.8,0.08,105968.0,4646.7099609375,81.33999633789062,5.479100227355957,5.4899001121521
2021-11-11,7.75,0.95,787931.0,20712.5,22472.8,0.08,107725.0,4649.27001953125,81.58999633789062,5.4899001121521,5.3979997634887695
2021-11-12,7.75,0.95,787931.0,20712.5,22472.8,0.08,106312.0,4682.85009765625,80.79000091552734,5.3979997634887695,5.457600116729736
2021-11-15,7.75,0.95,787931.0,20712.5,22472.8,0.08,105410.0,4682.7998046875,80.87999725341797,5.457600116729736,5.456299781799316
2021-11-16,7.75,0.95,787931.0,20712.5,22472.8,0.08,104508.0,4700.89990234375,80.76000213623047,5.456299781799316,5.502200126647949
2021-11-17,7.75,0.95,787931.0,20712.5,22472.8,0.08,102945.0,4688.669921875,78.36000061035156,5.502200126647949,5.52869987487793
2021-11-18,7.75,0.95,787931.0,20712.5,22472.8,0.08,102524.0,4704.5400390625,79.01000213623047,5.52869987487793,5.556399822235107
2021-11-19,7.75,0.95,787931.0,20712.5,22472.8,0.08,103035.0,4697.9599609375,76.0999984741211,5.556399822235107,5.611599922180176
2021-11-22,7.75,0.95,787931.0,20712.5,22472.8,0.08,102122.0,4682.93994140625,76.75,5.611599922180176,5.585599899291992
2021-11-23,7.75,0.95,787931.0,20712.5,22472.8,0.08,103663.0,4690.7001953125,78.5,5.585599899291992,5.570400238037109
2021-11-24,7.75,0.95,787931.0,20712.5,22472.8,0.08,104514.0,4701.4599609375,78.38999938964844,5.570400238037109,5.605199813842773
2021-11-25,7.75,0.95,787931.0,20712.5,22472.8,0.08,105811.0,4648.0400390625,73.27000045776367,5.605199813842773,5.565100193023682
2021-11-26,7.75,0.95,787931.0,20712.5,22472.8,0.08,102224.0,4594.6201171875,68.1500015258789,5.565100193023682,5.607800006866455
2021-11-29,7.75,0.95,787931.0,20712.5,22472.8,0.08,102814.0,4655.27001953125,69.94999694824219,5.607800006866455,5.6006999015808105
2021-11-30,7.75,0.95,787931.0,20712.5,22472.8,0.08,101915.0,4567.0,66.18000030517578,5.6006999015808105,5.620871067047119
2021-12-01,7.75,0.73,795870.1,24662.6,21441.4,0.08,100775.0,4513.0400390625,65.56999969482422,5.620871067047119,5.6915669441223145
2021-12-02,7.75,0.73,795870.1,24662.6,21441.4,0.08,104466.0,4577.10009765625,66.5,5.6915669441223145,5.643321990966797
2021-12-03,7.75,0.73,795870.1,24662.6,21441.4,0.08,105070.0,4538.43017578125,66.26000213623047,5.643321990966797,5.65009880065918
2021-12-06,7.75,0.73,795870.1,24662.6,21441.4,0.08,106859.0,4591.669921875,69.48999786376953,5.65009880065918,5.688000202178955
2021-12-07,7.75,0.73,795870.1,24662.6,21441.4,0.08,107558.0,4686.75,72.05000305175781,5.688000202178955,5.611800193786621
2021-12-08,7.75,0.73,795870.1,24662.6,21441.4,0.08,108096.0,4701.2099609375,72.36000061035156,5.611800193786621,5.531599998474121
2021-12-09,9.25,0.73,795870.1,24662.6,21441.4,0.08,106291.0,4667.4501953125,70.94000244140625,5.531599998474121,5.571100234985352
2021-12-10,9.25,0.73,795870.1,24662.6,21441.4,0.08,107758.0,4712.02001953125,71.66999816894531,5.571100234985352,5.60866117477417
2021-12-13,9.25,0.73,795870.1,24662.6,21441.4,0.08,107383.0,4668.97021484375,71.29000091552734,5.60866117477417,5.679699897766113
2021-12-14,9.25,0.73,795870.1,24662.6,21441.4,0.08,106760.0,4634.08984375,70.7300033569336,5.679699897766113,5.680600166320801
2021-12-15,9.25,0.73,795870.1,24662.6,21441.4,0.08,107370.0,4709.85009765625,70.87000274658203,5.680600166320801,5.679399967193604
2021-12-16,9.25,0.73,795870.1,24662.6,21441.4,0.08,108212.0,4668.669921875,72.37999725341797,5.679399967193604,5.687399864196777
2021-12-17,9.25,0.73,795870.1,24662.6,21441.4,0.08,107201.0,4620.64013671875,70.86000061035156,5.687399864196777,5.693059921264648
2021-12-20,9.25,0.73,795870.1,24662.6,21441.4,0.08,105020.0,4568.02001953125,68.2300033569336,5.693059921264648,5.741300106048584
2021-12-21,9.25,0.73,795870.1,24662.6,21441.4,0.08,105500.0,4649.22998046875,71.12000274658203,5.741300106048584,5.74399995803833
2021-12-22,9.25,0.73,795870.1,24662.6,21441.4,0.08,105244.0,4696.56005859375,72.76000213623047,5.74399995803833,5.652999877929688
2021-12-23,9.25,0.73,795870.1,24662.6,21441.4,0.08,104891.0,4725.7900390625,73.79000091552734,5.652999877929688,5.671795845031738
2021-12-24,9.25,0.73,795870.1,24662.6,21441.4,0.08,105211.0,4758.489990234375,74.68000030517578,5.671795845031738,5.67110013961792
2021-12-27,9.25,0.73,795870.1,24662.6,21441.4,0.08,105531.0,4791.18994140625,75.56999969482422,5.67110013961792,5.624100208282471
2021-12-28,9.25,0.73,795870.1,24662.6,21441.4,0.08,104864.0,4786.35009765625,75.9800033569336,5.624100208282471,5.627500057220459
2021-12-29,9.25,0.73,795870.1,24662.6,21441.4,0.08,104107.0,4793.06005859375,76.55999755859375,5.627500057220459,5.702700138092041
2021-12-30,9.25,0.73,795870.1,24662.6,21441.4,0.08,104822.0,4778.72998046875,76.98999786376953,5.702700138092041,5.570199966430664
2021-12-31,9.25,0.73,795870.1,24662.6,21441.4,0.08,104372.0,4766.18017578125,75.20999908447266,5.570199966430664,5.569300174713135
2022-01-03,9.25,0.54,722636.3,19967.0,20799.1,0.08,103922.0,4796.56005859375,76.08000183105469,5.569300174713135,5.68120002746582
2022-01-04,9.25,0.54,722636.3,19967.0,20799.1,0.08,103514.0,4793.5400390625,76.98999786376953,5.68120002746582,5.676199913024902
2022-01-05,9.25,0.54,722636.3,19967.0,20799.1,0.08,101006.0,4700.580078125,77.8499984741211,5.676199913024902,5.705635070800781
2022-01-06,9.25,0.54,722636.3,19967.0,20799.1,0.08,101561.0,4696.0498046875,79.45999908447266,5.705635070800781,5.682400226593018
2022-01-07,9.25,0.54,722636.3,19967.0,20799.1,0.08,102719.0,4677.02978515625,78.9000015258789,5.682400226593018,5.632199764251709
2022-01-10,9.25,0.54,722636.3,19967.0,20799.1,0.08,101945.0,4670.2900390625,78.2300033569336,5.632199764251709,5.662199974060059
2022-01-11,9.25,0.54,722636.3,19967.0,20799.1,0.08,103779.0,4713.06982421875,81.22000122070312,5.662199974060059,5.567299842834473
2022-01-12,9.25,0.54,722636.3,19967.0,20799.1,0.08,105686.0,4726.35009765625,82.63999938964844,5.567299842834473,5.533199787139893
2022-01-13,9.25,0.54,722636.3,19967.0,20799.1,0.08,105530.0,4659.02978515625,82.12000274658203,5.533199787139893,5.526700019836426
2022-01-14,9.25,0.54,722636.3,19967.0,20799.1,0.08,106928.0,4662.85009765625,83.81999969482422,5.526700019836426,5.533299922943115
2022-01-17,9.25,0.54,722636.3,19967.0,20799.1,0.08,106692.0,4619.97998046875,84.625,5.533299922943115,5.5157999992370605
2022-01-18,9.25,0.54,722636.3,19967.0,20799.1,0.08,106522.0,4577.10986328125,85.43000030517578,5.5157999992370605,5.565700054168701
2022-01-19,9.25,0.54,722636.3,19967.0,20799.1,0.08,108013.0,4532.759765625,86.95999908447266,5.565700054168701,5.43720006942749
2022-01-20,9.25,0.54,722636.3,19967.0,20799.1,0.08,109102.0,4482.72998046875,86.9000015258789,5.43720006942749,5.418099880218506
2022-01-21,9.25,0.54,722636.3,19967.0,20799.1,0.08,108942.0,4397.93994140625,85.13999938964844,5.418099880218506,5.457099914550781
2022-01-24,9.25,0.54,722636.3,19967.0,20799.1,0.08,107752.0,4410.1298828125,83.30999755859375,5.457099914550781,5.486100196838379
2022-01-25,9.25,0.54,722636.3,19967.0,20799.1,0.08,109845.0,4356.4501953125,85.5999984741211,5.486100196838379,5.440703868865967
2022-01-26,9.25,0.54,722636.3,19967.0,20799.1,0.08,111573.0,4349.93017578125,87.3499984741211,5.440703868865967,5.429166793823242
2022-01-27,9.25,0.54,722636.3,19967.0,20799.1,0.08,112315.0,4326.509765625,86.61000061035156,5.429166793823242,5.40348482131958
2022-01-28,9.25,0.54,722636.3,19967.0,20799.1,0.08,111478.0,4431.85009765625,86.81999969482422,5.40348482131958,5.362599849700928
2022-01-31,9.25,0.54,722636.3,19967.0,20799.1,0.08,112388.0,4515.5498046875,88.1500015258789,5.362599849700928,5.303100109100342
2022-02-01,9.25,1.01,754645.2,23710.8,19666.5,0.08,113147.0,4546.5400390625,88.19999694824219,5.303100109100342,5.264500141143799
2022-02-02,9.25,1.01,754645.2,23710.8,19666.5,0.08,112161.0,4589.3798828125,88.26000213623047,5.264500141143799,5.260900020599365
2022-02-03,10.75,1.01,754645.2,23710.8,19666.5,0.08,111696.0,4477.43994140625,90.2699966430664,5.260900020599365,5.282899856567383
2022-02-04,10.75,1.01,754645.2,23710.8,19666.5,0.08,112245.0,4500.52978515625,92.30999755859376,5.282899856567383,5.326900005340576
2022-02-07,10.75,1.01,754645.2,23710.8,19666.5,0.08,111996.0,4483.8701171875,91.31999969482422,5.326900005340576,5.262599945068359
2022-02-08,10.75,1.01,754645.2,23710.8,19666.5,0.08,112234.0,4521.5400390625,89.36000061035156,5.262599945068359,5.258399963378906
2022-02-09,10.75,1.01,754645.2,23710.8,19666.5,0.08,112461.0,4587.18017578125,89.66000366210938,5.258399963378906,5.234499931335449
2022-02-10,10.75,1.01,754645.2,23710.8,19666.5,0.08,113359.0,4504.080078125,89.87999725341797,5.234499931335449,5.248700141906738
2022-02-11,10.75,1.01,754645.2,23710.8,19666.5,0.08,113572.0,4418.64013671875,93.0999984741211,5.248700141906738,5.249956130981445
2022-02-14,10.75,1.01,754645.2,23710.8,19666.5,0.08,113807.0,4401.669921875,95.45999908447266,5.249956130981445,5.214000225067139
2022-02-15,10.75,1.01,754645.2,23710.8,19666.5,0.08,114660.0,4471.06982421875,92.06999969482422,5.214000225067139,5.157899856567383
2022-02-16,10.75,1.01,754645.2,23710.8,19666.5,0.08,115181.0,4475.009765625,93.66000366210938,5.157899856567383,5.135799884796143
2022-02-17,10.75,1.01,754645.2,23710.8,19666.5,0.08,113528.0,4380.259765625,91.76000213623048,5.135799884796143,5.170599937438965
2022-02-18,10.75,1.01,754645.2,23710.8,19666.5,0.08,112768.0,4348.8701171875,91.06999969482422,5.170599937438965,5.137499809265137
2022-02-21,10.75,1.01,754645.2,23710.8,19666.5,0.08,111725.0,4326.81494140625,91.70999908447266,5.137499809265137,5.102700233459473
2022-02-22,10.75,1.01,754645.2,23710.8,19666.5,0.08,112892.0,4304.759765625,92.3499984741211,5.102700233459473,5.05709981918335
2022-02-23,10.75,1.01,754645.2,23710.8,19666.5,0.08,112008.0,4225.5,92.0999984741211,5.05709981918335,5.008699893951416
2022-02-24,10.75,1.01,754645.2,23710.8,19666.5,0.08,111592.0,4288.7001953125,92.80999755859376,5.008699893951416,5.122200012207031
2022-02-25,10.75,1.01,754645.2,23710.8,19666.5,0.08,113142.0,4384.64990234375,91.58999633789062,5.122200012207031,5.15939998626709
2022-02-28,10.75,1.01,754645.2,23710.8,19666.5,0.08,113819.33333333331,4373.93994140625,95.72000122070312,5.15939998626709,5.158400058746338
2022-03-01,10.75,1.62,842246.6,29717.9,23036.7,0.2,114496.66666666669,4306.259765625,103.41000366210938,5.158400058746338,5.158999919891357
2022-03-02,10.75,1.62,842246.6,29717.9,23036.7,0.2,115174.0,4386.5400390625,110.5999984741211,5.158999919891357,5.096502780914307
2022-03-03,10.75,1.62,842246.6,29717.9,23036.7,0.2,115166.0,4363.490234375,107.66999816894533,5.096502780914307,5.030900001525879
2022-03-04,10.75,1.62,842246.6,29717.9,23036.7,0.2,114474.0,4328.8701171875,115.68000030517578,5.030900001525879,5.06056022644043
2022-03-07,10.75,1.62,842246.6,29717.9,23036.7,0.2,111593.0,4201.08984375,119.4000015258789,5.06056022644043,5.110499858856201
2022-03-08,10.75,1.62,842246.6,29717.9,23036.7,0.2,111203.0,4170.7001953125,123.6999969482422,5.110499858856201,5.058800220489502
2022-03-09,10.75,1.62,842246.6,29717.9,23036.7,0.2,113900.0,4277.8798828125,108.6999969482422,5.058800220489502,5.011499881744385
2022-03-10,10.75,1.62,842246.6,29717.9,23036.7,0.2,113663.0,4259.52001953125,106.0199966430664,5.011499881744385,5.009699821472168
2022-03-11,10.75,1.62,842246.6,29717.9,23036.7,0.2,111713.0,4204.31005859375,109.33000183105467,5.009699821472168,5.073500156402588
2022-03-14,10.75,1.62,842246.6,29717.9,23036.7,0.2,109928.0,4173.10986328125,103.01000213623048,5.073500156402588,5.121399879455566
2022-03-15,10.75,1.62,842246.6,29717.9,23036.7,0.2,108959.0,4262.4501953125,96.44000244140624,5.121399879455566,5.1631999015808105
2022-03-16,10.75,1.62,842246.6,29717.9,23036.7,0.2,111112.0,4357.85986328125,95.04000091552734,5.1631999015808105,5.073874950408936
2022-03-17,11.75,1.62,842246.6,29717.9,23036.7,0.2,113076.0,4411.669921875,102.9800033569336,5.073874950408936,5.039400100708008
2022-03-18,11.75,1.62,842246.6,29717.9,23036.7,0.2,115311.0,4463.1201171875,104.6999969482422,5.039400100708008,5.0177998542785645
2022-03-21,11.75,1.62,842246.6,29717.9,23036.7,0.2,116155.0,4461.18017578125,112.12000274658205,5.0177998542785645,4.935200214385986
2022-03-22,11.75,1.62,842246.6,29717.9,23036.7,0.2,117272.0,4511.60986328125,111.76000213623048,4.935200214385986,4.909999847412109
2022-03-23,11.75,1.62,842246.6,29717.9,23036.7,0.2,117457.0,4456.240234375,114.93000030517578,4.909999847412109,4.82420015335083
2022-03-24,11.75,1.62,842246.6,29717.9,23036.7,0.2,119053.0,4520.16015625,112.33999633789062,4.82420015335083,4.826300144195557
2022-03-25,11.75,1.62,842246.6,29717.9,23036.7,0.2,119081.0,4543.06005859375,113.9000015258789,4.826300144195557,4.7368998527526855
2022-03-28,11.75,1.62,842246.6,29717.9,23036.7,0.2,118738.0,4575.52001953125,105.95999908447266,4.7368998527526855,4.764100074768066
2022-03-29,11.75,1.62,842246.6,29717.9,23036.7,0.2,120014.0,4631.60009765625,104.23999786376952,4.764100074768066,4.756199836730957
2022-03-30,11.75,1.62,842246.6,29717.9,23036.7,0.2,120260.0,4602.4501953125,107.81999969482422,4.756199836730957,4.769700050354004
2022-03-31,11.75,1.62,842246.6,29717.9,23036.7,0.2,119999.0,4530.41015625,100.27999877929688,4.769700050354004,4.737800121307373
2022-04-01,11.75,1.06,832789.0,29243.0,21720.3,0.33,121570.0,4545.85986328125,99.2699966430664,4.737800121307373,4.657199859619141
2022-04-04,11.75,1.06,832789.0,29243.0,21720.3,0.33,121280.0,4582.64013671875,103.27999877929688,4.657199859619141,4.593800067901611
2022-04-05,11.75,1.06,832789.0,29243.0,21720.3,0.33,118885.0,4525.1201171875,101.95999908447266,4.593800067901611,4.650700092315674
2022-04-06,11.75,1.06,832789.0,29243.0,21720.3,0.33,118228.0,4481.14990234375,96.2300033569336,4.650700092315674,4.715199947357178
2022-04-07,11.75,1.06,832789.0,29243.0,21720.3,0.33,118862.0,4500.2099609375,96.02999877929688,4.715199947357178,4.752099990844727
2022-04-08,11.75,1.06,832789.0,29243.0,21720.3,0.33,118322.0,4488.27978515625,98.26000213623048,4.752099990844727,4.698100090026856
2022-04-11,11.75,1.06,832789.0,29243.0,21720.3,0.33,116953.0,4412.52978515625,94.29000091552734,4.698100090026856,4.693600177764893
2022-04-12,11.75,1.06,832789.0,29243.0,21720.3,0.33,116147.0,4397.4501953125,100.5999984741211,4.693600177764893,4.673099994659424
2022-04-13,11.75,1.06,832789.0,29243.0,21720.3,0.33,116782.0,4446.58984375,104.25,4.673099994659424,4.690199851989746
2022-04-14,11.75,1.06,832789.0,29243.0,21720.3,0.33,116182.0,4392.58984375,106.9499969482422,4.690199851989746,4.701000213623047
2022-04-15,11.75,1.06,832789.0,29243.0,21720.3,0.33,115934.5,4392.139892578125,107.57999801635742,4.701000213623047,4.7006001472473145
2022-04-18,11.75,1.06,832789.0,29243.0,21720.3,0.33,115687.0,4391.68994140625,108.20999908447266,4.7006001472473145,4.651999950408936
2022-04-19,11.75,1.06,832789.0,29243.0,21720.3,0.33,115057.0,4462.2099609375,102.55999755859376,4.651999950408936,4.664999961853027
2022-04-20,11.75,1.06,832789.0,29243.0,21720.3,0.33,114344.0,4459.4501953125,102.75,4.664999961853027,4.620800018310547
2022-04-21,11.75,1.06,832789.0,29243.0,21720.3,0.33,112711.0,4393.66015625,103.79000091552734,4.620800018310547,4.620800018310547
2022-04-22,11.75,1.06,832789.0,29243.0,21720.3,0.33,111078.0,4271.77978515625,102.06999969482422,4.620800018310547,4.795199871063232
2022-04-25,11.75,1.06,832789.0,29243.0,21720.3,0.33,110685.0,4296.1201171875,98.54000091552734,4.795199871063232,4.876200199127197
2022-04-26,11.75,1.06,832789.0,29243.0,21720.3,0.33,108213.0,4175.2001953125,101.6999969482422,4.876200199127197,4.997799873352051
2022-04-27,11.75,1.06,832789.0,29243.0,21720.3,0.33,109349.0,4183.9599609375,102.0199966430664,4.997799873352051,4.963600158691406
2022-04-28,11.75,1.06,832789.0,29243.0,21720.3,0.33,109919.0,4287.5,105.36000061035156,4.963600158691406,4.93779993057251
2022-04-29,11.75,1.06,832789.0,29243.0,21720.3,0.33,107876.0,4131.93017578125,104.69000244140624,4.93779993057251,4.97130012512207
2022-05-02,11.75,0.47,841191.9,29949.8,25680.5,0.77,106639.0,4155.3798828125,105.16999816894533,4.97130012512207,5.084700107574463
2022-05-03,11.75,0.47,841191.9,29949.8,25680.5,0.77,106528.0,4175.47998046875,102.41000366210938,5.084700107574463,4.958099842071533
2022-05-04,11.75,0.47,841191.9,29949.8,25680.5,0.77,108344.0,4300.169921875,107.80999755859376,4.958099842071533,4.918799877166748
2022-05-05,12.75,0.47,841191.9,29949.8,25680.5,0.77,105304.0,4146.8701171875,108.26000213623048,4.918799877166748,5.027999877929688
2022-05-06,12.75,0.47,841191.9,29949.8,25680.5,0.77,105135.0,4123.33984375,109.7699966430664,5.027999877929688,5.080399990081787
2022-05-09,12.75,0.47,841191.9,29949.8,25680.5,0.77,103250.0,3991.239990234375,103.08999633789062,5.080399990081787,5.160900115966797
2022-05-10,12.75,0.47,841191.9,29949.8,25680.5,0.77,103110.0,4001.050048828125,99.76000213623048,5.160900115966797,5.13129997253418
2022-05-11,12.75,0.47,841191.9,29949.8,25680.5,0.77,104397.0,3935.179931640625,105.70999908447266,5.13129997253418,5.134252071380615
2022-05-12,12.75,0.47,841191.9,29949.8,25680.5,0.77,105688.0,3930.080078125,106.12999725341795,5.134252071380615,5.133399963378906
2022-05-13,12.75,0.47,841191.9,29949.8,25680.5,0.77,106924.0,4023.889892578125,110.48999786376952,5.133399963378906,5.058300018310547
2022-05-16,12.75,0.47,841191.9,29949.8,25680.5,0.77,108233.0,4008.010009765625,114.1999969482422,5.058300018310547,5.059700012207031
2022-05-17,12.75,0.47,841191.9,29949.8,25680.5,0.77,108789.0,4088.85009765625,112.4000015258789,5.059700012207031,4.93809986114502
2022-05-18,12.75,0.47,841191.9,29949.8,25680.5,0.77,106247.0,3923.679931640625,109.58999633789062,4.93809986114502,4.96750020980835
2022-05-19,12.75,0.47,841191.9,29949.8,25680.5,0.77,107005.0,3900.7900390625,112.20999908447266,4.96750020980835,4.929999828338623
2022-05-20,12.75,0.47,841191.9,29949.8,25680.5,0.77,108488.0,3901.360107421875,113.2300033569336,4.929999828338623,4.880199909210205
2022-05-23,12.75,0.47,841191.9,29949.8,25680.5,0.77,110346.0,3973.75,110.29000091552734,4.880199909210205,4.813499927520752
2022-05-24,12.75,0.47,841191.9,29949.8,25680.5,0.77,110581.0,3941.47998046875,109.7699966430664,4.813499927520752,4.817800045013428
2022-05-25,12.75,0.47,841191.9,29949.8,25680.5,0.77,110580.0,3978.72998046875,110.33000183105467,4.817800045013428,4.822800159454346
2022-05-26,12.75,0.47,841191.9,29949.8,25680.5,0.77,111890.0,4057.840087890625,114.08999633789062,4.822800159454346,4.768199920654297
2022-05-27,12.75,0.47,841191.9,29949.8,25680.5,0.77,111942.0,4158.240234375,115.06999969482422,4.768199920654297,4.729599952697754
2022-05-30,12.75,0.47,841191.9,29949.8,25680.5,0.77,111032.0,4145.195068359375,114.86999893188477,4.729599952697754,4.752399921417236
2022-05-31,12.75,0.47,841191.9,29949.8,25680.5,0.77,111351.0,4132.14990234375,114.66999816894533,4.752399921417236,4.730400085449219
2022-06-01,12.75,0.67,843500.5,33121.4,25088.7,1.21,111360.0,4101.22998046875,115.26000213623048,4.730400085449219,4.815499782562256
2022-06-02,12.75,0.67,843500.5,33121.4,25088.7,1.21,112393.0,4176.81982421875,116.87000274658205,4.815499782562256,4.795700073242188
2022-06-03,12.75,0.67,843500.5,33121.4,25088.7,1.21,111102.0,4108.5400390625,118.87000274658205,4.795700073242188,4.775000095367432
2022-06-06,12.75,0.67,843500.5,33121.4,25088.7,1.21,110186.0,4121.43017578125,118.5,4.775000095367432,4.7941999435424805
2022-06-07,12.75,0.67,843500.5,33121.4,25088.7,1.21,110070.0,4160.68017578125,119.41000366210938,4.7941999435424805,4.867526054382324
2022-06-08,12.75,0.67,843500.5,33121.4,25088.7,1.21,108368.0,4115.77001953125,122.11000061035156,4.867526054382324,4.898099899291992
2022-06-09,12.75,0.67,843500.5,33121.4,25088.7,1.21,107094.0,4017.820068359375,121.51000213623048,4.898099899291992,4.903299808502197
2022-06-10,12.75,0.67,843500.5,33121.4,25088.7,1.21,105481.0,3900.860107421875,120.66999816894533,4.903299808502197,4.984000205993652
2022-06-13,12.75,0.67,843500.5,33121.4,25088.7,1.21,102598.0,3749.6298828125,120.93000030517578,4.984000205993652,5.113399982452393
2022-06-14,12.75,0.67,843500.5,33121.4,25088.7,1.21,102063.0,3735.47998046875,118.93000030517578,5.113399982452393,5.116099834442139
2022-06-15,12.75,0.67,843500.5,33121.4,25088.7,1.21,102807.0,3789.989990234375,115.30999755859376,5.116099834442139,5.052000045776367
2022-06-16,13.25,0.67,843500.5,33121.4,25088.7,1.21,101316.0,3666.77001953125,117.58999633789062,5.052000045776367,5.052199840545654
2022-06-17,13.25,0.67,843500.5,33121.4,25088.7,1.21,99825.0,3674.840087890625,109.55999755859376,5.052199840545654,5.152100086212158
2022-06-20,13.25,0.67,843500.5,33121.4,25088.7,1.21,99853.0,3719.8150634765625,110.10499954223631,5.152100086212158,5.18720006942749
2022-06-21,13.25,0.67,843500.5,33121.4,25088.7,1.21,99685.0,3764.7900390625,110.6500015258789,5.18720006942749,5.122799873352051
2022-06-22,13.25,0.67,843500.5,33121.4,25088.7,1.21,99522.0,3759.889892578125,106.19000244140624,5.122799873352051,5.193600177764893
2022-06-23,13.25,0.67,843500.5,33121.4,25088.7,1.21,98080.0,3795.72998046875,104.2699966430664,5.193600177764893,5.23799991607666
2022-06-24,13.25,0.67,843500.5,33121.4,25088.7,1.21,98672.0,3911.739990234375,107.62000274658205,5.23799991607666,5.241399765014648
2022-06-27,13.25,0.67,843500.5,33121.4,25088.7,1.21,100764.0,3900.110107421875,109.56999969482422,5.241399765014648,5.236800193786621
2022-06-28,13.25,0.67,843500.5,33121.4,25088.7,1.21,100591.0,3821.550048828125,111.76000213623048,5.236800193786621,5.266600131988525
2022-06-29,13.25,0.67,843500.5,33121.4,25088.7,1.21,99622.0,3818.830078125,109.77999877929688,5.266600131988525,5.180900096893311
2022-06-30,13.25,0.67,843500.5,33121.4,25088.7,1.21,98542.0,3785.3798828125,105.76000213623048,5.180900096893311,5.251999855041504
2022-07-01,13.25,-0.68,868889.9,30164.3,25540.4,1.68,98954.0,3825.330078125,108.43000030517578,5.251999855041504,5.330999851226807
2022-07-04,13.25,-0.68,868889.9,30164.3,25540.4,1.68,98609.0,3828.3599853515625,103.96500015258788,5.330999851226807,5.3282999992370605
2022-07-05,13.25,-0.68,868889.9,30164.3,25540.4,1.68,98295.0,3831.389892578125,99.5,5.3282999992370605,5.385200023651123
2022-07-06,13.25,-0.68,868889.9,30164.3,25540.4,1.68,98719.0,3845.080078125,98.52999877929688,5.385200023651123,5.427999973297119
2022-07-07,13.25,-0.68,868889.9,30164.3,25540.4,1.68,100730.0,3902.6201171875,102.7300033569336,5.427999973297119,5.338200092315674
2022-07-08,13.25,-0.68,868889.9,30164.3,25540.4,1.68,100289.0,3899.3798828125,104.79000091552734,5.338200092315674,5.254000186920166
2022-07-11,13.25,-0.68,868889.9,30164.3,25540.4,1.68,98212.0,3854.429931640625,104.08999633789062,5.254000186920166,5.377200126647949
2022-07-12,13.25,-0.68,868889.9,30164.3,25540.4,1.68,98271.0,3818.800048828125,95.83999633789062,5.377200126647949,5.436500072479248
2022-07-13,13.25,-0.68,868889.9,30164.3,25540.4,1.68,97881.0,3801.780029296875,96.3000030517578,5.436500072479248,5.390900135040283
2022-07-14,13.25,-0.68,868889.9,30164.3,25540.4,1.68,96121.0,3790.3798828125,95.77999877929688,5.390900135040283,5.422800064086914
2022-07-15,13.25,-0.68,868889.9,30164.3,25540.4,1.68,96551.0,3863.159912109375,97.58999633789062,5.422800064086914,5.410099983215332
2022-07-18,13.25,-0.68,868889.9,30164.3,25540.4,1.68,96916.0,3830.85009765625,102.5999984741211,5.410099983215332,5.436800003051758
2022-07-19,13.25,-0.68,868889.9,30164.3,25540.4,1.68,98245.0,3936.68994140625,104.22000122070312,5.436800003051758,5.413099765777588
2022-07-20,13.25,-0.68,868889.9,30164.3,25540.4,1.68,98287.0,3959.89990234375,102.26000213623048,5.413099765777588,5.470200061798096
2022-07-21,13.25,-0.68,868889.9,30164.3,25540.4,1.68,99033.0,3998.949951171875,96.3499984741211,5.470200061798096,5.497799873352051
2022-07-22,13.25,-0.68,868889.9,30164.3,25540.4,1.68,98925.0,3961.6298828125,94.6999969482422,5.497799873352051,5.496699810028076
2022-07-25,13.25,-0.68,868889.9,30164.3,25540.4,1.68,100270.0,3966.840087890625,96.6999969482422,5.496699810028076,5.356299877166748
2022-07-26,13.25,-0.68,868889.9,30164.3,25540.4,1.68,99772.0,3921.050048828125,94.9800033569336,5.356299877166748,5.350100040435791
2022-07-27,13.25,-0.68,868889.9,30164.3,25540.4,1.68,101438.0,4023.610107421875,97.26000213623048,5.350100040435791,5.243000030517578
2022-07-28,13.25,-0.68,868889.9,30164.3,25540.4,1.68,102597.0,4072.429931640625,96.41999816894533,5.243000030517578,5.182700157165527
2022-07-29,13.25,-0.68,868889.9,30164.3,25540.4,1.68,103165.0,4130.2900390625,98.62000274658205,5.182700157165527,5.171199798583984
2022-08-01,13.25,-0.36,873948.2,31142.4,27904.6,2.33,102225.0,4118.6298828125,93.88999938964844,5.171199798583984,5.184000015258789
2022-08-02,13.25,-0.36,873948.2,31142.4,27904.6,2.33,103362.0,4091.18994140625,94.41999816894533,5.184000015258789,5.277699947357178
2022-08-03,13.25,-0.36,873948.2,31142.4,27904.6,2.33,103775.0,4155.169921875,90.66000366210938,5.277699947357178,5.282700061798096
2022-08-04,13.75,-0.36,873948.2,31142.4,27904.6,2.33,105892.0,4151.93994140625,88.54000091552734,5.282700061798096,5.211100101470947
2022-08-05,13.75,-0.36,873948.2,31142.4,27904.6,2.33,106472.0,4145.18994140625,89.01000213623047,5.211100101470947,5.164599895477295
2022-08-08,13.75,-0.36,873948.2,31142.4,27904.6,2.33,108402.0,4140.06005859375,90.76000213623048,5.164599895477295,5.110099792480469
2022-08-09,13.75,-0.36,873948.2,31142.4,27904.6,2.33,108651.0,4122.47021484375,90.5,5.110099792480469,5.123700141906738
2022-08-10,13.75,-0.36,873948.2,31142.4,27904.6,2.33,110236.0,4210.240234375,91.93000030517578,5.123700141906738,5.093699932098389
2022-08-11,13.75,-0.36,873948.2,31142.4,27904.6,2.33,109718.0,4207.27001953125,94.33999633789062,5.093699932098389,5.1570000648498535
2022-08-12,13.75,-0.36,873948.2,31142.4,27904.6,2.33,112764.0,4280.14990234375,92.08999633789062,5.1570000648498535,5.074900150299072
2022-08-15,13.75,-0.36,873948.2,31142.4,27904.6,2.33,113032.0,4297.14013671875,89.41000366210938,5.074900150299072,5.095600128173828
2022-08-16,13.75,-0.36,873948.2,31142.4,27904.6,2.33,113512.0,4305.2001953125,86.52999877929688,5.095600128173828,5.1417388916015625
2022-08-17,13.75,-0.36,873948.2,31142.4,27904.6,2.33,113708.0,4274.0400390625,88.11000061035156,5.1417388916015625,5.164999961853027
2022-08-18,13.75,-0.36,873948.2,31142.4,27904.6,2.33,113813.0,4283.740234375,90.5,5.164999961853027,5.166999816894531
2022-08-19,13.75,-0.36,873948.2,31142.4,27904.6,2.33,111496.0,4228.47998046875,90.7699966430664,5.166999816894531,5.168399810791016
2022-08-22,13.75,-0.36,873948.2,31142.4,27904.6,2.33,110501.0,4137.990234375,90.2300033569336,5.168399810791016,5.156099796295166
2022-08-23,13.75,-0.36,873948.2,31142.4,27904.6,2.33,112857.0,4128.72998046875,93.73999786376952,5.156099796295166,5.103499889373779
2022-08-24,13.75,-0.36,873948.2,31142.4,27904.6,2.33,112898.0,4140.77001953125,94.88999938964844,5.103499889373779,5.110099792480469
2022-08-25,13.75,-0.36,873948.2,31142.4,27904.6,2.33,113532.0,4199.1201171875,92.5199966430664,5.110099792480469,5.108699798583984
2022-08-26,13.75,-0.36,873948.2,31142.4,27904.6,2.33,112299.0,4057.659912109375,93.05999755859376,5.108699798583984,5.0625
2022-08-29,13.75,-0.36,873948.2,31142.4,27904.6,2.33,112323.0,4030.610107421875,97.01000213623048,5.0625,5.027200222015381
2022-08-30,13.75,-0.36,873948.2,31142.4,27904.6,2.33,110431.0,3986.159912109375,91.63999938964844,5.027200222015381,5.1219000816345215
2022-08-31,13.75,-0.36,873948.2,31142.4,27904.6,2.33,109523.0,3955.0,89.55000305175781,5.1219000816345215,5.181700229644775
2022-09-01,13.75,-0.29,858343.8,30231.8,27683.4,2.56,110405.0,3966.85009765625,86.61000061035156,5.181700229644775,5.2403998374938965
2022-09-02,13.75,-0.29,858343.8,30231.8,27683.4,2.56,110864.0,3924.260009765625,86.87000274658203,5.2403998374938965,5.171000003814697
2022-09-05,13.75,-0.29,858343.8,30231.8,27683.4,2.56,112203.0,3916.2249755859375,86.875,5.171000003814697,5.153900146484375
2022-09-06,13.75,-0.29,858343.8,30231.8,27683.4,2.56,109764.0,3908.18994140625,86.87999725341797,5.153900146484375,5.247200012207031
2022-09-07,13.75,-0.29,858343.8,30231.8,27683.4,2.56,109840.0,3979.8701171875,81.94000244140625,5.247200012207031,5.246699810028076
2022-09-08,13.75,-0.29,858343.8,30231.8,27683.4,2.56,109916.0,4006.179931640625,83.54000091552734,5.246699810028076,5.2133002281188965
2022-09-09,13.75,-0.29,858343.8,30231.8,27683.4,2.56,112300.0,4067.360107421875,86.79000091552734,5.2133002281188965,5.146299839019775
2022-09-12,13.75,-0.29,858343.8,30231.8,27683.4,2.56,113407.0,4110.41015625,87.77999877929688,5.146299839019775,5.0920000076293945
2022-09-13,13.75,-0.29,858343.8,30231.8,27683.4,2.56,110794.0,3932.68994140625,87.30999755859375,5.0920000076293945,5.189799785614014
2022-09-14,13.75,-0.29,858343.8,30231.8,27683.4,2.56,110547.0,3946.010009765625,88.4800033569336,5.189799785614014,5.162700176239014
2022-09-15,13.75,-0.29,858343.8,30231.8,27683.4,2.56,109954.0,3901.35009765625,85.0999984741211,5.162700176239014,5.246099948883057
2022-09-16,13.75,-0.29,858343.8,30231.8,27683.4,2.56,109280.0,3873.330078125,85.11000061035156,5.246099948883057,5.250699996948242
2022-09-19,13.75,-0.29,858343.8,30231.8,27683.4,2.56,111824.0,3899.889892578125,85.7300033569336,5.250699996948242,5.170899868011475
2022-09-20,13.75,-0.29,858343.8,30231.8,27683.4,2.56,112517.0,3855.929931640625,84.44999694824219,5.170899868011475,5.141499996185303
2022-09-21,13.75,-0.29,858343.8,30231.8,27683.4,2.56,111936.0,3789.929931640625,82.94000244140625,5.141499996185303,5.170400142669678
2022-09-22,13.75,-0.29,858343.8,30231.8,27683.4,2.56,114070.0,3757.989990234375,83.48999786376953,5.170400142669678,5.115499973297119
2022-09-23,13.75,-0.29,858343.8,30231.8,27683.4,2.56,111716.0,3693.22998046875,78.73999786376953,5.115499973297119,5.258800029754639
2022-09-26,13.75,-0.29,858343.8,30231.8,27683.4,2.56,109114.0,3655.0400390625,76.70999908447266,5.258800029754639,5.389400005340576
2022-09-27,13.75,-0.29,858343.8,30231.8,27683.4,2.56,108376.0,3647.2900390625,78.5,5.389400005340576,5.378099918365479
2022-09-28,13.75,-0.29,858343.8,30231.8,27683.4,2.56,108451.0,3719.0400390625,82.1500015258789,5.378099918365479,5.374199867248535
2022-09-29,13.75,-0.29,858343.8,30231.8,27683.4,2.56,107664.0,3640.469970703125,81.2300033569336,5.374199867248535,5.396200180053711
2022-09-30,13.75,-0.29,858343.8,30231.8,27683.4,2.56,110037.0,3585.6201171875,79.48999786376953,5.396200180053711,5.414299964904785
2022-10-03,13.75,0.59,879637.7,27536.0,24968.0,3.08,116134.0,3678.429931640625,83.62999725341797,5.414299964904785,5.16349983215332
2022-10-04,13.75,0.59,879637.7,27536.0,24968.0,3.08,116230.0,3790.929931640625,86.5199966430664,5.16349983215332,5.17579984664917
2022-10-05,13.75,0.59,879637.7,27536.0,24968.0,3.08,117198.0,3783.280029296875,87.76000213623047,5.17579984664917,5.195199966430664
2022-10-06,13.75,0.59,879637.7,27536.0,24968.0,3.08,117561.0,3744.52001953125,88.44999694824219,5.195199966430664,5.220099925994873
2022-10-07,13.75,0.59,879637.7,27536.0,24968.0,3.08,116375.0,3639.659912109375,92.63999938964844,5.220099925994873,5.198400020599365
2022-10-10,13.75,0.59,879637.7,27536.0,24968.0,3.08,115941.0,3612.389892578125,91.12999725341795,5.198400020599365,5.186800003051758
2022-10-11,13.75,0.59,879637.7,27536.0,24968.0,3.08,114827.0,3588.840087890625,89.3499984741211,5.186800003051758,5.292099952697754
2022-10-12,13.75,0.59,879637.7,27536.0,24968.0,3.08,114563.5,3577.030029296875,87.2699966430664,5.292099952697754,5.291500091552734
2022-10-13,13.75,0.59,879637.7,27536.0,24968.0,3.08,114300.0,3669.909912109375,89.11000061035156,5.291500091552734,5.259799957275391
2022-10-14,13.75,0.59,879637.7,27536.0,24968.0,3.08,112072.0,3583.070068359375,85.61000061035156,5.259799957275391,5.327400207519531
2022-10-17,13.75,0.59,879637.7,27536.0,24968.0,3.08,113624.0,3677.949951171875,85.45999908447266,5.327400207519531,5.277359008789063
2022-10-18,13.75,0.59,879637.7,27536.0,24968.0,3.08,115743.0,3719.97998046875,82.81999969482422,5.277359008789063,5.239799976348877
2022-10-19,13.75,0.59,879637.7,27536.0,24968.0,3.08,116274.0,3695.159912109375,85.55000305175781,5.239799976348877,5.269199848175049
2022-10-20,13.75,0.59,879637.7,27536.0,24968.0,3.08,117171.0,3665.780029296875,85.9800033569336,5.269199848175049,5.216599941253662
2022-10-21,13.75,0.59,879637.7,27536.0,24968.0,3.08,119929.0,3752.75,85.05000305175781,5.216599941253662,5.163400173187256
2022-10-24,13.75,0.59,879637.7,27536.0,24968.0,3.08,116013.0,3797.340087890625,84.58000183105469,5.163400173187256,5.30620002746582
2022-10-25,13.75,0.59,879637.7,27536.0,24968.0,3.08,114626.0,3859.110107421875,85.31999969482422,5.30620002746582,5.315199851989746
2022-10-26,13.75,0.59,879637.7,27536.0,24968.0,3.08,112764.0,3830.60009765625,87.91000366210938,5.315199851989746,5.383900165557861
2022-10-27,13.75,0.59,879637.7,27536.0,24968.0,3.08,114641.0,3807.300048828125,89.08000183105469,5.383900165557861,5.339200019836426
2022-10-28,13.75,0.59,879637.7,27536.0,24968.0,3.08,114539.0,3901.06005859375,87.9000015258789,5.339200019836426,5.28849983215332
2022-10-31,13.75,0.59,879637.7,27536.0,24968.0,3.08,116037.0,3871.97998046875,86.52999877929688,5.28849983215332,5.178800106048584
2022-11-01,13.75,0.41,881265.9,28363.7,23063.8,3.78,116929.0,3856.10009765625,88.37000274658203,5.178800106048584,5.142399787902832
2022-11-02,13.75,0.41,881265.9,28363.7,23063.8,3.78,116912.5,3759.68994140625,90.0,5.142399787902832,5.142600059509277
2022-11-03,13.75,0.41,881265.9,28363.7,23063.8,3.78,116896.0,3719.889892578125,88.16999816894531,5.142600059509277,5.1149001121521
2022-11-04,13.75,0.41,881265.9,28363.7,23063.8,3.78,118155.0,3770.550048828125,92.61000061035156,5.1149001121521,5.078132152557373
2022-11-07,13.75,0.41,881265.9,28363.7,23063.8,3.78,115342.0,3806.800048828125,91.79000091552734,5.078132152557373,5.153326988220215
2022-11-08,13.75,0.41,881265.9,28363.7,23063.8,3.78,116160.0,3828.110107421875,88.91000366210938,5.153326988220215,5.14300012588501
2022-11-09,13.75,0.41,881265.9,28363.7,23063.8,3.78,113580.0,3748.570068359375,85.83000183105469,5.14300012588501,5.185200214385986
2022-11-10,13.75,0.41,881265.9,28363.7,23063.8,3.78,109775.0,3956.3701171875,86.47000122070312,5.185200214385986,5.341579914093018
2022-11-11,13.75,0.41,881265.9,28363.7,23063.8,3.78,112253.0,3992.929931640625,88.95999908447266,5.341579914093018,5.279058933258057
2022-11-14,13.75,0.41,881265.9,28363.7,23063.8,3.78,113161.0,3957.25,85.87000274658203,5.279058933258057,5.331200122833252
2022-11-15,13.75,0.41,881265.9,28363.7,23063.8,3.78,111702.0,3991.72998046875,86.91999816894531,5.331200122833252,5.331699848175049
2022-11-16,13.75,0.41,881265.9,28363.7,23063.8,3.78,110243.0,3958.7900390625,85.58999633789062,5.331699848175049,5.39900016784668
2022-11-17,13.75,0.41,881265.9,28363.7,23063.8,3.78,109703.0,3946.56005859375,81.63999938964844,5.39900016784668,5.422100067138672
2022-11-18,13.75,0.41,881265.9,28363.7,23063.8,3.78,108880.0,3965.340087890625,80.08000183105469,5.422100067138672,5.38129997253418
2022-11-21,13.75,0.41,881265.9,28363.7,23063.8,3.78,109748.0,3949.93994140625,79.7300033569336,5.38129997253418,5.318600177764893
2022-11-22,13.75,0.41,881265.9,28363.7,23063.8,3.78,109037.0,4003.580078125,80.94999694824219,5.318600177764893,5.357699871063232
2022-11-23,13.75,0.41,881265.9,28363.7,23063.8,3.78,108683.0,4027.260009765625,77.94000244140625,5.357699871063232,5.35830020904541
2022-11-24,13.75,0.41,881265.9,28363.7,23063.8,3.78,111831.0,4026.6900634765625,77.11000061035156,5.35830020904541,5.320000171661377
2022-11-25,13.75,0.41,881265.9,28363.7,23063.8,3.78,108977.0,4026.1201171875,76.27999877929688,5.320000171661377,5.4085001945495605
2022-11-28,13.75,0.41,881265.9,28363.7,23063.8,3.78,108782.0,3963.93994140625,77.23999786376953,5.4085001945495605,5.364699840545654
2022-11-29,13.75,0.41,881265.9,28363.7,23063.8,3.78,110910.0,3957.6298828125,78.19999694824219,5.364699840545654,5.268199920654297
2022-11-30,13.75,0.41,881265.9,28363.7,23063.8,3.78,112486.0,4080.110107421875,80.55000305175781,5.268199920654297,5.181589126586914
2022-12-01,13.75,0.62,880581.5,27053.1,23527.3,4.1,110926.0,4076.570068359375,81.22000122070312,5.181589126586914,5.183599948883057
2022-12-02,13.75,0.62,880581.5,27053.1,23527.3,4.1,111924.0,4071.699951171875,79.9800033569336,5.183599948883057,5.2179999351501465
2022-12-05,13.75,0.62,880581.5,27053.1,23527.3,4.1,109401.0,3998.840087890625,76.93000030517578,5.2179999351501465,5.28000020980835
2022-12-06,13.75,0.62,880581.5,27053.1,23527.3,4.1,109533.0,3941.260009765625,74.25,5.28000020980835,5.234000205993652
2022-12-07,13.75,0.62,880581.5,27053.1,23527.3,4.1,109361.0,3933.919921875,72.01000213623047,5.234000205993652,5.203999996185303
2022-12-08,13.75,0.62,880581.5,27053.1,23527.3,4.1,107245.0,3963.510009765625,71.45999908447266,5.203999996185303,5.224299907684326
2022-12-09,13.75,0.62,880581.5,27053.1,23527.3,4.1,107689.0,3934.3798828125,71.0199966430664,5.224299907684326,5.235000133514404
2022-12-12,13.75,0.62,880581.5,27053.1,23527.3,4.1,105264.0,3990.56005859375,73.16999816894531,5.235000133514404,5.321300029754639
2022-12-13,13.75,0.62,880581.5,27053.1,23527.3,4.1,103892.0,4019.64990234375,75.38999938964844,5.321300029754639,5.292799949645996
2022-12-14,13.75,0.62,880581.5,27053.1,23527.3,4.1,103803.0,3995.320068359375,77.27999877929688,5.292799949645996,5.277200222015381
2022-12-15,13.75,0.62,880581.5,27053.1,23527.3,4.1,103738.0,3895.75,76.11000061035156,5.277200222015381,5.311800003051758
2022-12-16,13.75,0.62,880581.5,27053.1,23527.3,4.1,102825.0,3852.360107421875,74.29000091552734,5.311800003051758,5.306509017944336
2022-12-19,13.75,0.62,880581.5,27053.1,23527.3,4.1,104530.0,3817.659912109375,75.19000244140625,5.306509017944336,5.291600227355957
2022-12-20,13.75,0.62,880581.5,27053.1,23527.3,4.1,106979.0,3821.6201171875,76.08999633789062,5.291600227355957,5.198400020599365
2022-12-21,13.75,0.62,880581.5,27053.1,23527.3,4.1,107313.0,3878.43994140625,78.29000091552734,5.198400020599365,5.199900150299072
2022-12-22,13.75,0.62,880581.5,27053.1,23527.3,4.1,107317.0,3822.389892578125,77.48999786376953,5.199900150299072,5.165599822998047
2022-12-23,13.75,0.62,880581.5,27053.1,23527.3,4.1,109698.0,3844.820068359375,79.55999755859375,5.165599822998047,5.164299964904785
2022-12-26,13.75,0.62,880581.5,27053.1,23527.3,4.1,108738.0,3837.035034179688,79.54499816894531,5.164299964904785,5.21750020980835
2022-12-27,13.75,0.62,880581.5,27053.1,23527.3,4.1,108347.0,3829.25,79.52999877929688,5.21750020980835,5.292300224304199
2022-12-28,13.75,0.62,880581.5,27053.1,23527.3,4.1,110237.0,3783.219970703125,78.95999908447266,5.292300224304199,5.2667999267578125
2022-12-29,13.75,0.62,880581.5,27053.1,23527.3,4.1,110031.0,3849.280029296875,78.4000015258789,5.2667999267578125,5.284599781036377
2022-12-30,13.75,0.62,880581.5,27053.1,23527.3,4.1,108203.5,3839.5,80.26000213623047,5.284599781036377,5.2855000495910645
2023-01-02,13.75,0.53,810348.0,23024.1,21364.6,4.33,106376.0,3831.8199462890634,78.59500122070312,5.2855000495910645,5.360130786895752
2023-01-03,13.75,0.53,810348.0,23024.1,21364.6,4.33,104166.0,3824.139892578125,76.93000030517578,5.360130786895752,5.478499889373779
2023-01-04,13.75,0.53,810348.0,23024.1,21364.6,4.33,105334.0,3852.969970703125,72.83999633789062,5.478499889373779,5.430099964141846
2023-01-05,13.75,0.53,810348.0,23024.1,21364.6,4.33,107518.0,3808.10009765625,73.66999816894531,5.430099964141846,5.349800109863281
2023-01-06,13.75,0.53,810348.0,23024.1,21364.6,4.33,108836.0,3895.080078125,73.7699966430664,5.349800109863281,5.224400043487549
2023-01-09,13.75,0.53,810348.0,23024.1,21364.6,4.33,109227.0,3892.090087890625,74.62999725341797,5.224400043487549,5.253699779510498
2023-01-10,13.75,0.53,810348.0,23024.1,21364.6,4.33,110912.0,3919.25,75.12000274658203,5.253699779510498,5.198299884796143
2023-01-11,13.75,0.53,810348.0,23024.1,21364.6,4.33,111763.0,3969.610107421875,77.41000366210938,5.198299884796143,5.1585001945495605
2023-01-12,13.75,0.53,810348.0,23024.1,21364.6,4.33,111877.0,3983.169921875,78.38999938964844,5.1585001945495605,5.107699871063232
2023-01-13,13.75,0.53,810348.0,23024.1,21364.6,4.33,110916.0,3999.090087890625,79.86000061035156,5.107699871063232,5.080699920654297
2023-01-16,13.75,0.53,810348.0,23024.1,21364.6,4.33,109213.0,3995.030029296875,80.02000045776367,5.080699920654297,5.145999908447266
2023-01-17,13.75,0.53,810348.0,23024.1,21364.6,4.33,111439.0,3990.969970703125,80.18000030517578,5.145999908447266,5.099599838256836
2023-01-18,13.75,0.53,810348.0,23024.1,21364.6,4.33,112452.0,3928.860107421875,79.4800033569336,5.099599838256836,5.185299873352051
2023-01-19,13.75,0.53,810348.0,23024.1,21364.6,4.33,113006.0,3898.85009765625,80.33000183105469,5.185299873352051,5.172999858856201
2023-01-20,13.75,0.53,810348.0,23024.1,21364.6,4.33,112301.0,3972.610107421875,81.30999755859375,5.172999858856201,5.206299781799316
2023-01-23,13.75,0.53,810348.0,23024.1,21364.6,4.33,111709.0,4019.81005859375,81.62000274658203,5.206299781799316,5.205900192260742
2023-01-24,13.75,0.53,810348.0,23024.1,21364.6,4.33,113028.0,4016.949951171875,80.12999725341797,5.205900192260742,5.138400077819824
2023-01-25,13.75,0.53,810348.0,23024.1,21364.6,4.33,114195.0,4016.219970703125,80.1500015258789,5.138400077819824,5.072199821472168
2023-01-26,13.75,0.53,810348.0,23024.1,21364.6,4.33,114109.0,4060.429931640625,81.01000213623047,5.072199821472168,5.062745094299316
2023-01-27,13.75,0.53,810348.0,23024.1,21364.6,4.33,112502.0,4070.56005859375,79.68000030517578,5.062745094299316,5.107200145721436
2023-01-30,13.75,0.53,810348.0,23024.1,21364.6,4.33,111888.0,4017.77001953125,77.9000015258789,5.107200145721436,5.1149001121521
2023-01-31,13.75,0.53,810348.0,23024.1,21364.6,4.33,113532.0,4076.60009765625,78.87000274658203,5.1149001121521,5.072199821472168
2023-02-01,13.75,0.84,831195.9,21254.0,18415.7,4.57,112303.0,4119.2099609375,76.41000366210938,5.072199821472168,5.053500175476074
2023-02-02,13.75,0.84,831195.9,21254.0,18415.7,4.57,109935.0,4179.759765625,75.87999725341797,5.053500175476074,5.049200057983398
2023-02-03,13.75,0.84,831195.9,21254.0,18415.7,4.57,108490.0,4136.47998046875,73.38999938964844,5.049200057983398,5.149799823760986
2023-02-06,13.75,0.84,831195.9,21254.0,18415.7,4.57,108456.0,4111.080078125,74.11000061035156,5.149799823760986,5.145699977874756
2023-02-07,13.75,0.84,831195.9,21254.0,18415.7,4.57,107920.0,4164.0,77.13999938964844,5.145699977874756,5.2093000411987305
2023-02-08,13.75,0.84,831195.9,21254.0,18415.7,4.57,109882.0,4117.85986328125,78.47000122070312,5.2093000411987305,5.19950008392334
2023-02-09,13.75,0.84,831195.9,21254.0,18415.7,4.57,107783.0,4081.5,78.05999755859375,5.19950008392334,5.289500236511231
2023-02-10,13.75,0.84,831195.9,21254.0,18415.7,4.57,108150.0,4090.4599609375,79.72000122070312,5.289500236511231,5.213482856750488
2023-02-13,13.75,0.84,831195.9,21254.0,18415.7,4.57,108846.0,4137.2900390625,80.13999938964844,5.213482856750488,5.158400058746338
2023-02-14,13.75,0.84,831195.9,21254.0,18415.7,4.57,107659.0,4136.1298828125,79.05999755859375,5.158400058746338,5.191500186920166
2023-02-15,13.75,0.84,831195.9,21254.0,18415.7,4.57,109442.0,4147.60009765625,78.58999633789062,5.191500186920166,5.2179999351501465
2023-02-16,13.75,0.84,831195.9,21254.0,18415.7,4.57,109905.0,4090.409912109375,78.48999786376953,5.2179999351501465,5.216800212860107
2023-02-17,13.75,0.84,831195.9,21254.0,18415.7,4.57,109303.0,4079.090087890625,76.33999633789062,5.216800212860107,5.165168762207031
2023-02-20,13.75,0.84,831195.9,21254.0,18415.7,4.57,108586.0,4038.215087890625,76.25,5.165168762207031,5.1666998863220215
2023-02-21,13.75,0.84,831195.9,21254.0,18415.7,4.57,107869.0,3997.340087890625,76.16000366210938,5.1666998863220215,5.166500091552734
2023-02-22,13.75,0.84,831195.9,21254.0,18415.7,4.57,107152.0,3991.050048828125,73.94999694824219,5.166500091552734,5.151199817657471
2023-02-23,13.75,0.84,831195.9,21254.0,18415.7,4.57,107720.0,4012.320068359375,75.38999938964844,5.151199817657471,5.136199951171875
2023-02-24,13.75,0.84,831195.9,21254.0,18415.7,4.57,105873.0,3970.0400390625,76.31999969482422,5.136199951171875,5.207799911499023
2023-02-27,13.75,0.84,831195.9,21254.0,18415.7,4.57,105711.0,3982.239990234375,75.68000030517578,5.207799911499023,5.199699878692627
2023-02-28,13.75,0.84,831195.9,21254.0,18415.7,4.57,104932.0,3970.14990234375,77.05000305175781,5.199699878692627,5.235899925231934
2023-03-01,13.75,0.71,939474.1,33086.4,23071.9,4.65,104385.0,3951.389892578125,77.69000244140625,5.235899925231934,5.178299903869629
2023-03-02,13.75,0.71,939474.1,33086.4,23071.9,4.65,103326.0,3981.35009765625,78.16000366210938,5.178299903869629,5.1996002197265625
2023-03-03,13.75,0.71,939474.1,33086.4,23071.9,4.65,103866.0,4045.639892578125,79.68000030517578,5.1996002197265625,5.194399833679199
2023-03-06,13.75,0.71,939474.1,33086.4,23071.9,4.65,104700.0,4048.419921875,80.45999908447266,5.194399833679199,5.152200222015381
2023-03-07,13.75,0.71,939474.1,33086.4,23071.9,4.65,104228.0,3986.3701171875,77.58000183105469,5.152200222015381,5.190000057220459
2023-03-08,13.75,0.71,939474.1,33086.4,23071.9,4.65,106540.0,3992.010009765625,76.66000366210938,5.190000057220459,5.144400119781494
2023-03-09,13.75,0.71,939474.1,33086.4,23071.9,4.65,105071.0,3918.320068359375,75.72000122070312,5.144400119781494,5.163700103759766
2023-03-10,13.75,0.71,939474.1,33086.4,23071.9,4.65,103618.0,3861.590087890625,76.68000030517578,5.163700103759766,5.21560001373291
2023-03-13,13.75,0.71,939474.1,33086.4,23071.9,4.65,103121.0,3855.760009765625,74.80000305175781,5.21560001373291,5.245699882507324
2023-03-14,13.75,0.71,939474.1,33086.4,23071.9,4.65,102932.0,3919.2900390625,71.33000183105469,5.245699882507324,5.251699924468994
2023-03-15,13.75,0.71,939474.1,33086.4,23071.9,4.65,102675.0,3891.929931640625,67.61000061035156,5.251699924468994,5.287099838256836
2023-03-16,13.75,0.71,939474.1,33086.4,23071.9,4.65,103435.0,3960.280029296875,68.3499984741211,5.287099838256836,5.229599952697754
2023-03-17,13.75,0.71,939474.1,33086.4,23071.9,4.65,101982.0,3916.639892578125,66.73999786376953,5.229599952697754,5.2778000831604
2023-03-20,13.75,0.71,939474.1,33086.4,23071.9,4.65,100923.0,3951.570068359375,67.63999938964844,5.2778000831604,5.235700130462647
2023-03-21,13.75,0.71,939474.1,33086.4,23071.9,4.65,100998.0,4002.8701171875,69.33000183105469,5.235700130462647,5.240900039672852
2023-03-22,13.75,0.71,939474.1,33086.4,23071.9,4.65,100221.0,3936.969970703125,70.9000015258789,5.240900039672852,5.236100196838379
2023-03-23,13.75,0.71,939474.1,33086.4,23071.9,4.65,97926.0,3948.719970703125,69.95999908447266,5.236100196838379,5.29670000076294
2023-03-24,13.75,0.71,939474.1,33086.4,23071.9,4.65,98829.0,3970.989990234375,69.26000213623047,5.29670000076294,5.245100021362305
2023-03-27,13.75,0.71,939474.1,33086.4,23071.9,4.65,99670.0,3977.530029296875,72.80999755859375,5.245100021362305,5.197100162506104
2023-03-28,13.75,0.71,939474.1,33086.4,23071.9,4.65,101185.0,3971.27001953125,73.19999694824219,5.197100162506104,5.164400100708008
2023-03-29,13.75,0.71,939474.1,33086.4,23071.9,4.65,101793.0,4027.81005859375,72.97000122070312,5.164400100708008,5.134200096130371
2023-03-30,13.75,0.71,939474.1,33086.4,23071.9,4.65,103713.0,4050.830078125,74.37000274658203,5.134200096130371,5.092700004577637
2023-03-31,13.75,0.71,939474.1,33086.4,23071.9,4.65,101882.0,4109.31005859375,75.66999816894531,5.092700004577637,5.062300205230713
2023-04-03,13.75,0.61,910651.6,28061.9,19935.3,4.83,101506.0,4124.509765625,80.41999816894531,5.062300205230713,5.06309986114502
2023-04-04,13.75,0.61,910651.6,28061.9,19935.3,4.83,101869.0,4100.60009765625,80.70999908447266,5.06309986114502,5.070700168609619
2023-04-05,13.75,0.61,910651.6,28061.9,19935.3,4.83,100978.0,4090.3798828125,80.61000061035156,5.070700168609619,5.033199787139893
2023-04-06,13.75,0.61,910651.6,28061.9,19935.3,4.83,100822.0,4105.02001953125,80.69999694824219,5.033199787139893,5.058300018310547
2023-04-07,13.75,0.61,910651.6,28061.9,19935.3,4.83,101334.5,4107.06494140625,80.21999740600586,5.058300018310547,5.054399967193604
2023-04-10,13.75,0.61,910651.6,28061.9,19935.3,4.83,101847.0,4109.10986328125,79.73999786376953,5.054399967193604,5.065299987792969
2023-04-11,13.75,0.61,910651.6,28061.9,19935.3,4.83,106214.0,4108.93994140625,81.52999877929688,5.065299987792969,5.004000186920166
2023-04-12,13.75,0.61,910651.6,28061.9,19935.3,4.83,106890.0,4091.949951171875,83.26000213623047,5.004000186920166,4.916900157928467
2023-04-13,13.75,0.61,910651.6,28061.9,19935.3,4.83,106458.0,4146.22021484375,82.16000366210938,4.916900157928467,4.926700115203857
2023-04-14,13.75,0.61,910651.6,28061.9,19935.3,4.83,106279.0,4137.64013671875,82.5199966430664,4.926700115203857,4.908699989318848
2023-04-17,13.75,0.61,910651.6,28061.9,19935.3,4.83,106016.0,4151.31982421875,80.83000183105469,4.908699989318848,4.939799785614014
2023-04-18,13.75,0.61,910651.6,28061.9,19935.3,4.83,106163.0,4154.8701171875,80.86000061035156,4.939799785614014,4.984300136566162
2023-04-19,13.75,0.61,910651.6,28061.9,19935.3,4.83,103913.0,4154.52001953125,79.16000366210938,4.984300136566162,5.074299812316895
2023-04-20,13.75,0.61,910651.6,28061.9,19935.3,4.83,104367.0,4129.7900390625,77.29000091552734,5.074299812316895,5.047699928283691
2023-04-21,13.75,0.61,910651.6,28061.9,19935.3,4.83,104157.0,4133.52001953125,77.87000274658203,5.047699928283691,5.047900199890137
2023-04-24,13.75,0.61,910651.6,28061.9,19935.3,4.83,103947.0,4137.0400390625,78.76000213623047,5.047900199890137,5.033400058746338
2023-04-25,13.75,0.61,910651.6,28061.9,19935.3,4.83,103220.0,4071.6298828125,77.06999969482422,5.033400058746338,5.053100109100342
2023-04-26,13.75,0.61,910651.6,28061.9,19935.3,4.83,102312.0,4055.989990234375,74.30000305175781,5.053100109100342,5.043000221252441
2023-04-27,13.75,0.61,910651.6,28061.9,19935.3,4.83,102923.0,4135.35009765625,74.76000213623047,5.043000221252441,4.976200103759766
2023-04-28,13.75,0.61,910651.6,28061.9,19935.3,4.83,104432.0,4169.47998046875,76.77999877929688,4.976200103759766,4.986000061035156
2023-05-01,13.75,0.23,911301.9,32908.0,22643.2,5.06,103179.5,4167.8701171875,75.66000366210938,4.986000061035156,4.9878997802734375
2023-05-02,13.75,0.23,911301.9,32908.0,22643.2,5.06,101927.0,4119.580078125,71.66000366210938,4.9878997802734375,5.038400173187256
2023-05-03,13.75,0.23,911301.9,32908.0,22643.2,5.06,101797.0,4090.75,68.5999984741211,5.038400173187256,4.994400024414063
2023-05-04,13.75,0.23,911301.9,32908.0,22643.2,5.06,102174.0,4061.219970703125,68.55999755859375,4.994400024414063,4.982600212097168
2023-05-05,13.75,0.23,911301.9,32908.0,22643.2,5.06,105148.0,4136.25,71.33999633789062,4.982600212097168,4.951700210571289
2023-05-08,13.75,0.23,911301.9,32908.0,22643.2,5.06,106042.0,4138.1201171875,73.16000366210938,4.951700210571289,5.007999897003174
2023-05-09,13.75,0.23,911301.9,32908.0,22643.2,5.06,107114.0,4119.169921875,73.70999908447266,5.007999897003174,4.985899925231934
2023-05-10,13.75,0.23,911301.9,32908.0,22643.2,5.06,107448.0,4137.64013671875,72.55999755859375,4.985899925231934,4.94290018081665
2023-05-11,13.75,0.23,911301.9,32908.0,22643.2,5.06,108256.0,4130.6201171875,70.87000274658203,4.94290018081665,4.929500102996826
2023-05-12,13.75,0.23,911301.9,32908.0,22643.2,5.06,108464.0,4124.080078125,70.04000091552734,4.929500102996826,4.920199871063232
2023-05-15,13.75,0.23,911301.9,32908.0,22643.2,5.06,109029.0,4136.27978515625,71.11000061035156,4.920199871063232,4.887899875640869
2023-05-16,13.75,0.23,911301.9,32908.0,22643.2,5.06,108194.0,4109.89990234375,70.86000061035156,4.887899875640869,4.93940019607544
2023-05-17,13.75,0.23,911301.9,32908.0,22643.2,5.06,109460.0,4158.77001953125,72.83000183105469,4.93940019607544,4.937699794769287
2023-05-18,13.75,0.23,911301.9,32908.0,22643.2,5.06,110108.0,4198.0498046875,71.86000061035156,4.937699794769287,4.964399814605713
2023-05-19,13.75,0.23,911301.9,32908.0,22643.2,5.06,110745.0,4191.97998046875,71.55000305175781,4.964399814605713,4.996799945831299
2023-05-22,13.75,0.23,911301.9,32908.0,22643.2,5.06,110213.0,4192.6298828125,71.98999786376953,4.996799945831299,4.966100215911865
2023-05-23,13.75,0.23,911301.9,32908.0,22643.2,5.06,109929.0,4145.580078125,72.91000366210938,4.966100215911865,4.971199989318848
2023-05-24,13.75,0.23,911301.9,32908.0,22643.2,5.06,108800.0,4115.240234375,74.33999633789062,4.971199989318848,4.958600044250488
2023-05-25,13.75,0.23,911301.9,32908.0,22643.2,5.06,110054.0,4151.27978515625,71.83000183105469,4.958600044250488,5.035200119018555
2023-05-26,13.75,0.23,911301.9,32908.0,22643.2,5.06,110906.0,4205.4501953125,72.66999816894531,5.035200119018555,4.992800235748291
2023-05-29,13.75,0.23,911301.9,32908.0,22643.2,5.06,110333.0,4205.485107421875,71.06499862670898,4.992800235748291,5.018099784851074
2023-05-30,13.75,0.23,911301.9,32908.0,22643.2,5.06,108967.0,4205.52001953125,69.45999908447266,5.018099784851074,5.034800052642822
2023-05-31,13.75,0.23,911301.9,32908.0,22643.2,5.06,108335.0,4179.830078125,68.08999633789062,5.034800052642822,5.054800033569336
2023-06-01,13.75,-0.08,905626.5,29869.6,20570.9,5.08,110565.0,4221.02001953125,70.0999984741211,5.054800033569336,5.0131001472473145
2023-06-02,13.75,-0.08,905626.5,29869.6,20570.9,5.08,112558.0,4282.3701171875,71.73999786376953,5.0131001472473145,4.956600189208984
2023-06-05,13.75,-0.08,905626.5,29869.6,20570.9,5.08,112696.0,4273.7900390625,72.1500015258789,4.956600189208984,4.925600051879883
2023-06-06,13.75,-0.08,905626.5,29869.6,20570.9,5.08,114610.0,4283.85009765625,71.73999786376953,4.925600051879883,4.912000179290772
2023-06-07,13.75,-0.08,905626.5,29869.6,20570.9,5.08,115488.0,4267.52001953125,72.52999877929688,4.912000179290772,4.922399997711182
2023-06-08,13.75,-0.08,905626.5,29869.6,20570.9,5.08,116253.5,4293.93017578125,71.29000091552734,4.922399997711182,4.922100067138672
2023-06-09,13.75,-0.08,905626.5,29869.6,20570.9,5.08,117019.0,4298.85986328125,70.16999816894531,4.922100067138672,4.877900123596191
2023-06-12,13.75,-0.08,905626.5,29869.6,20570.9,5.08,117336.0,4338.93017578125,67.12000274658203,4.877900123596191,4.860599994659424
2023-06-13,13.75,-0.08,905626.5,29869.6,20570.9,5.08,116743.0,4369.009765625,69.41999816894531,4.860599994659424,4.861000061035156
2023-06-14,13.75,-0.08,905626.5,29869.6,20570.9,5.08,119069.0,4372.58984375,68.2699966430664,4.861000061035156,4.815000057220459
2023-06-15,13.75,-0.08,905626.5,29869.6,20570.9,5.08,119221.0,4425.83984375,70.62000274658203,4.815000057220459,4.809199810028076
2023-06-16,13.75,-0.08,905626.5,29869.6,20570.9,5.08,118758.0,4409.58984375,71.77999877929688,4.809199810028076,4.807000160217285
2023-06-19,13.75,-0.08,905626.5,29869.6,20570.9,5.08,119858.0,4399.14990234375,71.13999938964844,4.807000160217285,4.776899814605713
2023-06-20,13.75,-0.08,905626.5,29869.6,20570.9,5.08,119622.0,4388.7099609375,70.5,4.776899814605713,4.789299964904785
2023-06-21,13.75,-0.08,905626.5,29869.6,20570.9,5.08,120420.0,4365.68994140625,72.52999877929688,4.789299964904785,4.76230001449585
2023-06-22,13.75,-0.08,905626.5,29869.6,20570.9,5.08,118934.0,4381.89013671875,69.51000213623047,4.76230001449585,4.7697367668151855
2023-06-23,13.75,-0.08,905626.5,29869.6,20570.9,5.08,118977.0,4348.330078125,69.16000366210938,4.7697367668151855,4.7855000495910645
2023-06-26,13.75,-0.08,905626.5,29869.6,20570.9,5.08,118243.0,4328.81982421875,69.37000274658203,4.7855000495910645,4.767300128936768
2023-06-27,13.75,-0.08,905626.5,29869.6,20570.9,5.08,117523.0,4378.41015625,67.69999694824219,4.767300128936768,4.810500144958496
2023-06-28,13.75,-0.08,905626.5,29869.6,20570.9,5.08,116681.0,4376.85986328125,69.55999755859375,4.810500144958496,4.850500106811523
2023-06-29,13.75,-0.08,905626.5,29869.6,20570.9,5.08,118383.0,4396.43994140625,69.86000061035156,4.850500106811523,4.855599880218506
2023-06-30,13.75,-0.08,905626.5,29869.6,20570.9,5.08,118087.0,4450.3798828125,70.63999938964844,4.855599880218506,4.784200191497803
2023-07-03,13.75,0.12,921203.8,28501.6,20915.4,5.12,119673.0,4455.58984375,69.79000091552734,4.784200191497803,4.80649995803833
2023-07-04,13.75,0.12,921203.8,28501.6,20915.4,5.12,119076.0,4451.204833984375,70.79000091552734,4.80649995803833,4.839900016784668
2023-07-05,13.75,0.12,921203.8,28501.6,20915.4,5.12,119549.0,4446.81982421875,71.79000091552734,4.839900016784668,4.8471999168396
2023-07-06,13.75,0.12,921203.8,28501.6,20915.4,5.12,117426.0,4411.58984375,71.80000305175781,4.8471999168396,4.918700218200684
2023-07-07,13.75,0.12,921203.8,28501.6,20915.4,5.12,118898.0,4398.9501953125,73.86000061035156,4.918700218200684,4.8709001541137695
2023-07-10,13.75,0.12,921203.8,28501.6,20915.4,5.12,117942.0,4409.52978515625,72.98999786376953,4.8709001541137695,4.898200035095215
2023-07-11,13.75,0.12,921203.8,28501.6,20915.4,5.12,117220.0,4439.259765625,74.83000183105469,4.898200035095215,4.851500034332275
2023-07-12,13.75,0.12,921203.8,28501.6,20915.4,5.12,117666.0,4472.16015625,75.75,4.851500034332275,4.81689977645874
2023-07-13,13.75,0.12,921203.8,28501.6,20915.4,5.12,119264.0,4510.0400390625,76.88999938964844,4.81689977645874,4.7947998046875
2023-07-14,13.75,0.12,921203.8,28501.6,20915.4,5.12,117711.0,4505.419921875,75.41999816894531,4.7947998046875,4.788099765777588
2023-07-17,13.75,0.12,921203.8,28501.6,20915.4,5.12,118219.0,4522.7900390625,74.1500015258789,4.788099765777588,4.805799961090088
2023-07-18,13.75,0.12,921203.8,28501.6,20915.4,5.12,117841.0,4554.97998046875,75.75,4.805799961090088,4.809299945831299
2023-07-19,13.75,0.12,921203.8,28501.6,20915.4,5.12,117552.0,4565.72021484375,75.3499984741211,4.809299945831299,4.789899826049805
2023-07-20,13.75,0.12,921203.8,28501.6,20915.4,5.12,118083.0,4534.8701171875,75.62999725341797,4.789899826049805,4.796899795532227
2023-07-21,13.75,0.12,921203.8,28501.6,20915.4,5.12,120217.0,4536.33984375,77.06999969482422,4.796899795532227,4.777400016784668
2023-07-24,13.75,0.12,921203.8,28501.6,20915.4,5.12,121342.0,4554.64013671875,78.73999786376953,4.777400016784668,4.725500106811523
2023-07-25,13.75,0.12,921203.8,28501.6,20915.4,5.12,122008.0,4567.4599609375,79.62999725341797,4.725500106811523,4.748899936676025
2023-07-26,13.75,0.12,921203.8,28501.6,20915.4,5.12,122560.0,4566.75,78.77999877929688,4.748899936676025,4.736199855804443
2023-07-27,13.75,0.12,921203.8,28501.6,20915.4,5.12,119990.0,4537.41015625,80.08999633789062,4.736199855804443,4.741600036621094
2023-07-28,13.75,0.12,921203.8,28501.6,20915.4,5.12,120187.0,4582.22998046875,80.58000183105469,4.741600036621094,4.723299980163574
2023-07-31,13.75,0.12,921203.8,28501.6,20915.4,5.12,121943.0,4588.9599609375,81.80000305175781,4.723299980163574,4.724699974060059
2023-08-01,13.75,0.23,932675.1,31355.6,22515.3,5.33,121248.0,4576.72998046875,81.37000274658203,4.724699974060059,4.791999816894531
2023-08-02,13.75,0.23,932675.1,31355.6,22515.3,5.33,120859.0,4513.39013671875,79.48999786376953,4.791999816894531,4.810400009155273
2023-08-03,13.25,0.23,932675.1,31355.6,22515.3,5.33,120586.0,4501.89013671875,81.55000305175781,4.810400009155273,4.916399955749512
2023-08-04,13.25,0.23,932675.1,31355.6,22515.3,5.33,119508.0,4478.02978515625,82.81999969482422,4.916399955749512,4.88539981842041
2023-08-07,13.25,0.23,932675.1,31355.6,22515.3,5.33,119380.0,4518.43994140625,81.94000244140625,4.88539981842041,4.89900016784668
2023-08-08,13.25,0.23,932675.1,31355.6,22515.3,5.33,119090.0,4499.3798828125,82.91999816894531,4.89900016784668,4.898600101470947
2023-08-09,13.25,0.23,932675.1,31355.6,22515.3,5.33,118409.0,4467.7099609375,84.4000015258789,4.898600101470947,4.901700019836426
2023-08-10,13.25,0.23,932675.1,31355.6,22515.3,5.33,118350.0,4468.830078125,82.81999969482422,4.901700019836426,4.891499996185303
2023-08-11,13.25,0.23,932675.1,31355.6,22515.3,5.33,118065.0,4464.0498046875,83.19000244140625,4.891499996185303,4.910999774932861
2023-08-14,13.25,0.23,932675.1,31355.6,22515.3,5.33,116810.0,4489.72021484375,82.51000213623047,4.910999774932861,4.962100028991699
2023-08-15,13.25,0.23,932675.1,31355.6,22515.3,5.33,116171.0,4437.85986328125,80.98999786376953,4.962100028991699,4.983200073242188
2023-08-16,13.25,0.23,932675.1,31355.6,22515.3,5.33,115592.0,4404.330078125,79.37999725341797,4.983200073242188,4.9868998527526855
2023-08-17,13.25,0.23,932675.1,31355.6,22515.3,5.33,114982.0,4370.35986328125,80.38999938964844,4.9868998527526855,4.975500106811523
2023-08-18,13.25,0.23,932675.1,31355.6,22515.3,5.33,115409.0,4369.7099609375,81.25,4.975500106811523,4.966899871826172
2023-08-21,13.25,0.23,932675.1,31355.6,22515.3,5.33,114429.0,4399.77001953125,80.72000122070312,4.966899871826172,4.978700160980225
2023-08-22,13.25,0.23,932675.1,31355.6,22515.3,5.33,116156.0,4387.5498046875,80.3499984741211,4.978700160980225,4.937099933624268
2023-08-23,13.25,0.23,932675.1,31355.6,22515.3,5.33,118135.0,4436.009765625,78.88999938964844,4.937099933624268,4.855100154876709
2023-08-24,13.25,0.23,932675.1,31355.6,22515.3,5.33,117026.0,4376.31005859375,79.05000305175781,4.855100154876709,4.880300045013428
2023-08-25,13.25,0.23,932675.1,31355.6,22515.3,5.33,115837.0,4405.7099609375,79.83000183105469,4.880300045013428,4.870399951934815
2023-08-28,13.25,0.23,932675.1,31355.6,22515.3,5.33,117121.0,4433.31005859375,80.0999984741211,4.870399951934815,4.872600078582764
2023-08-29,13.25,0.23,932675.1,31355.6,22515.3,5.33,118404.0,4497.6298828125,81.16000366210938,4.872600078582764,4.85129976272583
2023-08-30,13.25,0.23,932675.1,31355.6,22515.3,5.33,117535.0,4514.8701171875,81.62999725341797,4.85129976272583,4.888400077819824
2023-08-31,13.25,0.23,932675.1,31355.6,22515.3,5.33,115742.0,4507.66015625,83.62999725341797,4.888400077819824,4.953800201416016
2023-09-01,13.25,0.26,915566.6,28912.4,20436.2,5.33,117893.0,4515.77001953125,85.55000305175781,4.953800201416016,4.97629976272583
2023-09-04,13.25,0.26,915566.6,28912.4,20436.2,5.33,117777.0,4506.300048828125,86.12000274658203,4.97629976272583,4.936200141906738
2023-09-05,13.25,0.26,915566.6,28912.4,20436.2,5.33,117331.0,4496.830078125,86.69000244140625,4.936200141906738,4.966700077056885
2023-09-06,13.25,0.26,915566.6,28912.4,20436.2,5.33,115985.0,4465.47998046875,87.54000091552734,4.966700077056885,4.977000236511231
2023-09-07,13.25,0.26,915566.6,28912.4,20436.2,5.33,115649.0,4451.14013671875,86.87000274658203,4.977000236511231,4.976099967956543
2023-09-08,13.25,0.26,915566.6,28912.4,20436.2,5.33,115313.0,4457.490234375,87.51000213623047,4.976099967956543,4.982999801635742
2023-09-11,13.25,0.26,915566.6,28912.4,20436.2,5.33,116883.0,4487.4599609375,87.29000091552734,4.982999801635742,4.929399967193604
2023-09-12,13.25,0.26,915566.6,28912.4,20436.2,5.33,117968.0,4461.89990234375,88.83999633789062,4.929399967193604,4.946599960327148
2023-09-13,13.25,0.26,915566.6,28912.4,20436.2,5.33,118176.0,4467.43994140625,88.5199966430664,4.946599960327148,4.91540002822876
2023-09-14,13.25,0.26,915566.6,28912.4,20436.2,5.33,119392.0,4505.10009765625,90.16000366210938,4.91540002822876,4.868199825286865
2023-09-15,13.25,0.26,915566.6,28912.4,20436.2,5.33,118758.0,4450.31982421875,90.7699966430664,4.868199825286865,4.867000102996826
2023-09-18,13.25,0.26,915566.6,28912.4,20436.2,5.33,118288.0,4453.52978515625,91.4800033569336,4.867000102996826,4.853700160980225
2023-09-19,13.25,0.26,915566.6,28912.4,20436.2,5.33,117846.0,4443.9501953125,91.1999969482422,4.853700160980225,4.865799903869629
2023-09-20,13.25,0.26,915566.6,28912.4,20436.2,5.33,118695.0,4402.2001953125,90.27999877929688,4.865799903869629,4.878799915313721
2023-09-21,12.75,0.26,915566.6,28912.4,20436.2,5.33,116145.0,4330.0,89.62999725341797,4.878799915313721,4.934899806976318
2023-09-22,12.75,0.26,915566.6,28912.4,20436.2,5.33,116009.0,4320.06005859375,90.02999877929688,4.934899806976318,4.933899879455566
2023-09-25,12.75,0.26,915566.6,28912.4,20436.2,5.33,115925.0,4337.43994140625,89.68000030517578,4.933899879455566,4.968299865722656
2023-09-26,12.75,0.26,915566.6,28912.4,20436.2,5.33,114193.0,4273.52978515625,90.38999938964844,4.968299865722656,4.986199855804443
2023-09-27,12.75,0.26,915566.6,28912.4,20436.2,5.33,114327.0,4274.509765625,93.68000030517578,4.986199855804443,5.042200088500977
2023-09-28,12.75,0.26,915566.6,28912.4,20436.2,5.33,115731.0,4299.7001953125,91.70999908447266,5.042200088500977,5.032800197601318
2023-09-29,12.75,0.26,915566.6,28912.4,20436.2,5.33,116565.0,4288.0498046875,90.79000091552734,5.032800197601318,5.042799949645996
2023-10-02,12.75,0.24,952762.1,29809.3,21220.1,5.33,115057.0,4288.39013671875,88.81999969482422,5.042799949645996,5.061500072479248
2023-10-03,12.75,0.24,952762.1,29809.3,21220.1,5.33,113419.0,4229.4501953125,89.2300033569336,5.061500072479248,5.166299819946289
2023-10-04,12.75,0.24,952762.1,29809.3,21220.1,5.33,113607.0,4263.75,84.22000122070312,5.166299819946289,5.154600143432617
2023-10-05,12.75,0.24,952762.1,29809.3,21220.1,5.33,113284.0,4258.18994140625,82.30999755859375,5.154600143432617,5.164999961853027
2023-10-06,12.75,0.24,952762.1,29809.3,21220.1,5.33,114170.0,4308.5,82.79000091552734,5.164999961853027,5.145699977874756
2023-10-09,12.75,0.24,952762.1,29809.3,21220.1,5.33,115156.0,4335.66015625,86.37999725341797,5.145699977874756,5.135200023651123
2023-10-10,12.75,0.24,952762.1,29809.3,21220.1,5.33,116737.0,4358.240234375,85.97000122070312,5.135200023651123,5.051000118255615
2023-10-11,12.75,0.24,952762.1,29809.3,21220.1,5.33,117051.0,4376.9501953125,83.48999786376953,5.051000118255615,5.049600124359131
2023-10-12,12.75,0.24,952762.1,29809.3,21220.1,5.33,116402.5,4349.60986328125,82.91000366210938,5.049600124359131,5.045899868011475
2023-10-13,12.75,0.24,952762.1,29809.3,21220.1,5.33,115754.0,4327.77978515625,87.69000244140625,5.045899868011475,5.048200130462647
2023-10-16,12.75,0.24,952762.1,29809.3,21220.1,5.33,116534.0,4373.6298828125,86.66000366210938,5.048200130462647,5.037600040435791
2023-10-17,12.75,0.24,952762.1,29809.3,21220.1,5.33,115908.0,4373.2001953125,86.66000366210938,5.037600040435791,5.037399768829346
2023-10-18,12.75,0.24,952762.1,29809.3,21220.1,5.33,114060.0,4314.60009765625,88.31999969482422,5.037399768829346,5.056099891662598
2023-10-19,12.75,0.24,952762.1,29809.3,21220.1,5.33,114004.0,4278.0,89.37000274658203,5.056099891662598,5.062900066375732
2023-10-20,12.75,0.24,952762.1,29809.3,21220.1,5.33,113155.0,4224.16015625,88.75,5.062900066375732,5.031300067901611
2023-10-23,12.75,0.24,952762.1,29809.3,21220.1,5.33,112785.0,4217.0400390625,85.48999786376953,5.031300067901611,5.01230001449585
2023-10-24,12.75,0.24,952762.1,29809.3,21220.1,5.33,113762.0,4247.68017578125,83.73999786376953,5.01230001449585,4.991000175476074
2023-10-25,12.75,0.24,952762.1,29809.3,21220.1,5.33,112830.0,4186.77001953125,85.38999938964844,4.991000175476074,4.994699954986572
2023-10-26,12.75,0.24,952762.1,29809.3,21220.1,5.33,114777.0,4137.22998046875,83.20999908447266,4.994699954986572,4.985300064086914
2023-10-27,12.75,0.24,952762.1,29809.3,21220.1,5.33,113301.0,4117.3701171875,85.54000091552734,4.985300064086914,4.952030181884766
2023-10-30,12.75,0.24,952762.1,29809.3,21220.1,5.33,112532.0,4166.81982421875,82.30999755859375,4.952030181884766,5.04610013961792
2023-10-31,12.75,0.24,952762.1,29809.3,21220.1,5.33,113144.0,4193.7998046875,81.0199966430664,5.04610013961792,5.03410005569458
2023-11-01,12.75,0.28,961731.9,28089.7,20090.3,5.33,115053.0,4237.85986328125,80.44000244140625,5.03410005569458,4.953700065612793
2023-11-02,12.25,0.28,961731.9,28089.7,20090.3,5.33,116606.5,4317.77978515625,82.45999908447266,4.953700065612793,4.952899932861328
2023-11-03,12.25,0.28,961731.9,28089.7,20090.3,5.33,118160.0,4358.33984375,80.51000213623047,4.952899932861328,4.899199962615967
2023-11-06,12.25,0.28,961731.9,28089.7,20090.3,5.33,118487.0,4365.97998046875,80.81999969482422,4.899199962615967,4.884099960327148
2023-11-07,12.25,0.28,961731.9,28089.7,20090.3,5.33,119268.0,4378.3798828125,77.37000274658203,4.884099960327148,4.871500015258789
2023-11-08,12.25,0.28,961731.9,28089.7,20090.3,5.33,119099.0,4382.77978515625,75.33000183105469,4.871500015258789,4.909299850463867
2023-11-09,12.25,0.28,961731.9,28089.7,20090.3,5.33,119012.0,4347.35009765625,75.73999786376953,4.909299850463867,4.933899879455566
2023-11-10,12.25,0.28,961731.9,28089.7,20090.3,5.33,120636.0,4415.240234375,77.16999816894531,4.933899879455566,4.893379211425781
2023-11-13,12.25,0.28,961731.9,28089.7,20090.3,5.33,120376.0,4411.5498046875,78.26000213623047,4.893379211425781,4.906199932098389
2023-11-14,12.25,0.28,961731.9,28089.7,20090.3,5.33,123328.0,4495.7001953125,78.26000213623047,4.906199932098389,4.864500045776367
2023-11-15,12.25,0.28,961731.9,28089.7,20090.3,5.33,123952.0,4502.8798828125,76.66000366210938,4.864500045776367,4.860899925231934
2023-11-16,12.25,0.28,961731.9,28089.7,20090.3,5.33,124576.0,4508.240234375,72.9000015258789,4.860899925231934,4.862199783325195
2023-11-17,12.25,0.28,961731.9,28089.7,20090.3,5.33,125062.0,4514.02001953125,75.88999938964844,4.862199783325195,4.819177150726318
2023-11-20,12.25,0.28,961731.9,28089.7,20090.3,5.33,126095.0,4547.3798828125,77.5999984741211,4.819177150726318,4.851799964904785
2023-11-21,12.25,0.28,961731.9,28089.7,20090.3,5.33,125607.0,4538.18994140625,77.7699966430664,4.851799964904785,4.8993000984191895
2023-11-22,12.25,0.28,961731.9,28089.7,20090.3,5.33,126035.0,4556.6201171875,77.0999984741211,4.8993000984191895,4.9054999351501465
2023-11-23,12.25,0.28,961731.9,28089.7,20090.3,5.33,126576.0,4557.97998046875,76.31999969482422,4.9054999351501465,4.902500152587891
2023-11-24,12.25,0.28,961731.9,28089.7,20090.3,5.33,125542.0,4559.33984375,75.54000091552734,4.902500152587891,4.900899887084961
2023-11-27,12.25,0.28,961731.9,28089.7,20090.3,5.33,125683.0,4550.43017578125,74.86000061035156,4.900899887084961,4.895500183105469
2023-11-28,12.25,0.28,961731.9,28089.7,20090.3,5.33,126538.0,4554.89013671875,76.41000366210938,4.895500183105469,4.869800090789795
2023-11-29,12.25,0.28,961731.9,28089.7,20090.3,5.33,126101.0,4550.580078125,77.86000061035156,4.869800090789795,4.904099941253662
2023-11-30,12.25,0.28,961731.9,28089.7,20090.3,5.33,127331.0,4567.7998046875,75.95999908447266,4.904099941253662,4.923099994659424
2023-12-01,12.25,0.56,950807.2,28946.5,20364.7,5.33,128103.0,4594.6298828125,74.06999969482422,4.923099994659424,4.902159214019775
2023-12-04,12.25,0.56,950807.2,28946.5,20364.7,5.33,126803.0,4569.77978515625,73.04000091552734,4.902159214019775,4.9430999755859375
2023-12-05,12.25,0.56,950807.2,28946.5,20364.7,5.33,126903.0,4567.18017578125,72.31999969482422,4.9430999755859375,4.927700042724609
2023-12-06,12.25,0.56,950807.2,28946.5,20364.7,5.33,125623.0,4549.33984375,69.37999725341797,4.927700042724609,4.901199817657471
2023-12-07,12.25,0.56,950807.2,28946.5,20364.7,5.33,126010.0,4585.58984375,69.33999633789062,4.901199817657471,4.910099983215332
2023-12-08,12.25,0.56,950807.2,28946.5,20364.7,5.33,127094.0,4604.3701171875,71.2300033569336,4.910099983215332,4.893286228179932
2023-12-11,12.25,0.56,950807.2,28946.5,20364.7,5.33,126916.0,4622.43994140625,71.31999969482422,4.893286228179932,4.936699867248535
2023-12-12,12.25,0.56,950807.2,28946.5,20364.7,5.33,126403.0,4643.7001953125,68.61000061035156,4.936699867248535,4.964499950408936
2023-12-13,12.25,0.56,950807.2,28946.5,20364.7,5.33,129465.0,4707.08984375,69.47000122070312,4.964499950408936,4.918399810791016
2023-12-14,11.75,0.56,950807.2,28946.5,20364.7,5.33,130842.0,4719.5498046875,71.58000183105469,4.918399810791016,4.914599895477295
2023-12-15,11.75,0.56,950807.2,28946.5,20364.7,5.33,130197.0,4719.18994140625,71.43000030517578,4.914599895477295,4.919657230377197
2023-12-18,11.75,0.56,950807.2,28946.5,20364.7,5.33,131084.0,4740.56005859375,72.47000122070312,4.919657230377197,4.895899772644043
2023-12-19,11.75,0.56,950807.2,28946.5,20364.7,5.33,131851.0,4768.3701171875,73.44000244140625,4.895899772644043,4.866499900817871
2023-12-20,11.75,0.56,950807.2,28946.5,20364.7,5.33,130804.0,4698.35009765625,74.22000122070312,4.866499900817871,4.914599895477295
2023-12-21,11.75,0.56,950807.2,28946.5,20364.7,5.33,132182.0,4746.75,73.88999938964844,4.914599895477295,4.881800174713135
2023-12-22,11.75,0.56,950807.2,28946.5,20364.7,5.33,132753.0,4754.6298828125,73.55999755859375,4.881800174713135,4.86984395980835
2023-12-25,11.75,0.56,950807.2,28946.5,20364.7,5.33,133143.0,4764.68994140625,74.56499862670898,4.86984395980835,4.869743824005127
2023-12-26,11.75,0.56,950807.2,28946.5,20364.7,5.33,133533.0,4774.75,75.56999969482422,4.869743824005127,4.813499927520752
2023-12-27,11.75,0.56,950807.2,28946.5,20364.7,5.33,134194.0,4781.580078125,74.11000061035156,4.813499927520752,4.826099872589111
2023-12-28,11.75,0.56,950807.2,28946.5,20364.7,5.33,134185.0,4783.35009765625,71.7699966430664,4.826099872589111,4.850200176239014
2023-12-29,11.75,0.56,950807.2,28946.5,20364.7,5.33,133689.0,4769.830078125,71.6500015258789,4.850200176239014,4.850500106811523
2024-01-01,11.75,0.42,891994.1,26961.9,21399.1,5.33,133193.0,4756.330078125,71.01499938964844,4.850500106811523,4.852399826049805
2024-01-02,11.75,0.42,891994.1,26961.9,21399.1,5.33,132697.0,4742.830078125,70.37999725341797,4.852399826049805,4.922500133514404
2024-01-03,11.75,0.42,891994.1,26961.9,21399.1,5.33,132834.0,4704.81005859375,72.69999694824219,4.922500133514404,4.9191999435424805
2024-01-04,11.75,0.42,891994.1,26961.9,21399.1,5.33,131226.0,4688.68017578125,72.19000244140625,4.9191999435424805,4.895599842071533
2024-01-05,11.75,0.42,891994.1,26961.9,21399.1,5.33,132023.0,4697.240234375,73.80999755859375,4.895599842071533,4.8606672286987305
2024-01-08,11.75,0.42,891994.1,26961.9,21399.1,5.33,132427.0,4763.5400390625,70.7699966430664,4.8606672286987305,4.86899995803833
2024-01-09,11.75,0.42,891994.1,26961.9,21399.1,5.33,131447.0,4756.5,72.23999786376953,4.86899995803833,4.905099868774414
2024-01-10,11.75,0.42,891994.1,26961.9,21399.1,5.33,130841.0,4783.4501953125,71.37000274658203,4.905099868774414,4.89139986038208
2024-01-11,11.75,0.42,891994.1,26961.9,21399.1,5.33,130649.0,4780.240234375,72.0199966430664,4.89139986038208,4.869699954986572
2024-01-12,11.75,0.42,891994.1,26961.9,21399.1,5.33,130988.0,4783.830078125,72.68000030517578,4.869699954986572,4.85290002822876
2024-01-15,11.75,0.42,891994.1,26961.9,21399.1,5.33,131521.0,4774.905029296875,72.54000091552734,4.85290002822876,4.862199783325195
2024-01-16,11.75,0.42,891994.1,26961.9,21399.1,5.33,129294.0,4765.97998046875,72.4000015258789,4.862199783325195,4.924900054931641
2024-01-17,11.75,0.42,891994.1,26961.9,21399.1,5.33,128524.0,4739.2099609375,72.55999755859375,4.924900054931641,4.934000015258789
2024-01-18,11.75,0.42,891994.1,26961.9,21399.1,5.33,127316.0,4780.93994140625,74.08000183105469,4.934000015258789,4.92609977722168
2024-01-19,11.75,0.42,891994.1,26961.9,21399.1,5.33,127636.0,4839.81005859375,73.41000366210938,4.92609977722168,4.904642105102539
2024-01-22,11.75,0.42,891994.1,26961.9,21399.1,5.33,126602.0,4850.43017578125,75.19000244140625,4.904642105102539,4.98829984664917
2024-01-23,11.75,0.42,891994.1,26961.9,21399.1,5.33,128263.0,4864.60009765625,74.37000274658203,4.98829984664917,4.952199935913086
2024-01-24,11.75,0.42,891994.1,26961.9,21399.1,5.33,127816.0,4868.5498046875,75.08999633789062,4.952199935913086,4.932499885559082
2024-01-25,11.75,0.42,891994.1,26961.9,21399.1,5.33,128169.0,4894.16015625,77.36000061035156,4.932499885559082,4.915800094604492
2024-01-26,11.75,0.42,891994.1,26961.9,21399.1,5.33,128967.0,4890.97021484375,78.01000213623047,4.915800094604492,4.913599967956543
2024-01-29,11.75,0.42,891994.1,26961.9,21399.1,5.33,128503.0,4927.93017578125,76.77999877929688,4.913599967956543,4.950200080871582
2024-01-30,11.75,0.42,891994.1,26961.9,21399.1,5.33,127402.0,4924.97021484375,77.81999969482422,4.950200080871582,4.950300216674805
2024-01-31,11.75,0.42,891994.1,26961.9,21399.1,5.33,127752.0,4845.64990234375,75.8499984741211,4.950300216674805,4.951900005340576
2024-02-01,11.25,0.83,903493.8,23587.7,19200.9,5.33,128481.0,4906.18994140625,73.81999969482422,4.951900005340576,4.914999961853027
2024-02-02,11.25,0.83,903493.8,23587.7,19200.9,5.33,127182.0,4958.60986328125,72.27999877929688,4.914999961853027,4.932938098907471
2024-02-05,11.25,0.83,903493.8,23587.7,19200.9,5.33,127593.0,4942.81005859375,72.77999877929688,4.932938098907471,4.949943065643311
2024-02-06,11.25,0.83,903493.8,23587.7,19200.9,5.33,130416.0,4954.22998046875,73.30999755859375,4.949943065643311,4.962299823760986
2024-02-07,11.25,0.83,903493.8,23587.7,19200.9,5.33,129608.0,4995.06005859375,73.86000061035156,4.962299823760986,4.969299793243408
2024-02-08,11.25,0.83,903493.8,23587.7,19200.9,5.33,128217.0,4997.91015625,76.22000122070312,4.969299793243408,4.991899967193604
2024-02-09,11.25,0.83,903493.8,23587.7,19200.9,5.33,128026.0,5026.60986328125,76.83999633789062,4.991899967193604,4.953100204467773
2024-02-12,11.25,0.83,903493.8,23587.7,19200.9,5.33,127690.0,5021.83984375,76.91999816894531,4.953100204467773,4.952199935913086
2024-02-13,11.25,0.83,903493.8,23587.7,19200.9,5.33,127354.0,4953.169921875,77.87000274658203,4.952199935913086,4.952000141143799
2024-02-14,11.25,0.83,903493.8,23587.7,19200.9,5.33,127018.0,5000.6201171875,76.63999938964844,4.952000141143799,4.968299865722656
2024-02-15,11.25,0.83,903493.8,23587.7,19200.9,5.33,127804.0,5029.72998046875,78.02999877929688,4.968299865722656,4.972400188446045
2024-02-16,11.25,0.83,903493.8,23587.7,19200.9,5.33,128726.0,5005.56982421875,79.19000244140625,4.972400188446045,4.965099811553955
2024-02-19,11.25,0.83,903493.8,23587.7,19200.9,5.33,129036.0,4990.539794921875,78.68500137329102,4.965099811553955,4.956399917602539
2024-02-20,11.25,0.83,903493.8,23587.7,19200.9,5.33,129916.0,4975.509765625,78.18000030517578,4.956399917602539,4.926400184631348
2024-02-21,11.25,0.83,903493.8,23587.7,19200.9,5.33,130032.0,4981.7998046875,77.91000366210938,4.926400184631348,4.934899806976318
2024-02-22,11.25,0.83,903493.8,23587.7,19200.9,5.33,130241.0,5087.02978515625,78.61000061035156,4.934899806976318,4.962399959564209
2024-02-23,11.25,0.83,903493.8,23587.7,19200.9,5.33,129419.0,5088.7998046875,76.48999786376953,4.962399959564209,4.993500232696533
2024-02-26,11.25,0.83,903493.8,23587.7,19200.9,5.33,129609.0,5069.52978515625,77.58000183105469,4.993500232696533,4.978899955749512
2024-02-27,11.25,0.83,903493.8,23587.7,19200.9,5.33,131689.0,5078.18017578125,78.87000274658203,4.978899955749512,4.932400226593018
2024-02-28,11.25,0.83,903493.8,23587.7,19200.9,5.33,130155.0,5069.759765625,78.54000091552734,4.932400226593018,4.967299938201904
2024-02-29,11.25,0.83,903493.8,23587.7,19200.9,5.33,129020.0,5096.27001953125,78.26000213623047,4.967299938201904,4.969799995422363
2024-03-01,11.25,0.16,969344.9,27959.0,21606.9,5.33,129180.0,5137.080078125,79.97000122070312,4.969799995422363,4.952700138092041
2024-03-04,11.25,0.16,969344.9,27959.0,21606.9,5.33,128341.0,5130.9501953125,78.73999786376953,4.952700138092041,4.944900035858154
2024-03-05,11.25,0.16,969344.9,27959.0,21606.9,5.33,128098.0,5078.64990234375,78.1500015258789,4.944900035858154,4.957099914550781
2024-03-06,11.25,0.16,969344.9,27959.0,21606.9,5.33,128890.0,5104.759765625,79.12999725341797,4.957099914550781,4.943600177764893
2024-03-07,11.25,0.16,969344.9,27959.0,21606.9,5.33,128340.0,5157.35986328125,78.93000030517578,4.943600177764893,4.933800220489502
2024-03-08,11.25,0.16,969344.9,27959.0,21606.9,5.33,127071.0,5123.68994140625,78.01000213623047,4.933800220489502,4.977540016174316
2024-03-11,11.25,0.16,969344.9,27959.0,21606.9,5.33,126124.0,5117.93994140625,77.93000030517578,4.977540016174316,4.977399826049805
2024-03-12,11.25,0.16,969344.9,27959.0,21606.9,5.33,127668.0,5175.27001953125,77.55999755859375,4.977399826049805,4.968699932098389
2024-03-13,11.25,0.16,969344.9,27959.0,21606.9,5.33,128006.0,5165.31005859375,79.72000122070312,4.968699932098389,4.969200134277344
2024-03-14,11.25,0.16,969344.9,27959.0,21606.9,5.33,127690.0,5150.47998046875,81.26000213623047,4.969200134277344,4.992700099945068
2024-03-15,11.25,0.16,969344.9,27959.0,21606.9,5.33,126742.0,5117.08984375,81.04000091552734,4.992700099945068,4.968047142028809
2024-03-18,11.25,0.16,969344.9,27959.0,21606.9,5.33,126954.0,5149.419921875,82.72000122070312,4.968047142028809,5.029399871826172
2024-03-19,11.25,0.16,969344.9,27959.0,21606.9,5.33,127529.0,5178.509765625,83.47000122070312,5.029399871826172,5.03000020980835
2024-03-20,11.25,0.16,969344.9,27959.0,21606.9,5.33,129125.0,5224.6201171875,81.68000030517578,5.03000020980835,4.96619987487793
2024-03-21,10.75,0.16,969344.9,27959.0,21606.9,5.33,128159.0,5241.52978515625,81.06999969482422,4.96619987487793,4.974500179290772
2024-03-22,10.75,0.16,969344.9,27959.0,21606.9,5.33,127027.0,5234.18017578125,80.62999725341797,4.974500179290772,5.000899791717529
2024-03-25,10.75,0.16,969344.9,27959.0,21606.9,5.33,126931.0,5218.18994140625,81.94999694824219,5.000899791717529,4.9721999168396
2024-03-26,10.75,0.16,969344.9,27959.0,21606.9,5.33,126863.0,5203.580078125,81.62000274658203,4.9721999168396,4.9756999015808105
2024-03-27,10.75,0.16,969344.9,27959.0,21606.9,5.33,127691.0,5248.490234375,81.3499984741211,4.9756999015808105,4.990300178527832
2024-03-28,10.75,0.16,969344.9,27959.0,21606.9,5.33,128106.0,5254.35009765625,83.16999816894531,4.990300178527832,5.014100074768066
2024-03-29,10.75,0.16,969344.9,27959.0,21606.9,5.33,127548.0,5249.06005859375,83.43999862670898,5.014100074768066,5.013199806213379
2024-04-01,10.75,0.38,992715.9,30643.3,22845.0,5.33,126990.0,5243.77001953125,83.70999908447266,5.013199806213379,5.053599834442139
2024-04-02,10.75,0.38,992715.9,30643.3,22845.0,5.33,127549.0,5205.81005859375,85.1500015258789,5.053599834442139,5.06440019607544
2024-04-03,10.75,0.38,992715.9,30643.3,22845.0,5.33,127318.0,5211.490234375,85.43000030517578,5.06440019607544,5.038599967956543
2024-04-04,10.75,0.38,992715.9,30643.3,22845.0,5.33,127428.0,5147.2099609375,86.58999633789062,5.038599967956543,5.057400226593018
2024-04-05,10.75,0.38,992715.9,30643.3,22845.0,5.33,126795.0,5204.33984375,86.91000366210938,5.057400226593018,5.054900169372559
2024-04-08,10.75,0.38,992715.9,30643.3,22845.0,5.33,128857.0,5202.39013671875,86.43000030517578,5.054900169372559,5.023900032043457
2024-04-09,10.75,0.38,992715.9,30643.3,22845.0,5.33,129890.0,5209.91015625,85.2300033569336,5.023900032043457,5.007599830627441
2024-04-10,10.75,0.38,992715.9,30643.3,22845.0,5.33,128054.0,5160.64013671875,86.20999908447266,5.007599830627441,5.066199779510498
2024-04-11,10.75,0.38,992715.9,30643.3,22845.0,5.33,127396.0,5199.06005859375,85.0199966430664,5.066199779510498,5.090400218963623
2024-04-12,10.75,0.38,992715.9,30643.3,22845.0,5.33,125946.0,5123.41015625,85.66000366210938,5.090400218963623,5.117099761962891
2024-04-15,10.75,0.38,992715.9,30643.3,22845.0,5.33,125334.0,5061.81982421875,85.41000366210938,5.117099761962891,5.183700084686279
2024-04-16,10.75,0.38,992715.9,30643.3,22845.0,5.33,124389.0,5051.41015625,85.36000061035156,5.183700084686279,5.2855000495910645
2024-04-17,10.75,0.38,992715.9,30643.3,22845.0,5.33,124171.0,5022.2099609375,82.69000244140625,5.2855000495910645,5.232600212097168
2024-04-18,10.75,0.38,992715.9,30643.3,22845.0,5.33,124196.0,5011.1201171875,82.7300033569336,5.232600212097168,5.241700172424316
2024-04-19,10.75,0.38,992715.9,30643.3,22845.0,5.33,125124.0,4967.22998046875,83.13999938964844,5.241700172424316,5.206200122833252
2024-04-22,10.75,0.38,992715.9,30643.3,22845.0,5.33,125573.0,5010.60009765625,82.8499984741211,5.206200122833252,5.1656999588012695
2024-04-23,10.75,0.38,992715.9,30643.3,22845.0,5.33,125148.0,5070.5498046875,83.36000061035156,5.1656999588012695,5.130499839782715
2024-04-24,10.75,0.38,992715.9,30643.3,22845.0,5.33,124741.0,5071.6298828125,82.80999755859375,5.130499839782715,5.145500183105469
