Data,Real,Previsto,Residuo
2016-05-02,3.496500015258789,3.4243066530228434,0.07219336223594564
2016-05-03,3.5548999309539795,3.487750761363124,0.0671491695908557
2016-05-04,3.545399904251098,3.545103639489593,0.0002962647615052383
2016-05-05,3.533099889755249,3.5360930854094748,-0.002993195654225733
2016-05-06,3.499000072479248,3.5239122501747095,-0.0249121776954615
2016-05-09,3.513000011444092,3.4908190663711265,0.022180945072965308
2016-05-10,3.470400094985962,3.503448914013154,-0.033048819027192256
2016-05-11,3.447000026702881,3.4615480069527536,-0.014547980249872694
2016-05-12,3.477099895477295,3.4382558970839696,0.03884399839332531
2016-05-13,3.5302000045776367,3.468624835652415,0.061575168925221746
2016-05-16,3.494499921798706,3.520648943169309,-0.02614902137060282
2016-05-17,3.4860999584198,3.4859421682268623,0.0001577901929374903
2016-05-18,3.558500051498413,3.477813667613802,0.08068638388461125
2016-05-19,3.5608999729156494,3.5492724610344943,0.011627511881155073
2016-05-20,3.557300090789795,3.5518302422628416,0.005469848526953314
2016-05-23,3.566499948501587,3.5484396345817544,0.018060313919832538
2016-05-24,3.567300081253052,3.557346048370512,0.009954032882540265
2016-05-25,3.576900005340576,3.5579247280740356,0.01897527726654058
2016-05-26,3.58270001411438,3.5674784207433805,0.015221593370999376
2016-05-27,3.6089000701904297,3.573274564981144,0.035625505209285535
2016-05-30,3.567399978637696,3.599110271479069,-0.031710292841372834
2016-05-31,3.583199977874756,3.558511837452754,0.024688140422001847
2016-06-01,3.5910000801086426,3.579479847313673,0.011520232794969498
2016-06-02,3.5801000595092773,3.586727139273803,-0.00662707976452559
2016-06-03,3.524499893188477,3.5757514007666105,-0.05125150757813346
2016-06-06,3.484499931335449,3.5209760206497394,-0.03647608931429014
2016-06-07,3.434900045394897,3.481508046727086,-0.04660800133218901
2016-06-08,3.3575000762939453,3.4320710815344837,-0.07457100524053839
2016-06-09,3.395900011062622,3.356225818918303,0.03967419214431889
2016-06-10,3.415800094604492,3.394996567545723,0.020803527058768978
2016-06-13,3.477299928665161,3.4145396422434313,0.06276028642172982
2016-06-14,3.475100040435791,3.4755652449093932,-0.00046520447360220984
2016-06-15,3.469300031661988,3.4733452406293197,-0.004045208967331515
2016-06-16,3.461199998855591,3.4675991295129522,-0.006399130657361418
2016-06-17,3.412800073623657,3.459393342057673,-0.04659326843401601
2016-06-20,3.391700029373169,3.4112200816263627,-0.019520052253193754
2016-06-21,3.412100076675415,3.3902715437818047,0.02182853289361031
2016-06-22,3.374300003051758,3.4106300210422207,-0.03633001799046287
2016-06-23,3.336999893188477,3.372614691949434,-0.03561479876095719
2016-06-24,3.3677000999450684,3.3370576381714425,0.03064246177362584
2016-06-27,3.3893001079559326,3.3679039434042872,0.02139616455164539
2016-06-28,3.302500009536743,3.3885447448158814,-0.08604473527913825
2016-06-29,3.237600088119507,3.3023603986717296,-0.06476031055222276
2016-06-30,3.205899953842163,3.238359129437753,-0.03245917559558986
2016-07-01,3.230600118637085,3.205870843892787,0.024729274744297758
2016-07-04,3.2885000705718994,3.230179285890445,0.05832078468145463
2016-07-05,3.299099922180176,3.2876343746770162,0.011465547503159534
2016-07-06,3.32699990272522,3.2979126454845558,0.02908725724066441
2016-07-07,3.3610999584198,3.3255783933276266,0.03552156509217319
2016-07-08,3.2976999282836914,3.358505738978313,-0.06080581069462143
2016-07-11,3.3071999549865723,3.295805010333482,0.0113949446530901
2016-07-12,3.2934999465942383,3.304747828894252,-0.0112478823000135
2016-07-13,3.2616000175476074,3.2913434913054926,-0.02974347375788522
2016-07-14,3.2483999729156494,3.2594203306023095,-0.011020357686660098
2016-07-15,3.276599884033203,3.246363150066725,0.03023673396647819
2016-07-18,3.2493999004364014,3.273769533416212,-0.02436963297981043
2016-07-19,3.247900009155273,3.2469838989474265,0.0009161102078465433
2016-07-20,3.252700090408325,3.2455034249726715,0.007196665435653671
2016-07-21,3.2685999870300293,3.2502417396643946,0.01835824736563474
2016-07-22,3.251499891281128,3.265760139374655,-0.014260248093527217
2016-07-25,3.282099962234497,3.2491296749113046,0.032970287323192515
2016-07-26,3.2699999809265137,3.2793020972925095,-0.009302116365995872
2016-07-27,3.2585999965667725,3.267484320337082,-0.008884323770309344
2016-07-28,3.281899929046631,3.256428687934304,0.025471241112327014
2016-07-29,3.24620008468628,3.2790054161520215,-0.03280533146574127
2016-08-01,3.2583999633789062,3.2461666020807023,0.01223336129820396
2016-08-02,3.2527999877929688,3.258539181276351,-0.0057391934833823655
2016-08-03,3.234600067138672,3.252449382397874,-0.017849315259202303
2016-08-04,3.1868999004364014,3.234182895302081,-0.04728299486567966
2016-08-05,3.1607000827789307,3.187178629273697,-0.02647854649476633
2016-08-08,3.168600082397461,3.161277965642912,0.0073221167545489685
2016-08-09,3.142899990081787,3.1690529959598406,-0.02615300587805347
2016-08-10,3.1247000694274902,3.144247354450952,-0.019547285023461924
2016-08-11,3.138999938964844,3.125488299117461,0.01351163984738335
2016-08-12,3.190500020980835,3.1394523158535295,0.0510477051273055
2016-08-15,3.184799909591675,3.189588389898138,-0.004788480306463061
2016-08-16,3.201200008392334,3.184049434799525,0.017150573592808804
2016-08-17,3.2047998905181885,3.1999408735932624,0.004859016924926074
2016-08-18,3.2379000186920166,3.203379586483491,0.03452043220852552
2016-08-19,3.2044999599456787,3.235955003431922,-0.031455043486243284
2016-08-22,3.198699951171875,3.2038518391940007,-0.005151888022125739
2016-08-23,3.2355000972747803,3.197906839831705,0.03759325744307507
2016-08-24,3.223299980163574,3.234435811117351,-0.011135830953776793
2016-08-25,3.228300094604492,3.2223744033838893,0.0059256912206029355
2016-08-26,3.2641000747680664,3.227271849131167,0.03682822563689925
2016-08-29,3.22760009765625,3.2621390478939736,-0.034538950237723576
2016-08-30,3.236799955368042,3.2263220751349224,0.010477880233119574
2016-08-31,3.2260000705718994,3.2358784202114013,-0.009878349639501849
2016-09-01,3.253200054168701,3.2268353860694043,0.02636466809929683
2016-09-02,3.256099939346313,3.252809126064399,0.003290813281914051
2016-09-05,3.267199993133545,3.255653997242717,0.011545995890827943
2016-09-06,3.1963000297546387,3.2662919268460646,-0.06999189709142595
2016-09-07,3.190700054168701,3.1964291559688736,-0.005729101800172387
2016-09-08,3.214900016784668,3.190670322862344,0.024229693922324103
2016-09-09,3.271699905395508,3.2158333298625346,0.05586657553297325
2016-09-12,3.246900081634521,3.2713264922985976,-0.02442641066407658
2016-09-13,3.3141000270843506,3.2479643327366707,0.06613569434767985
2016-09-14,3.3434998989105225,3.3141337128457127,0.029366186064809785
2016-09-15,3.299799919128418,3.342583014272271,-0.04278309514385281
2016-09-16,3.265500068664551,3.3000775299889535,-0.03457746132440276
2016-09-19,3.271199941635132,3.266174945019322,0.005024996615810018
2016-09-20,3.256099939346313,3.271592305486889,-0.015492366140576141
2016-09-21,3.20959997177124,3.2561582919268215,-0.0465583201555817
2016-09-22,3.2170000076293945,3.2099828430120176,0.007017164617376892
2016-09-23,3.2432000637054443,3.2176404720844802,0.025559591620964106
2016-09-26,3.240600109100342,3.2435991300075626,-0.0029990209072208174
2016-09-27,3.232599973678589,3.2409964499246176,-0.008396476246028683
2016-09-28,3.2177999019622803,3.232385766833647,-0.014585864871366816
2016-09-29,3.259299993515014,3.2182436782446224,0.041056315270391774
2016-09-30,3.25979995727539,3.2589779586882663,0.00082199858712384
2016-10-03,3.208699941635132,3.264242853947005,-0.05554291231187314
2016-10-04,3.254499912261963,3.2140593120698293,0.04044060019213358
2016-10-05,3.2184998989105225,3.2585599697267638,-0.0400600708162413
2016-10-06,3.2272000312805176,3.2228890908580436,0.00431094042247393
2016-10-07,3.219300031661988,3.2313314254699117,-0.012031393807923507
2016-10-10,3.202699899673462,3.223223310314449,-0.020523410640987283
2016-10-11,3.1958999633789062,3.2071998757089633,-0.011299912330057005
2016-10-12,3.200700044631958,3.2005488579548818,0.00015118667707625377
2016-10-13,3.177299976348877,3.2052395554042405,-0.027939579055363595
2016-10-14,3.20199990272522,3.1819314325009853,0.020068470224234858
2016-10-17,3.204200029373169,3.2058823007207944,-0.0016822713476254414
2016-10-18,3.1816999912261963,3.207482349108539,-0.025782357882342843
2016-10-19,3.166100025177002,3.185305889687283,-0.019205864510281057
2016-10-20,3.1391000747680664,3.1705850011631207,-0.03148492639505429
2016-10-21,3.148900032043457,3.1438489439523933,0.0050510880910636935
2016-10-24,3.124500036239624,3.153522302993117,-0.029022266753492953
2016-10-25,3.1103999614715576,3.1296862316344933,-0.019286270162935715
2016-10-26,3.138799905776977,3.115928248466035,0.022871657310941984
2016-10-27,3.165299892425537,3.1436398136958195,0.021660078729717647
2016-10-28,3.2030999660491943,3.169823038032252,0.033276928016942264
2016-10-31,3.198199987411499,3.2069484807527866,-0.008748493341287578
2016-11-01,3.235100030899048,3.2010721732044924,0.03402785769455541
2016-11-02,3.2525999546051025,3.237924638684547,0.014675315920555487
2016-11-03,3.2583999633789062,3.255601667375434,0.002798296003472256
2016-11-04,3.232300043106079,3.2614534829281014,-0.029153439822022342
2016-11-07,3.200900077819824,3.234444779039663,-0.03354470121983866
2016-11-08,3.168100118637085,3.203467090823092,-0.03536697218600704
2016-11-09,3.2330000400543213,3.1714980570660942,0.061501982988227066
2016-11-10,3.3956000804901123,3.236341580875142,0.15925849961497018
2016-11-11,3.390000104904175,3.397330300190874,-0.007330195286699315
2016-11-14,3.4402999877929688,3.3916833482934923,0.04861663949947648
2016-11-15,3.441699981689453,3.440604027534978,0.001095954154475276
2016-11-16,3.450700044631958,3.4417703930318804,0.008929651600077637
2016-11-17,3.4323999881744385,3.4510597802476206,-0.018659792073182135
2016-11-18,3.382299900054932,3.4329504819048466,-0.050650581849914555
2016-11-21,3.387399911880493,3.3829053024406517,0.004494609439841479
2016-11-22,3.363600015640259,3.3874516767879044,-0.023851661147645586
2016-11-23,3.4310998916625977,3.364021276524486,0.06707861513811153
2016-11-24,3.390700101852417,3.4308010654140357,-0.04010096356161874
2016-11-25,3.4210000038146973,3.391069641335969,0.029930362478728156
2016-11-28,3.40720009803772,3.420218952438123,-0.013018854400402624
2016-11-29,3.4537999629974365,3.4076808070390046,0.04611915595843197
2016-11-30,3.406300067901612,3.452663026393981,-0.04636295849236882
2016-12-01,3.572999954223633,3.4075521471123427,0.16544780711129015
2016-12-02,3.4746999740600586,3.57114709459818,-0.09644712053812121
2016-12-05,3.4200000762939453,3.4745903497849255,-0.05459027349098022
2016-12-06,3.406300067901612,3.4202767776862544,-0.01397670978464216
2016-12-07,3.381599903106689,3.4066984984140127,-0.025098595307323723
2016-12-08,3.373699903488159,3.3825912056298533,-0.00889130214169409
2016-12-09,3.377000093460083,3.3747850778743045,0.0022150155857785236
2016-12-12,3.337300062179565,3.378484609678237,-0.041184547498672064
2016-12-13,3.334199905395508,3.339315923155215,-0.005116017759707159
2016-12-14,3.36899995803833,3.3370167885761255,0.031983169462204586
2016-12-15,3.3657000064849854,3.371168203926174,-0.00546819744118876
2016-12-16,3.390399932861328,3.3678226163855083,0.022577316475819842
2016-12-19,3.363899946212769,3.392664916555092,-0.02876497034232317
2016-12-20,3.353100061416626,3.3663412861193356,-0.013241224702709609
2016-12-21,3.325400114059448,3.3556718280971545,-0.030271714037706676
2016-12-22,3.28629994392395,3.3285516852797463,-0.042251741355796124
2016-12-23,3.2695000171661377,3.2897547298696,-0.020254712703462463
2016-12-26,3.269599914550781,3.2728596739869675,-0.0032597594361867266
2016-12-27,3.269399881362915,3.2728665944113495,-0.003466713048434489
2016-12-28,3.282500028610229,3.272216652474421,0.010283376135808098
2016-12-29,3.2523000240325928,3.2849413836620127,-0.03264135962941994
2016-12-30,3.253200054168701,3.2554032504056685,-0.0022031962369672975
2017-01-02,3.2839999198913574,3.249619895800821,0.03438002409053631
2017-01-03,3.263499975204468,3.278977199373437,-0.015477224168968906
2017-01-04,3.214099884033203,3.258765624829813,-0.04466574079661001
2017-01-05,3.197700023651123,3.209888002298335,-0.012187978647212105
2017-01-06,3.2221999168396,3.1938850720496608,0.028314844789939286
2017-01-09,3.195499897003174,3.2182284772807614,-0.022728580277587618
2017-01-10,3.194499969482422,3.1918899809704673,0.0026099885119545974
2017-01-11,3.1963000297546387,3.190585585423808,0.00571444433083057
2017-01-12,3.186800003051758,3.193522066014057,-0.006722062962299269
2017-01-13,3.186800003051758,3.1843703757974744,0.0024296272542834174
2017-01-16,3.240499973297119,3.18429309144203,0.05620688185508893
2017-01-17,3.2098000049591064,3.2369013381761436,-0.027101333217037116
2017-01-18,3.229599952697754,3.206931206226471,0.02266874647128292
2017-01-19,3.1949000358581543,3.2264940390116092,-0.03159400315345495
2017-01-20,3.1422998905181885,3.1919534054608296,-0.04965351494264114
2017-01-23,3.1617000102996826,3.139622653898787,0.02207735640089581
2017-01-24,3.1686999797821045,3.158581106486257,0.010118873295847486
2017-01-25,3.1684999465942383,3.165387209004698,0.0031127375895403375
2017-01-26,3.176100015640259,3.165000048900784,0.011099966739474887
2017-01-27,3.109600067138672,3.172623435858128,-0.06302336871945613
2017-01-30,3.125499963760376,3.108066934547362,0.017433029213013818
2017-01-31,3.150099992752075,3.1235316591881066,0.026568333563968594
2017-02-01,3.128000020980835,3.1452215453708376,-0.017221524390002685
2017-02-02,3.122499942779541,3.123626130239318,-0.001126187459776773
2017-02-03,3.119499921798706,3.1179657642847585,0.0015341575139475871
2017-02-06,3.1136999130249023,3.1155522528495094,-0.0018523398246070855
2017-02-07,3.1166999340057373,3.109845618034049,0.006854315971688507
2017-02-08,3.115900039672852,3.112487805917297,0.003412233755554883
2017-02-09,3.1287999153137207,3.1115308203112537,0.017269095002466983
2017-02-10,3.107100009918213,3.1235822035757588,-0.016482193657545885
2017-02-13,3.110100030899048,3.101921103049281,0.008178927849766815
2017-02-14,3.081199884414673,3.104931254425095,-0.023731370010422026
2017-02-15,3.0560998916625977,3.075902849237174,-0.019802957574576396
2017-02-16,3.087500095367432,3.0512550744913196,0.03624502087611248
2017-02-17,3.095499992370605,3.0821667588852675,0.013333233485337548
2017-02-20,3.0855000019073486,3.089628225962094,-0.004128224054745555
2017-02-21,3.093899965286255,3.0794976485401166,0.014402316746138233
2017-02-22,3.062299966812134,3.088031187215001,-0.025731220402867017
2017-02-23,3.06030011177063,3.059261163046867,0.001038948723762978
2017-02-24,3.094599962234497,3.057694810492236,0.036905151742260944
2017-02-27,3.105299949645996,3.0913830118127175,0.013916937833278631
2017-02-28,3.1080000400543213,3.1018843010160153,0.006115739038305978
2017-03-01,3.088200092315674,3.110610498071711,-0.022410405756037033
2017-03-02,3.154599905014038,3.0918146674043854,0.06278523760965271
2017-03-03,3.119999885559082,3.1566480789871143,-0.03664819342803227
2017-03-06,3.137200117111206,3.1228387379106857,0.014361379200520386
2017-03-07,3.115900039672852,3.140059326584128,-0.024159286911276112
2017-03-08,3.1593000888824463,3.1198985392809093,0.03940154960153697
2017-03-09,3.1912999153137207,3.1627710905889574,0.028528824724763258
2017-03-10,3.1475000381469727,3.194285528651033,-0.046785490504060334
2017-03-13,3.152400016784668,3.1508079833113687,0.0015920334732992814
2017-03-14,3.1637001037597656,3.1561043873242722,0.007595716435493394
2017-03-15,3.099900007247925,3.166348373420427,-0.06644836617250238
2017-03-16,3.11929988861084,3.103796276689187,0.015503611921652727
2017-03-17,3.0866000652313232,3.1235988153166807,-0.03699875008535747
2017-03-20,3.071000099182129,3.091195692676217,-0.020195593494088282
2017-03-21,3.086800098419189,3.076883975029066,0.009916123390123044
2017-03-22,3.0848000049591064,3.0920962829863488,-0.007296278027242309
2017-03-23,3.138099908828736,3.0901690114114357,0.047930897417300056
2017-03-24,3.1096999645233154,3.1424454481484583,-0.032745483625142846
2017-03-27,3.125200033187866,3.1143295981404098,0.01087043504745644
2017-03-28,3.138400077819824,3.1293124019873915,0.009087675832432751
2017-03-29,3.122100114822388,3.1417658809309446,-0.019665766108556415
2017-03-30,3.147700071334839,3.125730639142116,0.02196943219272285
2017-03-31,3.121799945831299,3.1510344715663896,-0.029234525735090777
2017-04-03,3.11299991607666,3.122482811658675,-0.009482895582014983
2017-04-04,3.095599889755249,3.113479820867068,-0.01787993111181896
2017-04-05,3.1196000576019287,3.0968123094819626,0.02278774811996609
2017-04-06,3.1414999961853027,3.1206019451312432,0.020898051054059508
2017-04-07,3.144700050354004,3.1419294102610142,0.0027706400929896624
2017-04-10,3.131799936294556,3.1449533666088336,-0.013153430314277514
2017-04-11,3.1368000507354736,3.1323636634464114,0.00443638728906226
2017-04-12,3.123500108718872,3.137551825206263,-0.014051716487391008
2017-04-13,3.142400026321411,3.1275357730585847,0.014864253262826477
2017-04-14,3.143699884414673,3.145795372971424,-0.002095488556751235
2017-04-17,3.130300045013428,3.146736660356116,-0.016436615342688032
2017-04-18,3.1064999103546143,3.133676698366644,-0.027176788012029718
2017-04-19,3.1482999324798584,3.110829267924813,0.03747066455504555
2017-04-20,3.14709997177124,3.151770471506773,-0.004670499735533351
2017-04-21,3.1468000411987305,3.1505417355909957,-0.003741694392265238
2017-04-24,3.127000093460083,3.150077892764041,-0.023077799303957924
2017-04-25,3.147200107574463,3.1301756361108497,0.01702447146361319
2017-04-26,3.171099901199341,3.1501774674156775,0.02092243378366332
2017-04-27,3.1810998916625977,3.1738474760618116,0.007252415600786044
2017-04-28,3.176100015640259,3.1833329312678997,-0.007232915627640946
2017-05-01,3.175100088119507,3.1779435954618167,-0.00284350734230987
2017-05-02,3.1501998901367188,3.1767879527826928,-0.02658806264597402
2017-05-03,3.162100076675415,3.152559442300539,0.009540634374876067
2017-05-04,3.184900045394897,3.165078401473139,0.019821643921758003
2017-05-05,3.1777000427246094,3.1870259555374005,-0.00932591281279116
2017-05-08,3.1963999271392822,3.1800000877016923,0.016399839437589936
2017-05-09,3.186800003051758,3.1981311210906767,-0.011331118038918842
2017-05-10,3.165699958801269,3.18803146062524,-0.0223315018239707
2017-05-11,3.138999938964844,3.1671427883457492,-0.028142849380905055
2017-05-12,3.1777000427246094,3.140571199752986,0.03712884297162322
2017-05-15,3.1082000732421875,3.178392527150365,-0.0701924539081773
2017-05-16,3.0957999229431152,3.109936679225089,-0.01413675628197364
2017-05-17,3.1333999633789062,3.098325947053717,0.03507401632518903
2017-05-18,3.36899995803833,3.1379424002792646,0.23105755775906545
2017-05-19,3.2532999515533447,3.369146613362147,-0.11584666180880232
2017-05-22,3.265399932861328,3.2556539094726933,0.009746023388634839
2017-05-23,3.2685999870300293,3.2670194137100714,0.0015805733199578675
2017-05-24,3.274199962615967,3.2698961624031964,0.004303800212770437
2017-05-25,3.2734999656677246,3.275667326390268,-0.002167360722543421
2017-05-26,3.1777000427246094,3.27448890470885,-0.09678886198424053
2017-05-29,3.255399942398072,3.1803803391252154,0.07501960327285673
2017-05-30,3.256200075149536,3.256757918491523,-0.0005578433419870521
2017-05-31,3.225100040435791,3.2582623196632077,-0.03316227922741666
2017-06-01,3.249000072479248,3.2309965445596225,0.01800352791962556
2017-06-02,3.2492001056671143,3.2544677219560585,-0.005267616288944232
2017-06-05,3.296099901199341,3.2547296338107032,0.04137026738863758
2017-06-06,3.276000022888184,3.300581338094415,-0.024581315206230858
2017-06-07,3.2672998905181885,3.2809737514737987,-0.013673860955610184
2017-06-08,3.2595999240875244,3.272606830915969,-0.013006906828444631
2017-06-09,3.1777000427246094,3.265259615629798,-0.08755957290518879
2017-06-12,3.316699981689453,3.184879247263251,0.13182073442620235
2017-06-13,3.3143999576568604,3.3215224278346556,-0.007122470177795215
2017-06-14,3.272599935531616,3.319418733637813,-0.04681879810619671
2017-06-15,3.273600101470948,3.2784004211608773,-0.004800319689929111
2017-06-16,3.288599967956543,3.2794179040268876,0.00918206392965537
2017-06-19,3.281100034713745,3.294006981015155,-0.01290694630140976
2017-06-20,3.325500011444092,3.287344082133921,0.038155929310170755
2017-06-21,3.333400011062622,3.3311179716604036,0.0022820394022184942
2017-06-22,3.3396999835968018,3.338641456394673,0.001058527202128623
2017-06-23,3.3415000438690186,3.3448827379097597,-0.0033826940407410966
2017-06-26,3.294800043106079,3.3461146878625483,-0.051314644756469185
2017-06-27,3.312000036239624,3.300351383240974,0.011648652998649922
2017-06-28,3.2795000076293945,3.3170055893175254,-0.037505581688130896
2017-06-29,3.3027000427246094,3.284963814948931,0.017736227775678515
2017-06-30,3.1777000427246094,3.3073595044619415,-0.12965946173733212
2017-07-03,3.30049991607666,3.1843196075505373,0.11618030852612282
2017-07-04,3.309200048446656,3.3052796477673736,0.003920400679282565
2017-07-05,3.2869999408721924,3.3139799890354347,-0.026980048163242287
2017-07-06,3.297300100326538,3.292462989458686,0.00483711086785199
2017-07-07,3.1777000427246094,3.302767001767905,-0.1250669590432958
2017-07-10,3.2530999183654785,3.1847397299384754,0.06836018842700309
2017-07-12,3.2067999839782715,3.257950452626951,-0.05115046864867967
2017-07-13,3.2100000381469727,3.212158465424286,-0.0021584272773131907
2017-07-14,3.1777000427246094,3.2151072760160746,-0.037407233291465225
2017-07-17,3.1812000274658203,3.1834841209656064,-0.0022840934997860884
2017-07-18,3.1526999473571777,3.186824425743924,-0.03412447838674648
2017-07-19,3.147700071334839,3.1587334641841505,-0.011033392849311596
2017-07-20,3.1184000968933105,3.153960784689232,-0.035560687795921364
2017-07-21,3.1777000427246094,3.1253616681742153,0.05233837455039403
2017-07-24,3.144399881362915,3.1834682565128594,-0.03906837514994432
2017-07-25,3.1712000370025635,3.1502506353697046,0.020949401632858855
2017-07-26,3.137500047683716,3.1768185074628037,-0.03931845977908788
2017-07-27,3.152600049972534,3.14606676037699,0.006533289595544112
2017-07-28,3.1777000427246094,3.160759829948946,0.016940212775663266
2017-07-31,3.1257998943328857,3.185220869838358,-0.05942097550547221
2017-08-01,3.12280011177063,3.135828161189849,-0.013028049419219201
2017-08-02,3.1122000217437744,3.1325455233084707,-0.020345501564696278
2017-08-03,3.111500024795532,3.122354954149009,-0.010854929353477427
2017-08-04,3.129300117492676,3.1215366289187267,0.00776348857394904
2017-08-07,3.1242001056671143,3.138592868469594,-0.014392762802479808
2017-08-08,3.1259000301361084,3.1336345387942504,-0.007734508658141959
2017-08-09,3.1522998809814453,3.135368410397722,0.01693147058372313
2017-08-10,3.1735999584198,3.1618609101858084,0.011739048233991412
2017-08-11,3.1777000427246094,3.1826202224813716,-0.0049201797567621774
2017-08-14,3.1872000694274902,3.1863078835009873,0.0008921859265029752
2017-08-15,3.16759991645813,3.1956322891111535,-0.028032372653023607
2017-08-16,3.151400089263916,3.1763153330696667,-0.02491524380575072
2017-08-17,3.17330002784729,3.1607243497546973,0.012575678092592746
2017-08-18,3.1777000427246094,3.1817940698037934,-0.004094027079184048
2017-08-21,3.1630001068115234,3.1862802346781045,-0.02328012786658107
2017-08-22,3.1605000495910645,3.1710983337668353,-0.0105982841757708
2017-08-23,3.1393001079559326,3.168365111919475,-0.0290650039635425
2017-08-24,3.1465001106262207,3.147334480536465,-0.0008343699102444369
2017-08-25,3.158699989318848,3.154384739682537,0.004315249636311247
2017-08-28,3.165800094604492,3.1665581605988242,-0.0007580659943320356
2017-08-29,3.1642000675201416,3.1734126382387577,-0.009212570718616142
2017-08-30,3.158799886703491,3.1720604681702236,-0.013260581466732368
2017-08-31,3.1459999084472656,3.166587119960889,-0.020587211513623416
2017-09-01,3.1777000427246094,3.1518080834110824,0.025891959313526947
2017-09-04,3.139400005340576,3.1828570596844044,-0.04345705434382818
2017-09-05,3.115799903869629,3.145109244672592,-0.029309340802963213
2017-09-06,3.097899913787842,3.1212415962709077,-0.023341682483065895
2017-09-07,3.097599983215332,3.1037122000345585,-0.006112216819226468
2017-09-08,3.1777000427246094,3.1062381410086304,0.07146190171597899
2017-09-11,3.0996999740600586,3.1843566564072656,-0.08465668234720702
2017-09-12,3.121900081634521,3.107464740409248,0.014435341225273124
2017-09-13,3.131599903106689,3.12907151303901,0.0025283900676789095
2017-09-14,3.1180999279022217,3.1386162128584423,-0.0205162849562206
2017-09-15,3.1096999645233154,3.124824444349265,-0.015124479825949777
2017-09-18,3.1349000930786133,3.116441644550534,0.01845844852807943
2017-09-19,3.1328001022338867,3.141286235685337,-0.008486133451450328
2017-09-20,3.130599975585937,3.1390970804485763,-0.008497104862639215
2017-09-21,3.134500026702881,3.137117805865846,-0.002617779162965128
2017-09-22,3.123500108718872,3.1410347801311977,-0.017534671412325675
2017-09-25,3.157299995422364,3.1304768390726005,0.02682315634976362
2017-09-26,3.1638998985290527,3.163829262769468,7.063575958454749e-05
2017-09-27,3.19190001487732,3.1705005023692827,0.021399512508037066
2017-09-28,3.1809000968933105,3.198212787963299,-0.01731269106998834
2017-09-29,3.1633999347686768,3.1870233513474844,-0.02362341657880762
2017-10-02,3.152899980545044,3.1742773786920413,-0.02137739814699735
2017-10-03,3.1407999992370605,3.1628669297978926,-0.022066930560832088
2017-10-04,3.13319993019104,3.151078780883802,-0.01787885069276207
2017-10-05,3.152400016784668,3.143456753039999,0.008943263744669139
2017-10-06,3.1554999351501465,3.162779572335917,-0.0072796371857704045
2017-10-09,3.186800003051758,3.1659576698623084,0.02084233318944939
2017-10-10,3.177799940109253,3.1960625917913585,-0.018262651682105613
2017-10-11,3.1696999073028564,3.1872575224212727,-0.017557615118416248
2017-10-12,3.1689999103546143,3.1793038936291342,-0.010303983274519979
2017-10-13,3.146199941635132,3.178438768000002,-0.0322388263648703
2017-10-16,3.170300006866455,3.155988014804777,0.01431199206167788
2017-10-17,3.156100034713745,3.1800072670962125,-0.02390723238246739
2017-10-18,3.170099973678589,3.165835758339587,0.004264215339001787
2017-10-19,3.164900064468384,3.1798323573473306,-0.014932292878946818
2017-10-20,3.1909000873565674,3.1746100492942535,0.016290038062313883
2017-10-23,3.2344000339508057,3.2006141520429763,0.033785881907829385
2017-10-24,3.2425999641418457,3.2429202232354086,-0.0003202590935629246
2017-10-25,3.2311999797821045,3.250910715417753,-0.01971073563564829
2017-10-26,3.2864999771118164,3.2418967935389267,0.044603183572889726
2017-10-27,3.234800100326538,3.2960755639377233,-0.06127546361118519
2017-10-30,3.287300109863281,3.245727416310984,0.04157269355229687
2017-10-31,3.269599914550781,3.2975756450260993,-0.02797573047531854
2017-11-01,3.266200065612793,3.2853224555900917,-0.01912238997729876
2017-11-02,3.2646000385284424,3.281928132905957,-0.017328094377514702
2017-11-03,3.29259991645813,3.2801868596383743,0.012413056819755575
2017-11-06,3.247900009155273,3.307358349646964,-0.059458340491691075
2017-11-07,3.2701001167297363,3.2642454596928703,0.005854657036866051
2017-11-08,3.251300096511841,3.2852470882459857,-0.03394699173414484
2017-11-09,3.248699903488159,3.2673791846132683,-0.018679281125109082
2017-11-10,3.276400089263916,3.26521982420329,0.01118026506062586
2017-11-13,3.275899887084961,3.2923281575326167,-0.016428270447655713
2017-11-14,3.3118999004364014,3.292713748206019,0.019186152230382447
2017-11-15,3.2706000804901123,3.3276318894643704,-0.05703180897425808
2017-11-17,3.254499912261963,3.2862285765472654,-0.03172866428530252
2017-11-20,3.253999948501587,3.2701682300277914,-0.01616828152620453
2017-11-21,3.257299900054932,3.269284969163471,-0.011985069108539026
2017-11-22,3.222899913787842,3.2724376296631794,-0.04953771587533762
2017-11-23,3.22029995918274,3.2385428306914097,-0.018242871508669545
2017-11-24,3.232899904251098,3.2360730938988604,-0.0031731896477622534
2017-11-27,3.2263998985290527,3.248612917173485,-0.02221301864443248
2017-11-28,3.209700107574463,3.242122215915587,-0.03242210834112402
2017-11-29,3.244800090789795,3.2264182278721654,0.018381862917629554
2017-11-30,3.271199941635132,3.261212782118584,0.009987159516547717
2017-12-01,3.2574000358581543,3.284954895772878,-0.02755485991472373
2017-12-04,3.2425999641418457,3.2711123267402304,-0.028512362598384744
2017-12-05,3.240299940109253,3.2568047331187397,-0.016504793009486818
2017-12-06,3.234299898147583,3.2544045879068415,-0.0201046897592585
2017-12-07,3.2871999740600586,3.2500253307944016,0.037174643265657004
2017-12-08,3.287800073623657,3.301852094797101,-0.014052021173444285
2017-12-11,3.303299903869629,3.3023171769550084,0.0009827269146205353
2017-12-12,3.303100109100342,3.3171968553481843,-0.014096746247842518
2017-12-13,3.3085999488830566,3.3174696417562313,-0.008869692873174628
2017-12-14,3.340399980545044,3.323080475971304,0.017319504573739763
2017-12-15,3.2920000553131104,3.354194866881384,-0.06219481156827378
2017-12-18,3.290499925613404,3.3063171505686,-0.015817224955195996
2017-12-19,3.2885000705718994,3.3050273261351144,-0.016527255563214993
2017-12-20,3.296499967575073,3.302685560793053,-0.006185593217980401
2017-12-21,3.30679988861084,3.3097173756232063,-0.002917487012366493
2017-12-22,3.338000059127808,3.319819163026699,0.018180896101108956
2017-12-25,3.3355000019073486,3.3503265966500475,-0.014826594742698873
2017-12-26,3.3097000122070312,3.3476732857930243,-0.037973273585993006
2017-12-27,3.3132998943328857,3.3221443187523656,-0.008844424419479857
2017-12-28,3.311100006103516,3.3255021925041333,-0.01440218640061719
2017-12-29,3.3076000213623047,3.3233111995271316,-0.015711178164826922
2018-01-01,3.311000108718872,3.3156634494626864,-0.004663340743814359
2018-01-02,3.2578001022338867,3.31864579381926,-0.06084569158537345
2018-01-03,3.2355000972747803,3.2660602496188575,-0.030560152344077274
2018-01-04,3.233099937438965,3.2437503675603163,-0.010650430121351473
2018-01-05,3.226599931716919,3.2412083693892253,-0.014608437672306351
2018-01-08,3.239000082015991,3.2346283515163234,0.00437173049966777
2018-01-09,3.246799945831299,3.2469130622895888,-0.00011311645828993022
2018-01-10,3.2263998985290527,3.254826225300504,-0.028426326771451293
2018-01-11,3.214200019836426,3.234148851521381,-0.019948831684955426
2018-01-12,3.200700044631958,3.2220427446624456,-0.02134270003048755
2018-01-15,3.213200092315674,3.208623427169373,0.00457666514630084
2018-01-16,3.2227001190185547,3.2209332609149106,0.0017668581036440756
2018-01-17,3.2221999168396,3.229570245666073,-0.007370328826473038
2018-01-18,3.2051000595092773,3.229194701354638,-0.024094641845360698
2018-01-19,3.194700002670288,3.2122839132848595,-0.01758391061457143
2018-01-22,3.200700044631958,3.2017685198369774,-0.0010684752050194035
2018-01-23,3.2355000972747803,3.2079934147693265,0.02750668250545374
2018-01-24,3.1451001167297363,3.2407614924194688,-0.09566137568973243
2018-01-25,3.146899938583374,3.1513986798940206,-0.004498741310646537
2018-01-26,3.151000022888184,3.1525879661689826,-0.0015879432807985872
2018-01-29,3.153599977493286,3.1571168456256733,-0.003516868132387163
2018-01-30,3.179500102996826,3.1599790423498977,0.01952106064692849
2018-01-31,3.1847000122070312,3.185240814483639,-0.0005408022766077991
2018-02-01,3.1637001037597656,3.186515880079469,-0.022815776319703218
2018-02-02,3.215399980545044,3.1667136611100473,0.04868631943499668
2018-02-05,3.2611000537872314,3.2190307319045295,0.04206932188270196
2018-02-06,3.2334001064300537,3.2630405503471565,-0.029640443917102743
2018-02-07,3.26990008354187,3.236509296713411,0.033390786828459085
2018-02-08,3.284600019454956,3.2739731865593553,0.010626832895600735
2018-02-09,3.290800094604492,3.28883480771424,0.001965286890252216
2018-02-12,3.2939999103546143,3.2944267128617106,-0.0004268025070963688
2018-02-13,3.2941999435424805,3.2971705355935255,-0.0029705920510449957
2018-02-14,3.216200113296509,3.2967117970860897,-0.08051168378958096
2018-02-15,3.2263998985290527,3.2194493045054706,0.006950594023582113
2018-02-16,3.228199958801269,3.2293393300450646,-0.001139371243795484
2018-02-19,3.233099937438965,3.2309999524344555,0.0020999850045093638
2018-02-20,3.254300117492676,3.2353765315632677,0.018923585929408127
2018-02-21,3.2676000595092773,3.256192390774413,0.01140766873486454
2018-02-22,3.248699903488159,3.26886390273513,-0.020163999246970654
2018-02-23,3.2372000217437744,3.2497837445839624,-0.012583722840187939
2018-02-26,3.2225000858306885,3.238174831458643,-0.015674745627954678
2018-02-27,3.248500108718872,3.224233767747882,0.024266340970990008
2018-02-28,3.244800090789795,3.250711635093302,-0.005911544303506933
2018-03-01,3.25,3.254650225276974,-0.004650225276973785
2018-03-02,3.249599933624268,3.2595271718162397,-0.009927238191971721
2018-03-05,3.240999937057495,3.2587835950914923,-0.017783658033997174
2018-03-06,3.2079999446868896,3.2504642523876814,-0.04246430770079179
2018-03-07,3.2428998947143555,3.218235717031124,0.02466417768323126
2018-03-08,3.2660999298095703,3.2528834970935803,0.013216432715990045
2018-03-09,3.256099939346313,3.274738603399861,-0.01863866405354786
2018-03-12,3.2602999210357666,3.2647472532609445,-0.004447332225177902
2018-03-13,3.258699893951416,3.269235106242437,-0.010535212291021168
2018-03-14,3.258500099182129,3.2678267385229502,-0.009326639340821341
2018-03-15,3.282099962234497,3.2681155758576805,0.013984386376816538
2018-03-16,3.280100107192993,3.2912138026543536,-0.011113695461360429
2018-03-19,3.28410005569458,3.2898249449095442,-0.005724889214964168
2018-03-20,3.30870008468628,3.293485607967301,0.015214476718979242
2018-03-21,3.272700071334839,3.317140538104367,-0.044440466769528175
2018-03-22,3.3141000270843506,3.2827388403753623,0.03136118670898824
2018-03-23,3.314500093460083,3.323629307657292,-0.009129214197209023
2018-03-26,3.31030011177063,3.323543167321933,-0.013243055551303229
2018-03-27,3.3229000568389893,3.3201489783428952,0.002751078496094017
2018-03-28,3.319299936294556,3.332636945802559,-0.013337009508002762
2018-03-29,3.303499937057495,3.3282593994955914,-0.024759462438096236
2018-03-30,3.302000045776367,3.3130612850495216,-0.011061239273154388
2018-04-02,3.309400081634521,3.3113474002425587,-0.0019473186080376514
2018-04-03,3.339400053024292,3.3185006553481875,0.020899397676104492
2018-04-04,3.327699899673462,3.3480697252290152,-0.020369825555553334
2018-04-05,3.341599941253662,3.33610434005702,0.005495601196642053
2018-04-06,3.367500066757202,3.350287817930621,0.017212248826581344
2018-04-09,3.4210000038146973,3.3762764969560033,0.04472350685869397
2018-04-10,3.407299995422364,3.4280205459845963,-0.0207205505622321
2018-04-11,3.37310004234314,3.41410216478504,-0.041002122441899935
2018-04-12,3.4110000133514404,3.3802713026403493,0.03072871071109118
2018-04-13,3.424299955368042,3.4180495309211265,0.006250424446915481
2018-04-16,3.416100025177002,3.4318704257504655,-0.015770400573463572
2018-04-17,3.405800104141236,3.4231371297775324,-0.017337025636296577
2018-04-18,3.3770999908447266,3.412015520686368,-0.03491552984164148
2018-04-19,3.382699966430664,3.383817019411019,-0.0011170529803550266
2018-04-20,3.4137001037597656,3.3895049532649812,0.02419515049478438
2018-04-23,3.448899984359741,3.419955705181845,0.028944279177895993
2018-04-24,3.4714999198913574,3.454858064839037,0.01664185505232041
2018-04-25,3.4809000492095947,3.4772344372725787,0.003665611937015978
2018-04-26,3.4742000102996826,3.4857885705487073,-0.01158856024902466
2018-04-27,3.4581000804901123,3.47916970727731,-0.021069626787197482
2018-04-30,3.505800008773804,3.463484312981663,0.04231569579214112
2018-05-01,3.506099939346313,3.5041227064474763,0.0019772328988367782
2018-05-02,3.549599885940552,3.504747608107227,0.04485227783332535
2018-05-03,3.526599884033203,3.5480780185643717,-0.021478134531168536
2018-05-04,3.525500059127808,3.525282852560206,0.0002172065676022683
2018-05-07,3.5492000579833984,3.5242427650107935,0.02495729297260496
2018-05-08,3.5618999004364014,3.5476446953465537,0.014255205089847678
2018-05-09,3.5903000831604004,3.559245234083681,0.031054849076719293
2018-05-10,3.549499988555908,3.5863769353245387,-0.036876946768630514
2018-05-11,3.60290002822876,3.5465797754770096,0.056320252751750566
2018-05-14,3.6215999126434326,3.599083509456555,0.022516403186877643
2018-05-15,3.648699998855591,3.61754285856491,0.03115714029068073
2018-05-16,3.6744000911712646,3.6435248373540157,0.030875253817248982
2018-05-17,3.695100069046021,3.670131747210068,0.024968321835952878
2018-05-18,3.7383999824523926,3.6907870872642228,0.0476128951881698
2018-05-21,3.6756999492645264,3.7337995826749193,-0.058099633410392926
2018-05-22,3.6459999084472656,3.6717239111614965,-0.02572400271423092
2018-05-23,3.625600099563599,3.6433495610144084,-0.017749461450809356
2018-05-24,3.648099899291992,3.6237544259226477,0.02434547336934445
2018-05-25,3.626199960708618,3.6467818292534946,-0.020581868544876425
2018-05-28,3.73420000076294,3.626935234182407,0.10726476658053308
2018-05-29,3.724100112915039,3.7329931135871415,-0.008893000672102414
2018-05-30,3.722100019454956,3.722485462804379,-0.0003854433494230314
2018-05-31,3.721999883651733,3.7205924551152663,0.0014074285364666927
2018-06-01,3.761600017547608,3.7213519337518415,0.04024808379576639
2018-06-04,3.744499921798706,3.759793094031024,-0.015293172232317964
2018-06-05,3.80430006980896,3.743753807820858,0.06054626198810187
2018-06-06,3.843400001525879,3.8028559187388247,0.040544082787054236
2018-06-07,3.900700092315674,3.8422176283176808,0.05848246399799306
2018-06-08,3.704900026321411,3.899008868238315,-0.1941088419169037
2018-06-11,3.7088000774383545,3.7065796133593754,0.002220464078979134
2018-06-12,3.714999914169312,3.710173635662055,0.004826278507256809
2018-06-13,3.7188000679016113,3.7165585089322093,0.0022415589694020355
2018-06-14,3.803999900817871,3.720565855574116,0.08343404524375497
2018-06-15,3.7286999225616455,3.8049143244167407,-0.0762144018550952
2018-06-18,3.7462000846862793,3.731171628511432,0.015028456174847271
2018-06-19,3.744999885559082,3.7478003240940985,-0.0028004385350164362
2018-06-20,3.769099950790405,3.7461484184310043,0.022951532359400506
2018-06-21,3.7651000022888175,3.7709101231746276,-0.005810120885810122
2018-06-22,3.78629994392395,3.7663625115073587,0.019937432416591516
2018-06-25,3.775099992752075,3.7872450413296295,-0.012145048577554274
2018-06-26,3.795799970626831,3.775728047307844,0.020071923318987217
2018-06-27,3.860100030899048,3.796269173804915,0.06383085709413283
2018-06-28,3.859499931335449,3.8588942840228064,0.0006056473126427875
2018-06-29,3.875600099563599,3.8577709322242666,0.017829167339332486
2018-07-02,3.912600040435791,3.8781146979863705,0.034485342449420475
2018-07-03,3.8963000774383545,3.9141650240244035,-0.01786494658604898
2018-07-04,3.91100001335144,3.897677105216028,0.013322908135411815
2018-07-05,3.931299924850464,3.9122620579548064,0.01903786689565745
2018-07-06,3.865900039672852,3.9318693563084004,-0.06596931663554839
2018-07-09,3.871299982070923,3.867475810110707,0.003824171960215672
2018-07-10,3.815099954605103,3.87276619087419,-0.05766623626908718
2018-07-11,3.876100063323975,3.8181501629064796,0.05794990041749548
2018-07-12,3.88070011138916,3.8774557325185914,0.0032443788705687204
2018-07-13,3.849400043487549,3.8815649418968357,-0.032164898409286824
2018-07-16,3.8559999465942383,3.851079968016103,0.004919978578135087
2018-07-17,3.835900068283081,3.856876163079204,-0.020976094796123057
2018-07-18,3.8492000102996826,3.837349523059706,0.011850487239976726
2018-07-19,3.828500032424927,3.8503330616666487,-0.02183302924172148
2018-07-20,3.7708001136779785,3.8293714166577772,-0.058571302979798734
2018-07-23,3.780400037765503,3.7731291533279543,0.0072708844375486414
2018-07-24,3.7460999488830566,3.7819452361834838,-0.03584528730042713
2018-07-25,3.6863999366760254,3.7475560168652198,-0.061156080189194384
2018-07-26,3.74429988861084,3.6891667897823313,0.05513309882850859
2018-07-27,3.7111001014709473,3.746088318190892,-0.0349882167199449
2018-07-30,3.728100061416626,3.7131186751817173,0.014981386234908634
2018-07-31,3.753000020980835,3.730437714548789,0.022562306432046153
2018-08-01,3.746999979019165,3.7600719916236267,-0.013072012604461669
2018-08-02,3.7483999729156494,3.7538318713740217,-0.005431898458372331
2018-08-03,3.7023000717163086,3.754416549967279,-0.05211647825097021
2018-08-06,3.734499931335449,3.7091406363075294,0.02535929502791978
2018-08-07,3.750499963760376,3.741101216564533,0.009398747195842994
2018-08-08,3.770100116729736,3.7576363002142688,0.01246381651546713
2018-08-09,3.799599885940552,3.777121685065961,0.02247820087459118
2018-08-10,3.865400075912476,3.807127960338809,0.05827211557366718
2018-08-13,3.881999969482422,3.871513205652892,0.010486763829530066
2018-08-14,3.864399909973145,3.887317168498396,-0.02291725852525106
2018-08-15,3.900599956512451,3.870973967237026,0.02962598927542537
2018-08-16,3.903899908065796,3.9065977630184845,-0.002697854952688594
2018-08-17,3.9098000526428223,3.9101231873372893,-0.0003231346944669866
2018-08-20,3.9660000801086426,3.915716323897859,0.050283756210783626
2018-08-21,4.048500061035156,3.971412999348015,0.0770870616871413
2018-08-22,4.036900043487549,4.051763136885155,-0.014863093397606164
2018-08-23,4.112299919128418,4.0409363446225255,0.07136357450589248
2018-08-24,4.102799892425537,4.11469664154295,-0.011896749117412675
2018-08-27,4.077499866485596,4.104519397694541,-0.027019531208945402
2018-08-28,4.133900165557861,4.0798661607029425,0.05403400485491883
2018-08-29,4.105500221252441,4.134794628169093,-0.02929440691665164
2018-08-30,4.148600101470947,4.107695319998321,0.04090478147262644
2018-08-31,4.053699970245361,4.150031576583973,-0.09633160633861149
2018-09-03,4.154799938201904,4.049488085029648,0.10531185317225589
2018-09-04,4.15369987487793,4.149638822711485,0.00406105216644459
2018-09-05,4.143099784851074,4.1485377619321495,-0.005437977081075296
2018-09-06,4.057300090789795,4.137648240479672,-0.08034814968987725
2018-09-07,4.043799877166748,4.053237666250009,-0.009437789083261094
2018-09-10,4.08459997177124,4.039957459075415,0.044642512695824976
2018-09-11,4.151599884033203,4.0806820257451495,0.07091785828805364
2018-09-12,4.159800052642822,4.14626966351974,0.013530389123082465
2018-09-13,4.204999923706055,4.15469350427955,0.050306419426505045
2018-09-14,4.171999931335449,4.198788586301006,-0.026788654965557157
2018-09-17,4.1321001052856445,4.165759268296158,-0.03365916301051364
2018-09-18,4.158400058746338,4.125662513252602,0.03273754549373553
2018-09-19,4.130300045013428,4.1514533445808635,-0.021153299567435724
2018-09-20,4.076000213623047,4.123799161420476,-0.047798947797429214
2018-09-21,4.050000190734863,4.069776283508646,-0.019776092773782672
2018-09-24,4.091300010681152,4.044731798362584,0.04656821231856867
2018-09-25,4.073599815368652,4.085067928704307,-0.01146811333565445
2018-09-26,4.030799865722656,4.067746296896503,-0.03694643117384633
2018-09-27,4.01200008392334,4.024942219118613,-0.01294213519527343
2018-09-28,4.052700042724609,4.006612167753797,0.04608787497081224
2018-10-01,4.01639986038208,4.05146914001945,-0.035069279637370165
2018-10-02,3.939500093460083,4.0144166556972944,-0.07491656223721144
2018-10-03,3.900399923324585,3.937861667216494,-0.03746174389190893
2018-10-04,3.8738999366760254,3.89983286856763,-0.025932931891604394
2018-10-05,3.8357999324798575,3.874084882787652,-0.03828495030779466
2018-10-08,3.7771999835968018,3.834910791123464,-0.05771080752666213
2018-10-09,3.714799880981445,3.777183075284836,-0.06238319430339123
2018-10-10,3.754800081253052,3.717333041082442,0.03746704017061031
2018-10-11,3.7815001010894775,3.757442633646991,0.02405746744248649
2018-10-12,3.781599998474121,3.783466092832861,-0.001866094358740078
2018-10-15,3.7339000701904297,3.7834618343410735,-0.04956176415064384
2018-10-16,3.723599910736084,3.7352828894329306,-0.011682978696846646
2018-10-17,3.686199903488159,3.7253734990137537,-0.03917359552559452
2018-10-18,3.7202999591827393,3.6896721509462136,0.030627808236525667
2018-10-19,3.710900068283081,3.7230083068983655,-0.012108238615284428
2018-10-22,3.682300090789795,3.713166993061692,-0.030866902271897256
2018-10-23,3.6923999786376953,3.6855099196807117,0.00689005895698358
2018-10-24,3.731100082397461,3.6966474779724154,0.0344526044250455
2018-10-25,3.704900026321411,3.7340729018667522,-0.029172875545341093
2018-10-26,3.6415998935699454,3.7076582165719736,-0.06605832300202819
2018-10-29,3.715800046920776,3.6463476136563813,0.06945243326439465
2018-10-30,3.694600105285645,3.7179508770578,-0.023350771772154832
2018-10-31,3.720700025558472,3.6968646705912294,0.02383535496724276
2018-11-01,3.6949000358581534,3.725978499894307,-0.03107846403615344
2018-11-02,3.700000047683716,3.700436781143864,-0.0004367334601482753
2018-11-05,3.724600076675415,3.705151640583954,0.019448436091460852
2018-11-06,3.759900093078613,3.7298281626216925,0.03007193045692036
2018-11-07,3.7304000854492174,3.764889847636453,-0.03448976218723576
2018-11-08,3.759200096130371,3.736936855500985,0.022263240629385894
2018-11-09,3.729399919509888,3.7653928673491732,-0.03599294783928508
2018-11-12,3.766400098800659,3.7363048493947932,0.030095249405865943
2018-11-13,3.801399946212769,3.7734768934956433,0.027923052717125696
2018-11-14,3.782399892807007,3.807434553144815,-0.025034660337808212
2018-11-15,3.782399892807007,3.788062823783668,-0.005662930976661151
2018-11-16,3.742500066757202,3.787473878092235,-0.04497381133503264
2018-11-19,3.7544000148773193,3.7485829280150718,0.005817086862247578
2018-11-20,3.75570011138916,3.7609468354469597,-0.005246724057799579
2018-11-21,3.796099901199341,3.7622105165119173,0.03388938468742353
2018-11-22,3.803100109100342,3.802131590251298,0.000968518849043587
2018-11-23,3.67300009727478,3.809842477468296,-0.13684238019351636
2018-11-26,3.93969988822937,3.681881463194988,0.25781842503438224
2018-11-27,3.873500108718872,3.9432405283519105,-0.06974041963303845
2018-11-28,3.8492000102996826,3.8774589118846627,-0.028258901584980123
2018-11-29,3.8510000705718994,3.853227319047053,-0.0022272484751537647
2018-11-30,3.86520004272461,3.8550871569457503,0.010112885778859493
2018-12-03,3.840800046920776,3.8649833150291233,-0.024183268108347367
2018-12-04,3.851099967956543,3.8417314730054644,0.00936849495107861
2018-12-05,3.86739993095398,3.85178426688837,0.015615664065609991
2018-12-06,3.8777999877929688,3.868015541779842,0.009784446013126669
2018-12-07,3.9058001041412354,3.8786280659741292,0.027172038167106116
2018-12-10,3.9166998863220215,3.9073383723416817,0.009361513980339797
2018-12-11,3.902600049972534,3.9177657969372746,-0.015165746964740379
2018-12-12,3.854099988937378,3.9036573292655303,-0.0495573403281524
2018-12-13,3.890700101852417,3.855386540889292,0.03531356096312521
2018-12-14,3.9154999256134033,3.8918727179086106,0.023627207704792763
2018-12-17,3.897599935531616,3.9170482217255223,-0.01944828619390604
2018-12-18,3.910900115966797,3.8997499469338086,0.011150169032988266
2018-12-19,3.896199941635132,3.9132600902932766,-0.017060148658144758
2018-12-20,3.838900089263916,3.8992371179489473,-0.060337028685031324
2018-12-21,3.843400001525879,3.8428370515994397,0.0005629499264392379
2018-12-24,3.902600049972534,3.847877667427985,0.05472238254454931
2018-12-25,3.9028000831604,3.905842767562114,-0.0030426844017141796
2018-12-26,3.920599937438965,3.9057523422090425,0.014847595229922295
2018-12-27,3.871500015258789,3.9232436880474113,-0.05174367278862224
2018-12-28,3.874200105667114,3.8737651724687523,0.0004349331983615201
2018-12-31,3.880000114440918,3.8758851073954634,0.004115007045454533
2019-01-01,3.8798999786376953,3.8788978647386863,0.0010021138990090606
2019-01-02,3.78629994392395,3.878262458720539,-0.09196251479658901
2019-01-03,3.7551000118255615,3.7860246290947224,-0.030924617269160848
2019-01-04,3.661200046539306,3.754865812100865,-0.0936657655615587
2019-01-07,3.734100103378296,3.662420040236854,0.07168006314144204
2019-01-08,3.712399959564209,3.7337919242337843,-0.02139196466957527
2019-01-09,3.680000066757202,3.7114073595720063,-0.031407292814804144
2019-01-10,3.707900047302246,3.6793806180176105,0.028519429284635578
2019-01-11,3.659600019454956,3.707014344155306,-0.04741432470035001
2019-01-14,3.697499990463257,3.6592803309995907,0.03821965946366612
2019-01-15,3.716399908065796,3.696503708323367,0.019896199742428955
2019-01-16,3.734299898147583,3.7149106227215443,0.019389275426038743
2019-01-17,3.7488999366760254,3.7320643550024655,0.01683558167355992
2019-01-18,3.750200033187866,3.7458025665450068,0.004397466642859449
2019-01-21,3.751399993896485,3.747243319157246,0.004156674739238753
2019-01-22,3.812000036239624,3.748954524856634,0.06304551138298997
2019-01-23,3.7623000144958496,3.807907842570942,-0.04560782807509245
2019-01-24,3.769799947738648,3.758432241122927,0.011367706615720952
2019-01-25,3.769599914550781,3.7661885164577122,0.003411398093068563
2019-01-28,3.759599924087525,3.7667443266102163,-0.00714440252269144
2019-01-29,3.7184998989105225,3.7566786833016277,-0.038178784391105225
2019-01-30,3.681400060653688,3.7154071912430324,-0.03400713058934457
2019-01-31,3.642800092697144,3.6787071379017307,-0.03590704520458665
2019-02-01,3.6572999954223633,3.6409027084488734,0.016397286973489855
2019-02-04,3.6670000553131104,3.654870387794207,0.012129667518903542
2019-02-05,3.668299913406372,3.6646057357930695,0.003694177613302596
2019-02-06,3.694700002670288,3.6675160952923456,0.027183907377942518
2019-02-07,3.714900016784668,3.6938231367799,0.02107688000476804
2019-02-08,3.728600025177002,3.7132640018646415,0.015336023312360503
2019-02-11,3.755199909210205,3.7271927388095034,0.028007170400701664
2019-02-12,3.7079999446868896,3.752401384671863,-0.04440143998497348
2019-02-13,3.753200054168701,3.705990264436608,0.04720978973209311
2019-02-14,3.721999883651733,3.7494519662746275,-0.027452082622894558
2019-02-15,3.6468000411987305,3.718754554507433,-0.0719545133087025
2019-02-18,3.731699943542481,3.6451817062072456,0.08651823733523534
2019-02-19,3.721999883651733,3.7281714656903473,-0.006171582038614343
2019-02-20,3.723999977111816,3.7190205661832323,0.004979410928583672
2019-02-21,3.766499996185303,3.720837520310991,0.04566247587431205
2019-02-22,3.746299982070923,3.762144213910242,-0.015844231839319267
2019-02-25,3.750400066375733,3.742749243199293,0.007650823176439836
2019-02-26,3.747100114822388,3.746624290403935,0.0004758244184532856
2019-02-27,3.727299928665161,3.743352313320646,-0.016052384655484975
2019-02-28,3.747499942779541,3.724634973955329,0.022864968824212184
2019-03-01,3.721400022506714,3.7470846148962775,-0.025684592389563665
2019-03-04,3.7741000652313232,3.721402015259848,0.052698049971475314
2019-03-05,3.774399995803833,3.7733287086820573,0.0010712871217757325
2019-03-06,3.8368000984191895,3.7737712324924093,0.06302886592678014
2019-03-07,3.86929988861084,3.835130609062946,0.03416927954789406
2019-03-08,3.813400030136109,3.8667318303111022,-0.05333180017499339
2019-03-11,3.837300062179565,3.810335039140397,0.026965023039168035
2019-03-12,3.811599969863892,3.833909957160305,-0.02230998729641298
2019-03-13,3.8132998943328857,3.8079260372153714,0.005373857117514369
2019-03-14,3.8405001163482666,3.80970068380492,0.030799432543346494
2019-03-15,3.812999963760376,3.8361969807463,-0.023197016985923913
2019-03-18,3.7899999618530273,3.808657851674783,-0.018657889821755536
2019-03-19,3.7876999378204346,3.7862165336030964,0.001483404217338169
2019-03-20,3.774199962615967,3.7845826622383782,-0.010382699622411451
2019-03-21,3.7909998893737793,3.7717863415182835,0.019213547855495783
2019-03-22,3.9059998989105225,3.789922396360825,0.11607750254969762
2019-03-25,3.853600025177002,3.9031456854750477,-0.049545660298045746
2019-03-26,3.875,3.8506618325246507,0.024338167475349337
2019-03-27,3.9881999492645264,3.8733474077092946,0.11485254155523172
2019-03-28,3.897700071334839,3.9836007290187827,-0.08590065768394384
2019-03-29,3.922499895095825,3.893940082985814,0.02855981211001124
2019-04-01,3.84850001335144,3.918709954085868,-0.07020994073442788
2019-04-02,3.852299928665161,3.8460830952855662,0.006216833379594888
2019-04-03,3.868299961090088,3.8502216215852054,0.018078339504882468
2019-04-04,3.8559000492095934,3.865169436250053,-0.009269387040459431
2019-04-05,3.874000072479248,3.8524624018405884,0.021537670638659634
2019-04-08,3.84820008277893,3.8699979514495184,-0.021797868670588194
2019-04-09,3.848000049591065,3.845192205408954,0.0028078441821111078
2019-04-10,3.8239998817443848,3.845048845165742,-0.021048963421357314
2019-04-11,3.855799913406372,3.8220877454268622,0.03371216797950982
2019-04-12,3.880300045013428,3.854136220430531,0.02616382458289701
2019-04-15,3.8703999519348153,3.878210909981091,-0.00781095804627574
2019-04-16,3.903800010681152,3.8678294084190146,0.03597060226213733
2019-04-17,3.936700105667114,3.901217590325612,0.03548251534150193
2019-04-18,3.9267001152038574,3.9329692911012373,-0.006269175897379853
2019-04-19,3.934499979019165,3.923027205458513,0.011472773560651905
2019-04-22,3.9340999126434326,3.930600028739202,0.0034998839042308383
2019-04-23,3.918299913406372,3.929465932021841,-0.011166018615468953
2019-04-24,3.9895999431610094,3.91437818848499,0.07522175467601944
2019-04-25,3.952699899673462,3.983938375905032,-0.031238476231570278
2019-04-26,3.929199934005737,3.9479480819763615,-0.01874814797062463
2019-04-29,3.944299936294556,3.9248145354633204,0.019485400831235733
2019-04-30,3.916899919509888,3.9395445024237583,-0.02264458291387017
2019-05-01,3.919300079345703,3.914456806954027,0.0048432723916760345
2019-05-02,3.966200113296509,3.9172233302605255,0.048976783035983296
2019-05-03,3.936599969863892,3.9630630955779114,-0.02646312571401932
2019-05-06,3.9681999683380127,3.934388313409555,0.033811654928457724
2019-05-07,3.9686999320983887,3.965992992330036,0.0027069397683527896
2019-05-08,3.926300048828125,3.9658731999649195,-0.03957315113679449
2019-05-09,3.9453999996185294,3.9245788333448384,0.020821166273691016
2019-05-10,3.959700107574463,3.943595084240311,0.01610502333415198
2019-05-13,3.990499973297119,3.9590699892546724,0.03142998404244679
2019-05-14,3.975100040435791,3.9890659587132546,-0.01396591827746363
2019-05-15,3.999900102615357,3.9740501444395417,0.025849958175815146
2019-05-16,4.046199798583984,3.9990058177401435,0.047193980843840855
2019-05-17,4.097400188446045,4.0446377537656115,0.0527624346804334
2019-05-20,4.094900131225586,4.094155481410209,0.0007446498153766967
2019-05-21,4.036799907684326,4.090497688431308,-0.053697780746981394
2019-05-23,4.038700103759766,4.034276964172541,0.004423139587224512
2019-05-24,4.021200180053711,4.0361817724085975,-0.014981592354886608
2019-05-27,4.042099952697754,4.018410251808991,0.0236897008887631
2019-05-28,4.023600101470947,4.038291868855715,-0.014691767384767296
2019-05-29,3.973400115966797,4.020101371091005,-0.04670125512420853
2019-05-30,3.9800000190734863,3.9705383702736965,0.009461648799789835
2019-05-31,3.9242000579833984,3.977676219775616,-0.0534761617922177
2019-06-03,3.884099960327149,3.9211704438151447,-0.0370704834879958
2019-06-04,3.853600025177002,3.8813594590663865,-0.02775943388938451
2019-06-05,3.8794000148773193,3.8521079435938588,0.02729207128346056
2019-06-06,3.878400087356568,3.8768010568401254,0.0015990305164423901
2019-06-07,3.876499891281128,3.875298461466141,0.0012014298149867209
2019-06-10,3.884500026702881,3.873632721172245,0.01086730553063564
2019-06-11,3.85509991645813,3.880834667946323,-0.02573475148819293
2019-06-12,3.865900039672852,3.8524493083748466,0.013450731298005447
2019-06-13,3.84820008277893,3.862711122558065,-0.014511039779134816
2019-06-14,3.8945000171661377,3.8456119391238097,0.048888078042327976
2019-06-17,3.88700008392334,3.8914161659958046,-0.0044160820724648
2019-06-18,3.859499931335449,3.8829341041406593,-0.023434172805210096
2019-06-19,3.835400104522705,3.8554610094395168,-0.020060904916811673
2019-06-20,3.837699890136719,3.8309587862870367,0.006741103849682517
2019-06-21,3.820499897003174,3.8327595329612123,-0.012259635958038473
2019-06-24,3.825599908828736,3.8157741830202863,0.009825725808449537
2019-06-25,3.8454999923706055,3.8217648735177057,0.023735118852899806
2019-06-26,3.842900037765503,3.840913586044925,0.0019864517205778753
2019-06-27,3.815999984741211,3.838302636330349,-0.022302651589138023
2019-06-28,3.849499940872192,3.8117848556120073,0.03771508526018463
2019-07-01,3.839600086212158,3.8523251254553896,-0.012725039243231429
2019-07-02,3.843899965286255,3.8432102622342015,0.0006897030520534031
2019-07-03,3.825000047683716,3.846607425215203,-0.021607377531487337
2019-07-04,3.800800085067749,3.827291243657726,-0.026491158589977193
2019-07-05,3.8190999031066895,3.803272842160949,0.015827060945740268
2019-07-08,3.799099922180176,3.821104900359658,-0.022004978179482215
2019-07-09,3.799000024795532,3.8011060427215506,-0.0021060179260188328
2019-07-10,3.7502999305725098,3.800387443723709,-0.0500875131511993
2019-07-11,3.754800081253052,3.752775642117826,0.002024439135225986
2019-07-12,3.7344000339508057,3.757721747644468,-0.023321713693662538
2019-07-15,3.753700017929077,3.7377641423424137,0.01593587558666343
2019-07-16,3.767199993133545,3.757017450488471,0.010182542645074122
2019-07-17,3.7618000507354736,3.770414550928861,-0.008614500193387276
2019-07-18,3.717400074005127,3.7648504641900526,-0.047450390184925695
2019-07-19,3.7458999156951904,3.7217451529246173,0.024154762770573157
2019-07-22,3.739799976348877,3.749475012346068,-0.009675035997191106
2019-07-23,3.77239990234375,3.7434636718262704,0.028936230517479622
2019-07-24,3.7713000774383545,3.775415349481649,-0.004115272043294649
2019-07-25,3.775199890136719,3.775021124090928,0.00017876604579125654
2019-07-26,3.7734999656677246,3.7787022109800845,-0.00520224531235991
2019-07-29,3.780100107192993,3.7766689020592534,0.0034312051337397342
2019-07-30,3.789299964904785,3.7832997137170015,0.0060002511877836895
2019-07-31,3.811700105667114,3.7928889448460255,0.018811160821088357
2019-08-01,3.837300062179565,3.81736699673462,0.019933065444944997
2019-08-02,3.883899927139282,3.8421781133824022,0.041721813756879556
2019-08-05,3.973099946975708,3.8895452581646492,0.08355468881105876
2019-08-06,3.958699941635132,3.9764033355509425,-0.01770339391581066
2019-08-07,3.967400074005127,3.962235859180864,0.0051642148242629915
2019-08-08,3.91759991645813,3.9698817555098045,-0.052281839051674606
2019-08-09,3.940200090408325,3.9207659426699086,0.019434147738416563
2019-08-12,3.9839000701904297,3.9439930597788164,0.039907010411613264
2019-08-13,3.962399959564209,3.98600382134696,-0.02360386178275098
2019-08-14,4.050300121307373,3.966667381952786,0.08363273935458704
2019-08-15,3.9900999069213854,4.053766879157023,-0.06366697223563778
2019-08-16,4.0046000480651855,3.9940330769159686,0.010566971149216897
2019-08-19,4.073200225830078,4.0082036634394,0.06499656239067786
2019-08-20,4.051700115203857,4.075867035133859,-0.02416691993000164
2019-08-21,4.02400016784668,4.053827470154768,-0.029827302308087944
2019-08-22,4.067999839782715,4.027148226369877,0.04085161341283783
2019-08-23,4.126200199127197,4.0718439196914,0.05435627943579746
2019-08-26,4.151500225067139,4.1296412920613195,0.021858933005819203
2019-08-27,4.122799873352051,4.154036069057343,-0.03123619570529179
2019-08-28,4.167699813842773,4.125233619693854,0.04246619414891928
2019-08-29,4.168099880218506,4.168158782950435,-5.890273192932227e-05
2019-08-30,4.143899917602539,4.16845370527246,-0.024553787669921334
2019-09-02,4.1844000816345215,4.1418428323119,0.042557249322621615
2019-09-03,4.16510009765625,4.182213567178662,-0.017113469522412217
2019-09-04,4.093200206756592,4.162188733090946,-0.06898852633435393
2019-09-05,4.105999946594238,4.090859295754017,0.015140650840221426
2019-09-06,4.061299800872803,4.10311035074525,-0.041810549872447034
2019-09-09,4.093400001525879,4.058865957732883,0.03453404379299574
2019-09-10,4.079500198364258,4.0905673660964545,-0.011067167732196737
2019-09-11,4.064199924468994,4.076829373055157,-0.01262944858616244
2019-09-12,4.058899879455566,4.061407965026839,-0.002508085571272467
2019-09-13,4.0854997634887695,4.05661741352717,0.02888234996159955
2019-09-16,4.0792999267578125,4.081830018294455,-0.0025300915366424093
2019-09-17,4.076000213623047,4.07568736037826,0.0003128532447869148
2019-09-18,4.1072998046875,4.072614469405651,0.03468533528184903
2019-09-19,4.166600227355957,4.104774625553923,0.06182560180203378
2019-09-20,4.1483001708984375,4.162956434096393,-0.014656263197955433
2019-09-23,4.161499977111816,4.144968697646043,0.016531279465773707
2019-09-24,4.161699771881104,4.158522840947319,0.003176930933785016
2019-09-25,4.14709997177124,4.1584861487229166,-0.011386176951676319
2019-09-26,4.1691999435424805,4.14377232385528,0.025427619687200753
2019-09-27,4.157100200653076,4.165727695682919,-0.008627495029842613
2019-09-30,4.154799938201904,4.154136975173945,0.0006629630279588739
2019-10-01,4.154600143432617,4.161268832690729,-0.006668689258111371
2019-10-02,4.1244001388549805,4.162690121322093,-0.03828998246711279
2019-10-03,4.082900047302246,4.132712204865516,-0.049812157563270176
2019-10-04,4.054599761962891,4.091254139626263,-0.036654377663372095
2019-10-07,4.105100154876709,4.0643407851029485,0.04075936977376049
2019-10-08,4.09089994430542,4.114440873114858,-0.023540928809437922
2019-10-09,4.10830020904541,4.0998280699144765,0.008472139130933698
2019-10-10,4.108399868011475,4.116533480288995,-0.008133612277520186
2019-10-11,4.108500003814697,4.115505101376463,-0.007005097561766149
2019-10-14,4.123700141906738,4.115528806052199,0.008171335854539663
2019-10-15,4.178599834442139,4.130406148004244,0.048193686437894456
2019-10-16,4.148600101470947,4.183961956293862,-0.03536185482291465
2019-10-17,4.161099910736084,4.1545382067196,0.006561704016483816
2019-10-18,4.111100196838379,4.167016909080538,-0.05591671224215933
2019-10-21,4.1247639656066895,4.117231224827119,0.007532740779570446
2019-10-22,4.078400135040283,4.129999008057738,-0.05159887301745503
2019-10-23,4.033100128173828,4.084076109098693,-0.050975980924865105
2019-10-24,4.039299964904785,4.039706886691217,-0.0004069217864319796
2019-10-25,4.002900123596191,4.045554542712573,-0.04265441911638135
2019-10-28,3.988800048828125,4.009415576979592,-0.020615528151466833
2019-10-29,3.9967000484466553,3.995862685442838,0.0008373630038174262
2019-10-30,3.9862000942230233,4.003279237852335,-0.017079143629311844
2019-10-31,4.015999794006348,3.9948841528731305,0.021115641133217178
2019-11-01,3.989399909973145,4.02115953857225,-0.03175962859910486
2019-11-04,4.010799884796143,3.994733059168469,0.016066825627673698
2019-11-05,3.992000102996826,4.015790414117896,-0.023790311121070218
2019-11-06,4.082300186157227,3.9974364661819566,0.08486371997526998
2019-11-07,4.099500179290772,4.08561704911708,0.013883130173692138
2019-11-08,4.133399963378906,4.103387773519051,0.0300121898598551
2019-11-11,4.151299953460693,4.136541039002841,0.014758914457852157
2019-11-12,4.167900085449219,4.154791177898964,0.0131089075502544
2019-11-13,4.168600082397461,4.1714752688977805,-0.002875186500319593
2019-11-14,4.194300174713135,4.171906910306763,0.02239326440637157
2019-11-15,4.194799900054932,4.197068949288755,-0.002269049233823317
2019-11-18,4.216400146484375,4.197679040160667,0.01872110632370827
2019-11-19,4.191699981689453,4.2194741220123255,-0.027774140322872398
2019-11-20,4.195000171661377,4.194565305797273,0.0004348658641042391
2019-11-21,4.191699981689453,4.197238009455301,-0.005538027765847886
2019-11-22,4.195000171661377,4.1935252954460145,0.001474876215362464
2019-11-25,4.225399971008301,4.196800737374841,0.028599233633459953
2019-11-26,4.231800079345703,4.227263739730733,0.004536339614969798
2019-11-27,4.262700080871582,4.233266414825516,0.029433666046066342
2019-11-28,4.188000202178955,4.263593292270114,-0.075593090091159
2019-11-29,4.236100196838379,4.190298302751585,0.045801894086793915
2019-12-02,4.222300052642822,4.2321616436123906,-0.00986159096956829
2019-12-03,4.203999996185303,4.218671833737918,-0.014671837552615585
2019-12-04,4.206099987030029,4.199742041583178,0.006357945446850977
2019-12-05,4.184599876403809,4.201650878449141,-0.017051002045332275
2019-12-06,4.118899822235107,4.180101522350131,-0.06120170011502335
2019-12-09,4.14109992980957,4.115568445113393,0.025531484696177387
2019-12-10,4.144599914550781,4.13753525818575,0.0070646563650313965
2019-12-11,4.123700141906738,4.140876382705574,-0.017176240798836062
2019-12-12,4.087247848510742,4.120909327753317,-0.0336614792425749
2019-12-13,4.0858001708984375,4.0847753693613456,0.001024801537091946
2019-12-16,4.0619001388549805,4.083572625665824,-0.021672486810843772
2019-12-17,4.070199966430664,4.059645923475253,0.010554042955410736
2019-12-18,4.059662818908691,4.067053360357,-0.007390541448308419
2019-12-19,4.06879997253418,4.0562451266745985,0.01255484585958122
2019-12-20,4.079899787902832,4.065283991905447,0.014615795997385383
2019-12-23,4.081999778747559,4.075855391617624,0.006144387129934259
2019-12-24,4.082799911499023,4.077656037988799,0.005143873510224495
2019-12-25,4.083000183105469,4.078187074958712,0.004813108146756839
2019-12-26,4.054699897766113,4.078127853539017,-0.023427955772903353
2019-12-27,4.022299766540527,4.050576828696228,-0.02827706215570025
2019-12-30,4.015710830688477,4.019008877164206,-0.003298046475729066
2019-12-31,4.016786098480225,4.012177361281365,0.004608737198859458
2020-01-01,4.016300201416016,4.019906054950828,-0.00360585353481202
2020-01-02,4.023399829864502,4.018991892681935,0.004407937182566712
2020-01-03,4.057000160217285,4.026221258624173,0.030778901593111918
2020-01-06,4.060400009155273,4.059599899294573,0.0008001098607000046
2020-01-07,4.066199779510498,4.063132278163124,0.003067501347373991
2020-01-08,4.06279993057251,4.069329741940776,-0.006529811368266358
2020-01-09,4.092100143432617,4.066064253294149,0.026035890138468076
2020-01-10,4.070499897003174,4.095180036007211,-0.02468013900403676
2020-01-13,4.1458001136779785,4.0731500461131445,0.07265006756483405
2020-01-14,4.13129997253418,4.147103744427775,-0.015803771893595275
2020-01-15,4.174200057983398,4.133413930684995,0.040786127298403585
2020-01-16,4.183599948883057,4.175339583792179,0.008260365090877464
2020-01-17,4.161600112915039,4.183752561366559,-0.022152448451519646
2020-01-20,4.188499927520752,4.161955761048035,0.026544166472716846
2020-01-21,4.210899829864502,4.1892747729608635,0.021625056903638473
2020-01-22,4.181300163269043,4.210879515955418,-0.029579352686375238
2020-01-23,4.169099807739258,4.181361055354735,-0.012261247615477089
2020-01-24,4.1595001220703125,4.170116489198011,-0.010616367127698645
2020-01-27,4.206099987030029,4.162686395864871,0.04341359116515786
2020-01-28,4.193399906158447,4.207511914695339,-0.014112008536891985
2020-01-29,4.228899955749512,4.195532290797501,0.033367664952010934
2020-01-30,4.242199897766113,4.230505063652751,0.011694834113362695
2020-01-31,4.282599925994873,4.244615586346685,0.03798433964818848
2020-02-03,4.246799945831299,4.281264149003721,-0.034464203172421826
2020-02-04,4.253699779510498,4.24553959082739,0.008160188683108416
2020-02-05,4.23360013961792,4.251884523547947,-0.01828438393002685
2020-02-06,4.280799865722656,4.233068693127062,0.04773117259559445
2020-02-07,4.320400238037109,4.28027347751325,0.04012676052385977
2020-02-10,4.320974826812744,4.3197960801705015,0.0011787466422426007
2020-02-11,4.327530860900879,4.319043497108851,0.00848736379202819
2020-02-12,4.354499816894531,4.324708777856445,0.029791039038085998
2020-02-13,4.346766948699951,4.351688658226867,-0.004921709526915841
2020-02-14,4.296999931335449,4.344567560080379,-0.04756762874492981
2020-02-17,4.326499938964844,4.295193479087016,0.0313064598778281
2020-02-18,4.354800224304199,4.324384471317023,0.030415752987176248
2020-02-19,4.363999843597412,4.351354064406505,0.012645779190907369
2020-02-20,4.392300128936768,4.361256771717598,0.031043357219169287
2020-02-21,4.389800071716309,4.389655806458189,0.00014426525811916946
2020-02-24,4.386600017547607,4.388923570411423,-0.002323552863815692
2020-02-25,4.386799812316895,4.387415448515415,-0.0006156361985194536
2020-02-26,4.449100017547607,4.388971463004635,0.06012855454297217
2020-02-27,4.484799861907959,4.452075300715112,0.032724561192846835
2020-02-28,4.441299915313721,4.487000494877543,-0.0457005795638219
2020-03-02,4.472400188446045,4.447098983272412,0.025301205173632546
2020-03-03,4.513199806213379,4.478386021573944,0.034813784639434964
2020-03-04,4.583399772644043,4.517463125521603,0.06593664712243985
2020-03-05,4.606200218200684,4.58918204081823,0.017018177382453814
2020-03-06,4.589799880981445,4.614188934680817,-0.024389053699371388
2020-03-09,4.722899913787842,4.60519654712668,0.11770336666116155
2020-03-10,4.642099857330322,4.732655409948955,-0.0905555526186328
2020-03-11,4.813799858093262,4.656868475718637,0.15693138237462456
2020-03-12,4.790200233459473,4.832382042493389,-0.04218180903391655
2020-03-13,4.85260009765625,4.8039458315351835,0.04865426612106649
2020-03-16,4.999000072479248,4.871778442758124,0.12722162972112372
2020-03-17,5.009699821472168,5.014078990744105,-0.0043791692719370445
2020-03-18,5.103961944580078,5.0291913953968725,0.07477054918320558
2020-03-19,5.094200134277344,5.121996796038366,-0.027796661761022357
2020-03-20,5.045499801635742,5.113566940569864,-0.06806713893412208
2020-03-23,5.14169979095459,5.067305176583634,0.07439461437095574
2020-03-24,5.098100185394287,5.158531915884625,-0.0604317304903379
2020-03-25,5.033699989318848,5.113144959553509,-0.07944497023466113
2020-03-26,5.022600173950195,5.048316306188073,-0.02571613223787761
2020-03-27,5.104629039764404,5.039691807169015,0.06493723259538964
2020-03-30,5.192699909210205,5.119783851929906,0.07291605728029893
2020-03-31,5.203499794006348,5.207247785934241,-0.003747991927893324
2020-04-01,5.248199939727783,5.206322232513546,0.04187770721423689
2020-04-02,5.255300045013428,5.249005310113893,0.006294734899534582
2020-04-03,5.348499774932861,5.256980295513527,0.09151947941933436
2020-04-06,5.285299777984619,5.346411418434949,-0.061111640450329574
2020-04-07,5.221700191497803,5.283483056370995,-0.06178286487319262
2020-04-08,5.123499870300293,5.2194630018435495,-0.09596313154325653
2020-04-09,5.105800151824951,5.123409966114916,-0.017609814289964554
2020-04-10,5.105500221252441,5.105793190842698,-0.0002929695902569307
2020-04-13,5.198500156402588,5.105297662499553,0.0932024939030347
2020-04-14,5.162000179290772,5.196344486691388,-0.034344307400616
2020-04-15,5.236999988555908,5.161120775415843,0.07587921314006518
2020-04-16,5.230899810791016,5.235333109066854,-0.004433298275838382
2020-04-17,5.232699871063232,5.2287705557952515,0.003929315267980904
2020-04-20,5.315400123596191,5.236994281235309,0.07840584236088244
2020-04-21,5.315000057220459,5.31285808311628,0.002141974104178601
2020-04-22,5.456900119781494,5.3114779320165155,0.14542218776497862
2020-04-23,5.533100128173828,5.451260349168162,0.08183977900566575
2020-04-24,5.5725998878479,5.528035587139666,0.04456430070823458
2020-04-27,5.652599811553955,5.565946345625998,0.08665346592795675
2020-04-28,5.497399806976318,5.643374709311545,-0.1459749023352268
2020-04-29,5.334799766540527,5.489302687179076,-0.15450292063854842
2020-04-30,5.486000061035156,5.330154660156159,0.1558454008789969
2020-05-01,5.477000236511231,5.482540108813513,-0.005539872302281701
2020-05-04,5.540599822998047,5.473948610100092,0.06665121289795461
2020-05-05,5.578100204467773,5.53572026671848,0.04237993774929372
2020-05-06,5.715199947357178,5.572923847611882,0.14227609974529543
2020-05-07,5.828719139099121,5.710127605131625,0.11859153396749633
2020-05-08,5.477000236511231,5.82059437526341,-0.34359413875217903
2020-05-11,5.8171000480651855,5.475111508290315,0.34198853977487076
2020-05-12,5.884799957275391,5.810287285926085,0.07451267134930539
2020-05-13,5.88640022277832,5.877144175966862,0.009256046811458418
2020-05-14,5.8094000816345215,5.877814319506813,-0.0684142378722914
2020-05-15,5.855199813842773,5.802458919318977,0.05274089452379638
2020-05-18,5.718999862670898,5.8453665957166585,-0.12636673304576007
2020-05-19,5.755199909210205,5.711560545259973,0.04363936395023238
2020-05-20,5.690499782562256,5.746673415421667,-0.05617363285941135
2020-05-21,5.5524001121521,5.682256751882369,-0.12985663973026895
2020-05-22,5.52869987487793,5.54680816942795,-0.01810829455002061
2020-05-25,5.443399906158447,5.521803987831424,-0.07840408167297674
2020-05-26,5.343999862670898,5.437843918183549,-0.09384405551265029
2020-05-27,5.27269983291626,5.338969708630254,-0.0662698757139939
2020-05-28,5.403600215911865,5.26917620341876,0.13442401249310532
2020-05-29,5.334799766540527,5.397535294688819,-0.06273552814829131
2020-06-01,5.366499900817871,5.331949732182184,0.03455016863568705
2020-06-02,5.199299812316895,5.361825983536557,-0.1625261712196613
2020-06-03,5.061600208282471,5.1962503263571325,-0.13465011807466176
2020-06-04,5.117199897766113,5.060398890229073,0.05680100753704043
2020-06-05,4.959499835968018,5.114275017906988,-0.15477518193897044
2020-06-08,4.821599960327148,4.9577913855181315,-0.13619142519098304
2020-06-09,4.898399829864502,4.82248927753384,0.07591055233066157
2020-06-10,4.9721999168396,4.898960507161926,0.07323940967767317
2020-06-11,4.974999904632568,4.97289926120505,0.002100643427517923
2020-06-12,5.047800064086914,4.975978976071278,0.07182108801563647
2020-06-15,5.153206825256348,5.047634464256232,0.10557236100011558
2020-06-16,5.243599891662598,5.150529067789932,0.09307082387266608
2020-06-17,5.22790002822876,5.238646809683225,-0.010746781454464838
2020-06-18,5.377200126647949,5.224749600182554,0.1524505264653948
2020-06-19,5.309999942779541,5.371405288216247,-0.061405345436705616
2020-06-22,5.25190019607544,5.305700609345569,-0.05380041327012908
2020-06-23,5.151000022888184,5.248215894847577,-0.09721587195939296
2020-06-24,5.34660005569458,5.150143012927534,0.19645704276704645
2020-06-25,5.359499931335449,5.34171540092613,0.017784530409318933
2020-06-26,5.480899810791016,5.355611159758127,0.12528865103288833
2020-06-29,5.402100086212158,5.473951944938758,-0.07185185872659972
2020-06-30,5.461699962615967,5.3966357694374025,0.06506419317856427
2020-07-01,5.316199779510498,5.460630235306198,-0.14443045579569969
2020-07-02,5.35890007019043,5.317311640270233,0.04158842992019629
2020-07-03,5.311399936676025,5.3590213268309475,-0.04762139015492206
2020-07-06,5.354300022125244,5.311235672645011,0.04306434948023341
2020-07-07,5.377799987792969,5.354075748790543,0.023724239002425485
2020-07-08,5.342599868774414,5.376194921962787,-0.03359505318837286
2020-07-09,5.337800025939941,5.342027215711408,-0.0042271897714663
2020-07-10,5.326900005340576,5.336714512708675,-0.009814507368099079
2020-07-13,5.401500225067139,5.326724032626618,0.07477619244052036
2020-07-14,5.366799831390381,5.399205704784146,-0.032405873393765106
2020-07-15,5.366948127746582,5.364268894194629,0.0026792335519534305
2020-07-16,5.330699920654297,5.365053427469039,-0.034353506814742474
2020-07-17,5.385300159454346,5.328327136894324,0.05697302256002157
2020-07-20,5.327700138092041,5.3812604442686265,-0.05356030617658547
2020-07-21,5.1697998046875,5.324489770850086,-0.1546899661625858
2020-07-22,5.118100166320801,5.169080433289579,-0.050980266968777777
2020-07-23,5.210599899291992,5.119313737231073,0.09128616206091955
2020-07-24,5.229100227355957,5.21032401586181,0.018776211494147432
2020-07-27,5.141421794891357,5.227483862252835,-0.08606206736147737
2020-07-28,5.152299880981445,5.141496515348557,0.010803365632888529
2020-07-29,5.168799877166748,5.151389222454597,0.017410654712151086
2020-07-30,5.153900146484375,5.168079695064433,-0.01417954858005821
2020-07-31,5.221199989318848,5.154252839243724,0.06694715007512375
2020-08-03,5.318699836730957,5.222105319064928,0.09659451766602878
2020-08-04,5.290200233459473,5.318659497396872,-0.028459263937399726
2020-08-05,5.290900230407715,5.289787618874313,0.0011126115334016973
2020-08-06,5.331299781799316,5.290486314156276,0.040813467643040724
2020-08-07,5.43720006942749,5.330922951890818,0.10627711753667235
2020-08-10,5.480500221252441,5.434720449544685,0.04577977170775682
2020-08-11,5.38040018081665,5.478011191702816,-0.09761101088616542
2020-08-12,5.434999942779541,5.379288491846458,0.055711450933083384
2020-08-13,5.367000102996826,5.433827693671138,-0.0668275906743121
2020-08-14,5.42080020904541,5.366542581123197,0.05425762792221356
2020-08-17,5.508299827575684,5.420147696238051,0.08815213133763233
2020-08-18,5.465400218963623,5.505113297851262,-0.03971307888763853
2020-08-19,5.556399822235107,5.463482715783898,0.09291710645120954
2020-08-20,5.555900096893311,5.552758845483331,0.003141251409980228
2020-08-21,5.618599891662598,5.552237661676845,0.06636222998575292
2020-08-24,5.610599994659424,5.613456886528175,-0.0028568918687508216
2020-08-25,5.507400035858154,5.605549174060526,-0.09814913820237159
2020-08-26,5.607200145721436,5.504569255263978,0.10263089045745843
2020-08-27,5.568699836730957,5.602796218417829,-0.034096381686872235
2020-08-28,5.389999866485596,5.56417082941768,-0.17417096293208445
2020-08-31,5.490900039672852,5.389641957836623,0.10125808183622897
2020-09-01,5.397299766540527,5.4879988460736175,-0.0906990795330902
2020-09-02,5.338699817657471,5.396001569030886,-0.057301751373414866
2020-09-03,5.289899826049805,5.339243592005429,-0.04934376595562462
2020-09-04,5.301000118255615,5.291249486074806,0.009750632180809404
2020-09-07,5.298299789428711,5.302743241704096,-0.00444345227538534
2020-09-08,5.360599994659424,5.30065730074196,0.05994269391746343
2020-09-09,5.308499813079834,5.361067733590373,-0.05256792051053871
2020-09-10,5.320499897003174,5.311159297171182,0.00934059983199198
2020-09-11,5.316199779510498,5.323171299990435,-0.006971520479936544
2020-09-14,5.26830005645752,5.3179681972598996,-0.049668140802379135
2020-09-15,5.2743000984191895,5.270660439011143,0.003639659408046114
2020-09-16,5.236000061035156,5.27667646000827,-0.04067639897311359
2020-09-17,5.237800121307373,5.23878819375734,-0.0009880724499673477
2020-09-18,5.389800071716309,5.241462471383736,0.1483376003325727
2020-09-21,5.412600040435791,5.391924257754727,0.020675782681063737
2020-09-22,5.469900131225586,5.414093456640539,0.055806674585046956
2020-09-23,5.592400074005127,5.47136109516996,0.12103897883516712
2020-09-24,5.508399963378906,5.591255452377602,-0.0828554889986961
2020-09-25,5.561100006103516,5.508467234962357,0.05263277114115894
2020-09-28,5.660200119018555,5.561185020242537,0.0990150987760181
2020-09-29,5.630499839782715,5.659380267043259,-0.028880427260544295
2020-09-30,5.608399868011475,5.629513100939045,-0.02111323292757028
2020-10-01,5.642000198364258,5.613626863965406,0.028373334398851924
2020-10-02,5.681600093841553,5.647626646566196,0.03397344727535678
2020-10-05,5.573400020599365,5.685246494145677,-0.11184647354631139
2020-10-06,5.593800067901611,5.578961908343954,0.014838159557656994
2020-10-07,5.611299991607666,5.598992666286495,0.012307325321170737
2020-10-08,5.598599910736084,5.614918632882134,-0.01631872214604968
2020-10-09,5.52899980545044,5.602600028399015,-0.07360022294857504
2020-10-12,5.529699802398682,5.533856461360478,-0.004156658961796289
2020-10-13,5.56850004196167,5.534291461862715,0.03420858009895511
2020-10-14,5.590499877929688,5.572067169868806,0.018432708060882597
2020-10-15,5.611199855804443,5.593864780762962,0.017335075041481574
2020-10-16,5.644800186157227,5.614576323768054,0.03022386238917285
2020-10-19,5.605599880218506,5.647646854407583,-0.04204697418907699
2020-10-20,5.6041998863220215,5.608110783703862,-0.00391089738184025
2020-10-21,5.607800006866455,5.606910177812521,0.000889829053933866
2020-10-22,5.591300010681152,5.609718967323698,-0.018418956642545226
2020-10-23,5.616199970245361,5.593834879427942,0.02236509081741911
2020-10-26,5.622700214385986,5.618771582624633,0.003928631761353607
2020-10-27,5.7052001953125,5.625717701725294,0.07948249358720627
2020-10-28,5.744900226593018,5.709384733820263,0.03551549277275434
2020-10-29,5.7778000831604,5.747931355837271,0.029868727323129285
2020-10-30,5.741399765014648,5.781643389386698,-0.040243624372049425
2020-11-02,5.741099834442139,5.747994385338023,-0.0068945508958844215
2020-11-03,5.754899978637695,5.747070404957407,0.007829573680288249
2020-11-04,5.663000106811523,5.75927268045801,-0.09627257364648667
2020-11-05,5.523399829864502,5.6673633832954815,-0.14396355343097955
2020-11-06,5.36269998550415,5.53017542984658,-0.16747544434243
2020-11-09,5.384699821472168,5.370176706934344,0.014523114537824178
2020-11-10,5.413899898529053,5.391070616887895,0.02282928164115816
2020-11-11,5.389999866485596,5.42008558282635,-0.03008571634075441
2020-11-12,5.456699848175049,5.3977659002237095,0.05893394795133933
2020-11-13,5.456999778747559,5.4623231447145955,-0.005323365967036864
2020-11-16,5.414899826049805,5.461501747627601,-0.04660192157779619
2020-11-17,5.327199935913086,5.419754787801328,-0.09255485188824242
2020-11-18,5.361700057983398,5.333867571167987,0.027832486815411173
2020-11-19,5.304500102996826,5.367769648739758,-0.06326954574293175
2020-11-20,5.378099918365479,5.311313422091318,0.06678649627416178
2020-11-23,5.440599918365479,5.383382306424053,0.05721761194142605
2020-11-24,5.372600078582764,5.443428058868826,-0.07082798028606252
2020-11-25,5.3225998878479,5.376286613645995,-0.053686725798094415
2020-11-26,5.335299968719482,5.327042491148601,0.008257477570881022
2020-11-27,5.34250020980835,5.3393806200548894,0.0031195897534601613
2020-11-30,5.331099987030029,5.347293009554998,-0.016193022524968903
2020-12-01,5.204899787902832,5.3405351112411745,-0.1356353233383425
2020-12-02,5.216300010681152,5.216038947978662,0.0002610627024903778
2020-12-03,5.151000022888184,5.226725284576924,-0.07572526168874028
2020-12-04,5.154399871826172,5.161966584262778,-0.007566712436606338
2020-12-07,5.098299980163574,5.1654140872334136,-0.06711410706983933
2020-12-08,5.119699954986572,5.110225744299259,0.009474210687312912
2020-12-09,5.169700145721436,5.13175670172218,0.03794344399925631
2020-12-10,5.024199962615967,5.1798062263212135,-0.15560626370524666
2020-12-11,5.064199924468994,5.036522987692378,0.027676936776615868
2020-12-14,5.117700099945068,5.076036644206984,0.04166345573808439
2020-12-15,5.078884124755859,5.127950303107531,-0.04906617835167193
2020-12-16,5.083199977874756,5.0889043811123855,-0.005704403237629663
2020-12-17,5.056900024414063,5.092936039350584,-0.036036014936520644
2020-12-18,5.100599765777588,5.067225429001798,0.033374336775789715
2020-12-21,5.118937969207764,5.1111678473966515,0.007770121811112141
2020-12-22,5.1566548347473145,5.129165722299662,0.027489112447652175
2020-12-23,5.2153000831604,5.165468085772897,0.049831997387503435
2020-12-24,5.2153000831604,5.222946445742695,-0.0076463625822942305
2020-12-25,5.2153000831604,5.22275645355046,-0.007456370390059419
2020-12-28,5.2459001541137695,5.222566461358224,0.02333369275554542
2020-12-29,5.208600044250488,5.25246637851621,-0.043866334265721285
2020-12-30,5.190838813781738,5.21578032348146,-0.024941509699721642
2020-12-31,5.1921000480651855,5.198334721475146,-0.006234673409960756
2021-01-01,5.19189977645874,5.201739113631113,-0.009839337172373064
2021-01-04,5.295300006866455,5.201782651078017,0.09351735578843812
2021-01-05,5.28410005569458,5.302894530247935,-0.01879447455335459
2021-01-06,5.312900066375732,5.2914527235944036,0.02144734278132887
2021-01-07,5.40880012512207,5.318665922049938,0.09013420307213238
2021-01-08,5.412188053131104,5.4114088954645165,0.0007791576665878708
2021-01-11,5.48769998550415,5.415833206282709,0.07186677922144113
2021-01-12,5.321400165557861,5.489487756978234,-0.168087591420373
2021-01-13,5.297500133514404,5.326740743587669,-0.029240610073264506
2021-01-14,5.195799827575684,5.302540584227381,-0.10674075665169713
2021-01-15,5.291299819946289,5.204021718145337,0.08727810180095208
2021-01-18,5.2947998046875,5.297582011767762,-0.0027822070802621113
2021-01-19,5.3566999435424805,5.3012040886839955,0.05549585485848496
2021-01-20,5.290500164031982,5.362369820210011,-0.07186965617802876
2021-01-21,5.349500179290772,5.29780799309224,0.05169218619853222
2021-01-22,5.465499877929688,5.356564902199825,0.10893497572986366
2021-01-25,5.465499877929688,5.470771638659356,-0.005271760729667285
2021-01-26,5.353799819946289,5.470965059024444,-0.11716523907815457
2021-01-27,5.412600040435791,5.361565095915106,0.051034944520685244
2021-01-28,5.437989234924316,5.417834531645585,0.020154703278731034
2021-01-29,5.4608001708984375,5.444526210642902,0.016273960255535513
2021-02-01,5.430500030517578,5.467668544389163,-0.03716851387158471
2021-02-02,5.366899967193604,5.437178993839946,-0.07027902664634134
2021-02-03,5.352000236511231,5.37381048933593,-0.021810252824698395
2021-02-04,5.4257001876831055,5.3591806615736335,0.06651952610947198
2021-02-05,5.369200229644775,5.4312898253254955,-0.062089595680720144
2021-02-08,5.364299774169922,5.3756715087216405,-0.011371734551718582
2021-02-09,5.376699924468994,5.370856914840259,0.005843009628734741
2021-02-10,5.384900093078613,5.383475809139322,0.001424283939290838
2021-02-11,5.3653998374938965,5.391213842119652,-0.025814004625755338
2021-02-12,5.368599891662598,5.371888936305929,-0.0032890446433313514
2021-02-15,5.368000030517578,5.374816973264752,-0.006816942747174259
2021-02-16,5.369400024414063,5.3740059250830505,-0.00460590066898714
2021-02-17,5.409800052642822,5.375072938628563,0.03472711401425954
2021-02-18,5.42579984664917,5.415507711856502,0.010292134792668328
2021-02-19,5.38070011138916,5.431592397429438,-0.050892286040277845
2021-02-22,5.463399887084961,5.389781614567709,0.07361827251725206
2021-02-23,5.439599990844727,5.469972060072247,-0.03037206922752045
2021-02-24,5.402964115142822,5.4460564870748875,-0.043092371932065276
2021-02-25,5.528025150299072,5.4117768794111365,0.11624827088793577
2021-02-26,5.597599983215332,5.536115118619957,0.061484864595374944
2021-03-01,5.640699863433838,5.611535124595957,0.029164738837881288
2021-03-02,5.675099849700928,5.653591530647015,0.021508319053912928
2021-03-03,5.617499828338623,5.687570347108163,-0.07007051876953962
2021-03-04,5.668300151824951,5.630070988568383,0.038229163256568555
2021-03-05,5.689499855041504,5.678467020263247,0.011032834778257339
2021-03-08,5.874599933624268,5.701567719524812,0.17303221409945557
2021-03-09,5.801499843597412,5.883346704379845,-0.08184686078243253
2021-03-10,5.67110013961792,5.810652611368458,-0.1395524717505383
2021-03-11,5.534800052642822,5.681055107831396,-0.14625505518857373
2021-03-12,5.495155811309815,5.547342737290384,-0.05218692598056851
2021-03-15,5.614500045776367,5.507975222188723,0.10652482358764459
2021-03-16,5.6234002113342285,5.62586731128869,-0.0024670999544618155
2021-03-17,5.583099842071533,5.633477098656234,-0.05037725658470116
2021-03-18,5.558700084686279,5.593360289419796,-0.03466020473351694
2021-03-19,5.493563175201416,5.568573566288999,-0.07501039108758256
2021-03-22,5.505499839782715,5.504946994649268,0.0005528451334466666
2021-03-23,5.520400047302246,5.517976683416242,0.0024233638860042817
2021-03-24,5.61959981918335,5.5328518998592,0.08674791932415005
2021-03-25,5.648399829864502,5.629943156581467,0.01845667328303513
2021-03-26,5.752399921417236,5.657364269395852,0.09503565202138464
2021-03-29,5.780799865722656,5.759355578121999,0.021444287600656864
2021-03-30,5.771599769592285,5.786805960271586,-0.015206190679300846
2021-03-31,5.63129997253418,5.777966809053677,-0.14666683651949697
2021-04-01,5.707399845123291,5.6278922858039016,0.07950755931938946
2021-04-02,5.710599899291992,5.702340765598262,0.008259133693730547
2021-04-05,5.662700176239014,5.70505642892207,-0.04235625268305654
2021-04-06,5.593200206756592,5.657866532673301,-0.06466632591670951
2021-04-07,5.612100124359131,5.589356448168461,0.02274367619066986
2021-04-08,5.566599845886231,5.607614657231932,-0.04101481134570051
2021-04-09,5.679299831390381,5.563074984479185,0.11622484691119617
2021-04-12,5.732200145721436,5.673416392881241,0.05878375284019555
2021-04-13,5.716300010681152,5.725159391999772,-0.00885938131861952
2021-04-14,5.652900218963623,5.70877740933432,-0.05587719037069672
2021-04-15,5.614999771118164,5.646046617658597,-0.031046846540433215
2021-04-16,5.5858001708984375,5.608562050227826,-0.02276187932938889
2021-04-19,5.545300006866455,5.5799449716796,-0.03464496481314505
2021-04-20,5.56790018081665,5.5406708782563,0.027229302560350277
2021-04-21,5.56790018081665,5.563079710121481,0.004820470695169554
2021-04-22,5.44320011138916,5.563333929025666,-0.1201338176365061
2021-04-23,5.477200031280518,5.439901847275958,0.037298184004559864
2021-04-26,5.435299873352051,5.473333274924391,-0.03803340157234025
2021-04-27,5.451000213623047,5.432533423694071,0.018466789928975658
2021-04-28,5.341400146484375,5.447139434100128,-0.10573928761575324
2021-04-29,5.336400032043457,5.339529077050204,-0.0031290450067471554
2021-04-30,5.439700126647949,5.335382514771036,0.10431761187691357
2021-05-03,5.43809986114502,5.4331503094267175,0.004949551718302914
2021-05-04,5.442599773406982,5.432192526600959,0.010407246806023451
2021-05-05,5.352700233459473,5.435785584807403,-0.08308535134792994
2021-05-06,5.273430824279785,5.345257040493635,-0.0718262162138501
2021-05-07,5.235499858856201,5.266195716966917,-0.030695858110715513
2021-05-10,5.2221999168396,5.229051586903107,-0.006851670063507065
2021-05-11,5.221199989318848,5.215551097402587,0.005648891916260723
2021-05-12,5.303100109100342,5.21619093101099,0.08690917808935161
2021-05-13,5.307700157165527,5.296447858999067,0.011252298166460228
2021-05-14,5.269499778747559,5.300098834514492,-0.03059905576693378
2021-05-17,5.271500110626221,5.261962510457587,0.009537600168633809
2021-05-18,5.259500026702881,5.2640992509365985,-0.004599224233717614
2021-05-19,5.308000087738037,5.252720205677954,0.055279882060083274
2021-05-20,5.281300067901611,5.300440485534855,-0.0191404176332437
2021-05-21,5.361800193786621,5.274053622681262,0.08774657110535866
2021-05-24,5.31850004196167,5.352223222058873,-0.0337231800972031
2021-05-25,5.330699920654297,5.310108767243858,0.0205911534104386
2021-05-26,5.310500144958496,5.321625097283976,-0.011124952325479498
2021-05-27,5.2382001876831055,5.301492746781945,-0.0632925590988398
2021-05-28,5.23799991607666,5.229863592376948,0.008136323699711845
2021-05-31,5.216599941253662,5.22929578934861,-0.012695848094947948
2021-06-01,5.149700164794922,5.206950818871889,-0.0572506540769675
2021-06-02,5.07450008392334,5.140379558289326,-0.06587947436598629
2021-06-03,5.076300144195557,5.066310246765817,0.009989897429739436
2021-06-04,5.044600009918213,5.067768228937456,-0.02316821901924282
2021-06-07,5.045199871063232,5.036336477721232,0.008863393342000592
2021-06-08,5.034900188446045,5.037277269497223,-0.002377081051178287
2021-06-09,5.061500072479248,5.027120229100462,0.03437984337878586
2021-06-10,5.054500102996826,5.053126017101754,0.0013740858950725965
2021-06-11,5.117000102996826,5.046430804670646,0.07056929832618053
2021-06-14,5.058599948883057,5.1075669164151,-0.04896696753204299
2021-06-15,5.043799877166748,5.050038529251873,-0.006238652085125196
2021-06-16,5.054299831390381,5.035910557490042,0.018389273900338843
2021-06-17,5.007400035858154,5.0449977855929315,-0.03759774973477725
2021-06-18,5.0960001945495605,4.998779895692185,0.09722029885737538
2021-06-21,5.0131001472473145,5.085183491136691,-0.07208334388937665
2021-06-22,4.957099914550781,5.003841557153665,-0.046741642602883715
2021-06-23,4.965199947357178,4.948900978688566,0.016298968668611913
2021-06-24,4.912700176239014,4.9562887572700856,-0.04358858103107188
2021-06-25,4.91540002822876,4.905521105559793,0.009878922668966617
2021-06-28,4.924799919128418,4.908200602768746,0.016599316359672045
2021-06-29,4.955100059509277,4.917484689673461,0.037615369835815926
2021-06-30,4.969200134277344,4.947464806979995,0.02173532729734884
2021-07-01,5.045102119445801,4.9709741401895595,0.07412797925624126
2021-07-02,5.059199810028076,5.044697953641135,0.014501856386941014
2021-07-05,5.088459014892578,5.058999066699456,0.029459948193122365
2021-07-06,5.195300102233887,5.088724314686938,0.10657578754694885
2021-07-07,5.231200218200684,5.193080264729665,0.0381199534710186
2021-07-08,5.257999897003174,5.229142793936268,0.028857103066905587
2021-07-09,5.257900238037109,5.254706911984326,0.0031933260527834406
2021-07-12,5.172699928283691,5.25413108818358,-0.08143115989988825
2021-07-13,5.162399768829346,5.169950008635764,-0.007550239806418446
2021-07-14,5.069900035858154,5.1599318764619255,-0.09003184060377123
2021-07-15,5.110000133514404,5.069542263533336,0.040457869981068484
2021-07-16,5.1153998374938965,5.109753117827818,0.005646719666078326
2021-07-19,5.250899791717529,5.116570652454634,0.13432913926289558
2021-07-20,5.219900131225586,5.249155063275486,-0.029254932049900262
2021-07-21,5.187300205230713,5.217989556748315,-0.030689351517602326
2021-07-22,5.1996002197265625,5.18560729063863,0.013992929087932815
2021-07-23,5.19789981842041,5.1980604259758785,-0.0001606075554683173
2021-07-26,5.1753997802734375,5.195947881055217,-0.020548100781779155
2021-07-27,5.169099807739258,5.174522137155235,-0.005422329415977423
2021-07-28,5.114799976348877,5.1674886353130125,-0.05268865896413555
2021-07-29,5.080399990081787,5.114142459736534,-0.033742469654747254
2021-07-30,5.208700180053711,5.082066173435903,0.12663400661780777
2021-08-02,5.174600124359131,5.208180942065065,-0.033580817705933796
2021-08-03,5.196800231933594,5.174127340958053,0.022672890975540483
2021-08-04,5.1682000160217285,5.197100316524662,-0.028900300502933796
2021-08-05,5.245200157165527,5.1662990741242325,0.07890108304129484
2021-08-06,5.23199987411499,5.241607440794943,-0.009607566679952662
2021-08-09,5.231800079345703,5.228739001096687,0.003061078249015914
2021-08-10,5.188300132751465,5.228693692798115,-0.040393560046649846
2021-08-11,5.218200206756592,5.185831729757378,0.032368476999213414
2021-08-12,5.252200126647949,5.215829275229097,0.036370851418852546
2021-08-13,5.247499942779541,5.249116235369266,-0.0016162925897251768
2021-08-16,5.259699821472168,5.245494351275029,0.014205470197138581
2021-08-17,5.294300079345703,5.258240684310684,0.03605939503501876
2021-08-18,5.378600120544434,5.293115882657951,0.08548423788648218
2021-08-19,5.414100170135498,5.37601553424207,0.03808463589342814
2021-08-20,5.379000186920166,5.410601559613077,-0.03160137269291141
2021-08-23,5.379899978637695,5.375844554950803,0.004055423686891935
2021-08-24,5.245800018310547,5.375264498179919,-0.12946447986937226
2021-08-25,5.210999965667725,5.242917761640486,-0.031917795972761454
2021-08-26,5.251599788665772,5.209796438325369,0.04180335034040361
2021-08-27,5.2027997970581055,5.248607903106159,-0.045808106048053965
2021-08-30,5.182899951934815,5.200903780086843,-0.018003828152028056
2021-08-31,5.1493000984191895,5.181851187278219,-0.03255108885902924
2021-09-01,5.184599876403809,5.1506724550113825,0.033927421392426105
2021-09-02,5.18179988861084,5.18643679239171,-0.004636903780870227
2021-09-03,5.189799785614014,5.183649593119726,0.006150192494287943
2021-09-06,5.169300079345703,5.191174805029937,-0.021874725684233987
2021-09-07,5.169600009918213,5.172080389327563,-0.0024803794093504195
2021-09-08,5.3206000328063965,5.173287709946194,0.1473123228602029
2021-09-09,5.196499824523926,5.321182947467996,-0.12468312294407013
2021-09-10,5.247000217437744,5.199472296246813,0.04752792119093119
2021-09-13,5.213200092315674,5.248100463890208,-0.034900371574534184
2021-09-14,5.238900184631348,5.215012634914796,0.023887549716551604
2021-09-15,5.221700191497803,5.240456503663992,-0.01875631216618956
2021-09-16,5.256800174713135,5.2241223663108665,0.032677808402268305
2021-09-17,5.289700031280518,5.259906576001404,0.0297934552791137
2021-09-20,5.323200225830078,5.293847821037128,0.029352404792950537
2021-09-21,5.268899917602539,5.326158550810501,-0.05725863320796165
2021-09-22,5.287700176239014,5.2715086929619455,0.016191483277068208
2021-09-23,5.3018999099731445,5.286381589929517,0.015518320043627298
2021-09-24,5.336999893188477,5.3006105780126385,0.0363893151758381
2021-09-27,5.390399932861328,5.3348826660128825,0.0555172668484456
2021-09-28,5.427599906921387,5.389256048864164,0.038343858057222846
2021-09-29,5.414299964904785,5.425450881814463,-0.011150916909677733
2021-09-30,5.441699981689453,5.412544463116756,0.029155518572697048
2021-10-01,5.367899894714356,5.442708684046755,-0.07480878933239854
2021-10-04,5.453199863433838,5.371180617590141,0.08201924584369724
2021-10-05,5.475500106811523,5.454811286627188,0.020688820184335377
2021-10-06,5.491899967193604,5.476827728662228,0.015072238531376847
2021-10-07,5.517000198364258,5.4927542284772715,0.02424596988698635
2021-10-08,5.506899833679199,5.516346342307161,-0.009446508627961592
2021-10-11,5.535999774932861,5.5066541563874996,0.029345618545361773
2021-10-12,5.531499862670898,5.535017191317143,-0.003517328646244877
2021-10-13,5.512499809265137,5.530287902452018,-0.01778809318688168
2021-10-14,5.512199878692627,5.511407141884024,0.000792736808603145
2021-10-15,5.458399772644043,5.510251529271825,-0.05185175662778185
2021-10-18,5.511300086975098,5.457351328113832,0.05394875886126549
2021-10-19,5.5833001136779785,5.510942880219099,0.07235723345887912
2021-10-20,5.59630012512207,5.581590464137705,0.01470966098436488
2021-10-21,5.657800197601318,5.595871584516292,0.061928613085026285
2021-10-22,5.649199962615967,5.656906331386572,-0.007706368770604932
2021-10-25,5.554399967193604,5.647294762939339,-0.09289479574573445
2021-10-26,5.564799785614014,5.554921451413728,0.009878334200285721
2021-10-27,5.534999847412109,5.565469525699129,-0.03046967828701952
2021-10-28,5.644899845123291,5.532468804325225,0.1124310407980662
2021-10-29,5.633699893951416,5.641490469733595,-0.007790575782179232
2021-11-01,5.678899765014648,5.638569470085387,0.040330294929261434
2021-11-02,5.678599834442139,5.682999094947071,-0.004399260504932556
2021-11-03,5.5524001121521,5.682949014157353,-0.1305489020052537
2021-11-04,5.6016998291015625,5.559938169944155,0.04176165915740793
2021-11-05,5.541100025177002,5.6074870528351815,-0.0663870276581795
2021-11-08,5.543099880218506,5.5477906141443265,-0.004690733925820645
2021-11-09,5.479100227355957,5.549215060466009,-0.07011483311005229
2021-11-10,5.4899001121521,5.486469866127205,0.003430246024894501
2021-11-11,5.3979997634887695,5.496270887643456,-0.09827112415468608
2021-11-12,5.457600116729736,5.406473561202272,0.051126555527464035
2021-11-15,5.456299781799316,5.465515695880784,-0.009215914081467602
2021-11-16,5.502200126647949,5.464604842727394,0.03759528392055511
2021-11-17,5.52869987487793,5.510778525840884,0.017921349037045786
2021-11-18,5.556399822235107,5.536925744296649,0.019474077938458123
2021-11-19,5.611599922180176,5.564298767899779,0.047301154280396496
2021-11-22,5.585599899291992,5.618994887008293,-0.03339498771630112
2021-11-23,5.570400238037109,5.592498650656937,-0.022098412619827812
2021-11-24,5.605199813842773,5.57714160815017,0.02805820569260309
2021-11-25,5.565100193023682,5.611527335362746,-0.04642714233906453
2021-11-26,5.607800006866455,5.574410590480406,0.033389416386048865
2021-11-29,5.6006999015808105,5.615788444631529,-0.015088543050718606
2021-11-30,5.620871067047119,5.609878933923709,0.010992133123409964
2021-12-01,5.6915669441223145,5.626544624337504,0.0650223197848101
2021-12-02,5.643321990966797,5.694163476246956,-0.050841485280159304
2021-12-03,5.65009880065918,5.646554516179302,0.0035442844798776463
2021-12-06,5.688000202178955,5.651904495977215,0.036095706201740185
2021-12-07,5.611800193786621,5.688329514379533,-0.07652932059291206
2021-12-08,5.531599998474121,5.613031767647002,-0.0814317691728812
2021-12-09,5.571100234985352,5.531350777345231,0.039749457640120944
2021-12-10,5.60866117477417,5.569351324162447,0.03930985061172265
2021-12-13,5.679699897766113,5.606643242994108,0.07305665477200485
2021-12-14,5.680600166320801,5.676986003888691,0.003614162432110213
2021-12-15,5.679399967193604,5.677369195741974,0.002030771451630109
2021-12-16,5.687399864196777,5.675754575773812,0.011645288422965194
2021-12-17,5.693059921264648,5.684387318551779,0.008672602712869626
2021-12-20,5.741300106048584,5.69138214015422,0.04991796589436426
2021-12-21,5.74399995803833,5.738080671841274,0.00591928619705584
2021-12-22,5.652999877929688,5.740534957106199,-0.0875350791765106
2021-12-23,5.671795845031738,5.650952434760887,0.020843410270851237
2021-12-24,5.67110013961792,5.669111525265086,0.0019886143528342615
2021-12-27,5.624100208282471,5.668090971737503,-0.0439907634550325
2021-12-28,5.627500057220459,5.622110923112534,0.005389134107924853
2021-12-29,5.702700138092041,5.625712798065433,0.07698734002660768
2021-12-30,5.570199966430664,5.699379023504043,-0.12917905707337862
2021-12-31,5.569300174713135,5.569438261184097,-0.00013808647096258397
2022-01-03,5.68120002746582,5.558847835170635,0.12235219229518535
2022-01-04,5.676199913024902,5.669045851933025,0.007154061091877217
2022-01-05,5.705635070800781,5.665418018518268,0.0402170522825136
2022-01-06,5.682400226593018,5.693963459711898,-0.011563233118880412
2022-01-07,5.632199764251709,5.670695928493701,-0.03849616424199187
2022-01-10,5.662199974060059,5.621741790147605,0.04045818391245337
2022-01-11,5.567299842834473,5.649979529666072,-0.08267968683159932
2022-01-12,5.533199787139893,5.555543185113717,-0.022343397973824786
2022-01-13,5.526700019836426,5.522306555559884,0.00439346427654197
2022-01-14,5.533299922943115,5.515079438217342,0.018220484725773645
2022-01-17,5.5157999992370605,5.521709336295527,-0.005909337058466413
2022-01-18,5.565700054168701,5.504595505883951,0.061104548284750315
2022-01-19,5.43720006942749,5.55297770527368,-0.1157776358461895
2022-01-20,5.418099880218506,5.426191777366185,-0.008091897147679106
2022-01-21,5.457099914550781,5.40790543502422,0.04919447952656153
2022-01-24,5.486100196838379,5.446988717365446,0.03911147947293259
2022-01-25,5.440703868865967,5.474475316832945,-0.03377144796697795
2022-01-26,5.429166793823242,5.428849165483211,0.0003176283400314617
2022-01-27,5.40348482131958,5.417311960105601,-0.013827138786020932
2022-01-28,5.362599849700928,5.3920987540557315,-0.029498904354803734
2022-01-31,5.303100109100342,5.351074232708868,-0.04797412360852604
2022-02-01,5.264500141143799,5.291165307497851,-0.026665166354051806
2022-02-02,5.260900020599365,5.253500076459349,0.0073999441400163235
2022-02-03,5.282899856567383,5.246422517790585,0.036477338776797374
2022-02-04,5.326900005340576,5.267528463134929,0.05937154220564711
2022-02-07,5.262599945068359,5.311094582830127,-0.048494637761767656
2022-02-08,5.258399963378906,5.247832072624442,0.01056789075446396
2022-02-09,5.234499931335449,5.243379341226747,-0.008879409891298096
2022-02-10,5.248700141906738,5.219665999936177,0.029034141970560867
2022-02-11,5.249956130981445,5.233419635488895,0.01653649549255043
2022-02-14,5.214000225067139,5.234331342890179,-0.020331117823040756
2022-02-15,5.157899856567383,5.198754731795836,-0.04085487522845277
2022-02-16,5.135799884796143,5.14312773172204,-0.0073278469258974965
2022-02-17,5.170599937438965,5.122605155430379,0.04799478200858598
2022-02-18,5.137499809265137,5.157355880112702,-0.01985607084756502
2022-02-21,5.102700233459473,5.125244655743768,-0.02254442228429543
2022-02-22,5.05709981918335,5.090466727042653,-0.033366907859303296
2022-02-23,5.008699893951416,5.046244467562831,-0.03754457361141483
2022-02-24,5.122200012207031,4.998549325391973,0.12365068681505864
2022-02-25,5.15939998626709,5.109403541241409,0.04999644502568046
2022-02-28,5.158400058746338,5.145267733689899,0.013132325056439242
2022-03-01,5.158999919891357,5.153946970556151,0.005052949335206058
2022-03-02,5.096502780914307,5.153196957847992,-0.056694176933685725
2022-03-03,5.030900001525879,5.092098765077443,-0.061198763551564284
2022-03-04,5.06056022644043,5.027051778960912,0.033508447479517756
2022-03-07,5.110499858856201,5.057472531979574,0.053027326876627257
2022-03-08,5.058800220489502,5.106388736238806,-0.047588515749303895
2022-03-09,5.011499881744385,5.055693351511999,-0.04419346976761407
2022-03-10,5.009699821472168,5.009610403211001,8.941826116704021e-05
2022-03-11,5.073500156402588,5.008498322646359,0.06500183375622903
2022-03-14,5.121399879455566,5.072880366944666,0.04851951251090014
2022-03-15,5.1631999015808105,5.120939395746981,0.042260505833829676
2022-03-16,5.073874950408936,5.160991774904342,-0.08711682449540525
2022-03-17,5.039400100708008,5.068612799818232,-0.029212699110224172
2022-03-18,5.0177998542785645,5.033346012606167,-0.0155461583276022
2022-03-21,4.935200214385986,5.01088086171918,-0.07568064733319346
2022-03-22,4.909999847412109,4.929000067132159,-0.019000219720049394
2022-03-23,4.82420015335083,4.9039177941001295,-0.07971764074929943
2022-03-24,4.826300144195557,4.818886164127952,0.00741398006760452
2022-03-25,4.7368998527526855,4.820699902905038,-0.08380005015235259
2022-03-28,4.764100074768066,4.733689051659,0.030411023109066626
2022-03-29,4.756199836730957,4.759916313443595,-0.0037164767126380838
2022-03-30,4.769700050354004,4.751710053949285,0.017989996404718767
2022-03-31,4.737800121307373,4.766163429426883,-0.028363308119510044
2022-04-01,4.657199859619141,4.733700463889724,-0.07650060427058314
2022-04-04,4.593800067901611,4.653965871243932,-0.060165803342320245
2022-04-05,4.650700092315674,4.592968752467171,0.05773133984850265
2022-04-06,4.715199947357178,4.650022667019894,0.06517728033728343
2022-04-07,4.752099990844727,4.713173808226319,0.03892618261840752
2022-04-08,4.698100090026856,4.749508228782261,-0.05140813875540484
2022-04-11,4.693600177764893,4.69764864354607,-0.004048465781177235
2022-04-12,4.673099994659424,4.692914502294875,-0.01981450763545123
2022-04-13,4.690199851989746,4.671907581686294,0.018292270303452263
2022-04-14,4.701000213623047,4.688850750968532,0.012149462654514664
2022-04-15,4.7006001472473145,4.699519839258342,0.0010803079889720735
2022-04-18,4.651999950408936,4.699167799318035,-0.04716784890909853
2022-04-19,4.664999961853027,4.65206822964304,0.012931732209987779
2022-04-20,4.620800018310547,4.665167291838955,-0.04436727352840819
2022-04-21,4.620800018310547,4.622476956822594,-0.0016769385120474212
2022-04-22,4.795199871063232,4.623747341701579,0.17145252936165356
2022-04-25,4.876200199127197,4.795861835760824,0.08033836336637368
2022-04-26,4.997799873352051,4.876660668799146,0.12113920455290472
2022-04-27,4.963600158691406,4.995741932132047,-0.03214177344064062
2022-04-28,4.93779993057251,4.961166463516514,-0.023366532944003815
2022-04-29,4.97130012512207,4.937210229675388,0.03408989544668195
2022-05-02,5.084700107574463,4.9750155925246435,0.10968451504981935
2022-05-03,4.958099842071533,5.0869049222724545,-0.1288050802009213
2022-05-04,4.918799877166748,4.960555915184218,-0.04175603801746952
2022-05-05,5.027999877929688,4.921077692270293,0.10692218565939537
2022-05-06,5.080399990081787,5.028501403714341,0.05189858636744571
2022-05-09,5.160900115966797,5.0820341732452725,0.07886594272152436
2022-05-10,5.13129997253418,5.161656462070489,-0.03035648953630954
2022-05-11,5.134252071380615,5.131465057183311,0.002787014197304316
2022-05-12,5.133399963378906,5.1337559279205545,-0.0003559645416482127
2022-05-13,5.058300018310547,5.131606849711426,-0.07330683140087935
2022-05-16,5.059700012207031,5.056746449019691,0.0029535631873400803
2022-05-17,4.93809986114502,5.057850089281134,-0.11975022813611336
2022-05-18,4.96750020980835,4.94012019170757,0.027380018100779502
2022-05-19,4.929999828338623,4.968477664412852,-0.03847783607422883
2022-05-20,4.880199909210205,4.9307937084406825,-0.050593799230477465
2022-05-23,4.813499927520752,4.881083366909726,-0.06758343938897404
2022-05-24,4.817800045013428,4.815494474001048,0.0023055710123793816
2022-05-25,4.822800159454346,4.819558652146071,0.0032415073082745494
2022-05-26,4.768199920654297,4.823243653754596,-0.055043733100299086
2022-05-27,4.729599952697754,4.769102138325162,-0.03950218562740826
2022-05-30,4.752399921417236,4.731588689811004,0.020811231606232106
2022-05-31,4.730400085449219,4.753939240699044,-0.023539155249824972
2022-06-01,4.815499782562256,4.725132990390671,0.09036679217158472
2022-06-02,4.795700073242188,4.808012166196298,-0.012312092954109843
2022-06-03,4.775000095367432,4.789076339515488,-0.014076244148056638
2022-06-06,4.7941999435424805,4.769125484098347,0.025074459444133446
2022-06-07,4.867526054382324,4.787857564752854,0.07966848962947015
2022-06-08,4.898099899291992,4.8605972984359385,0.037502600856053725
2022-06-09,4.903299808502197,4.891597219431399,0.01170258907079802
2022-06-10,4.984000205993652,4.897862289417066,0.0861379165765861
2022-06-13,5.113399982452393,4.978962782574645,0.13443719987774738
2022-06-14,5.116099834442139,5.1067969279322165,0.00930290650992216
2022-06-15,5.052000045776367,5.109373978812574,-0.05737393303620664
2022-06-16,5.052199840545654,5.0457825100256075,0.006417330520046782
2022-06-17,5.152100086212158,5.047532501897988,0.10456758431416979
2022-06-20,5.18720006942749,5.1456333974046675,0.041566672022822715
2022-06-21,5.122799873352051,5.180059568938491,-0.057259695586440174
2022-06-22,5.193600177764893,5.117280100900863,0.07632007686402975
2022-06-23,5.23799991607666,5.187711821855926,0.050288094220734436
2022-06-24,5.241399765014648,5.230431575983819,0.0109681890308293
2022-06-27,5.236800193786621,5.2326484472074375,0.004151746579183602
2022-06-28,5.266600131988525,5.228173754508753,0.03842637747977218
2022-06-29,5.180900096893311,5.258163479972307,-0.0772633830789955
2022-06-30,5.251999855041504,5.174868227387706,0.07713162765379789
2022-07-01,5.330999851226807,5.259154028805318,0.07184582242148885
2022-07-04,5.3282999992370605,5.337539388633855,-0.009239389396794806
2022-07-05,5.385200023651123,5.335518826261321,0.04968119738980192
2022-07-06,5.427999973297119,5.391388137764953,0.03661183553216585
2022-07-07,5.338200092315674,5.431963302372253,-0.09376321005657928
2022-07-08,5.254000186920166,5.343576299841514,-0.08957611292134793
2022-07-11,5.377200126647949,5.261863824482062,0.11533630216588708
2022-07-12,5.436500072479248,5.384094776167245,0.05240529631200275
2022-07-13,5.390900135040283,5.442616790789211,-0.05171665574892792
2022-07-14,5.422800064086914,5.398629372880233,0.024170691206681028
2022-07-15,5.410099983215332,5.429417092790166,-0.01931710957483368
2022-07-18,5.436800003051758,5.416281957207323,0.02051804584443495
2022-07-19,5.413099765777588,5.441477206304903,-0.028377440527314945
2022-07-20,5.470200061798096,5.418293320507348,0.05190674129074768
2022-07-21,5.497799873352051,5.474700515183299,0.02309935816875175
2022-07-22,5.496699810028076,5.502197705288312,-0.005497895260235808
2022-07-25,5.356299877166748,5.500269989717802,-0.14397011255105419
2022-07-26,5.350100040435791,5.362663953363951,-0.012563912928159837
2022-07-27,5.243000030517578,5.355269176324542,-0.11226914580696423
2022-07-28,5.182700157165527,5.249319938168672,-0.06661978100314503
2022-07-29,5.171199798583984,5.189319588832579,-0.018119790248595002
2022-08-01,5.184000015258789,5.176479179110688,0.007520836148101395
2022-08-02,5.277699947357178,5.188580045703767,0.08911990165341077
2022-08-03,5.282700061798096,5.280838594487669,0.00186146731042669
2022-08-04,5.211100101470947,5.283776867737228,-0.07267676626628106
2022-08-05,5.164599895477295,5.2130280587360724,-0.048428163258777523
2022-08-08,5.110099792480469,5.166220906770929,-0.05612111429045985
2022-08-09,5.123700141906738,5.112559831364582,0.011140310542156584
2022-08-10,5.093699932098389,5.124821993007607,-0.031122060909217986
2022-08-11,5.1570000648498535,5.095271812582576,0.06172825226727774
2022-08-12,5.074900150299072,5.156237257303799,-0.0813371070047264
2022-08-15,5.095600128173828,5.075585468218122,0.020014659955705838
2022-08-16,5.1417388916015625,5.096040104166774,0.04569878743478828
2022-08-17,5.164999961853027,5.141261337292186,0.023738624560841082
2022-08-18,5.166999816894531,5.163806207396602,0.0031936094979290175
2022-08-19,5.168399810791016,5.166941149110384,0.0014586616806315789
2022-08-22,5.156099796295166,5.1690810192799965,-0.01298122298483051
2022-08-23,5.103499889373779,5.1555480823418165,-0.0520481929680372
2022-08-24,5.110099792480469,5.103608384928629,0.006491407551839856
2022-08-25,5.108699798583984,5.109920893202878,-0.0012210946188933036
2022-08-26,5.0625,5.10943386049832,-0.046933860498319824
2022-08-29,5.027200222015381,5.063593455107073,-0.03639323309169207
2022-08-30,5.1219000816345215,5.030440027108087,0.09146005452643458
2022-08-31,5.181700229644775,5.1243554175861465,0.05734481205862885
2022-09-01,5.2403998374938965,5.179520894216187,0.06087894327770904
2022-09-02,5.171000003814697,5.2371643754706465,-0.06616437165594924
2022-09-05,5.153900146484375,5.168294951120838,-0.014394804636462588
2022-09-06,5.247200012207031,5.152588304537075,0.09461170766995597
2022-09-07,5.246699810028076,5.244716250780304,0.001983559247772604
2022-09-08,5.2133002281188965,5.243935754444818,-0.030635526325921703
2022-09-09,5.146299839019775,5.2094602425610645,-0.06316040354128916
2022-09-12,5.0920000076293945,5.142802005987401,-0.050801998358006806
2022-09-13,5.189799785614014,5.0910984457585435,0.09870133985547014
2022-09-14,5.162700176239014,5.187274542101445,-0.024574365862431335
2022-09-15,5.246099948883057,5.161381771049465,0.08471817783359192
2022-09-16,5.250699996948242,5.243827171099678,0.00687282584856419
2022-09-19,5.170899868011475,5.2470644798240365,-0.07616461181256184
2022-09-20,5.141499996185303,5.168497494715855,-0.026997498530552555
2022-09-21,5.170400142669678,5.140184935174828,0.03021520749484985
2022-09-22,5.115499973297119,5.167689728216872,-0.05218975491975275
2022-09-23,5.258800029754639,5.115444625587545,0.14335540416709325
2022-09-26,5.389400005340576,5.257957423614069,0.1314425817265068
2022-09-27,5.378099918365479,5.386618771869511,-0.008518853504031476
2022-09-28,5.374199867248535,5.37485327127456,-0.000653404026024873
2022-09-29,5.396200180053711,5.371693759620245,0.024506420433465514
2022-09-30,5.414299964904785,5.3926239719814495,0.021675992923335663
2022-10-03,5.16349983215332,5.40870470194528,-0.24520486979195955
2022-10-04,5.17579984664917,5.161235113430929,0.01456473321824081
2022-10-05,5.195199966430664,5.172784322606813,0.02241564382385075
2022-10-06,5.220099925994873,5.191741427988294,0.02835849800657897
2022-10-07,5.198400020599365,5.216598165531865,-0.018198144932499716
2022-10-10,5.186800003051758,5.195687582129022,-0.008887579077264007
2022-10-11,5.292099952697754,5.185041195647603,0.10705875705015089
2022-10-12,5.291500091552734,5.28904159860108,0.0024584929516544562
2022-10-13,5.259799957275391,5.288102125156717,-0.028302167881326667
2022-10-14,5.327400207519531,5.258549975142307,0.06885023237722443
2022-10-17,5.277359008789063,5.324120596738311,-0.04676158794924756
2022-10-18,5.239799976348877,5.274106692465913,-0.03430671611703584
2022-10-19,5.269199848175049,5.236671848471932,0.032527999703116706
2022-10-20,5.216599941253662,5.265231343800823,-0.04863140254716125
2022-10-21,5.163400173187256,5.21209342144294,-0.04869324825568455
2022-10-24,5.30620002746582,5.16143539026078,0.14476463720504018
2022-10-25,5.315199851989746,5.302316806254355,0.012883045735391008
2022-10-26,5.383900165557861,5.311798424788264,0.07210174076959763
2022-10-27,5.339200019836426,5.378487792287954,-0.03928777245152837
2022-10-28,5.28849983215332,5.334419262737837,-0.045919430584516974
2022-10-31,5.178800106048584,5.284092570037755,-0.10529246398917103
2022-11-01,5.142399787902832,5.171676977777426,-0.029277189874593823
2022-11-02,5.142600059509277,5.135953355387518,0.0066467041217590506
2022-11-03,5.1149001121521,5.136475693383236,-0.021575581231136454
2022-11-04,5.078132152557373,5.108010168045622,-0.029878015488248977
2022-11-07,5.153326988220215,5.07308740049894,0.08023958772127493
2022-11-08,5.14300012588501,5.146975282661044,-0.003975156776034439
2022-11-09,5.185200214385986,5.138544843881767,0.04665537050421964
2022-11-10,5.341579914093018,5.181126856350677,0.1604530577423402
2022-11-11,5.279058933258057,5.333504971408795,-0.05444603815073812
2022-11-14,5.331200122833252,5.272024576887757,0.05917554594549479
2022-11-15,5.331699848175049,5.323772584826407,0.007927263348642022
2022-11-16,5.39900016784668,5.3251630933735745,0.07383707447310517
2022-11-17,5.422100067138672,5.392108548423165,0.02999151871550687
2022-11-18,5.38129997253418,5.415332177328393,-0.03403220479421343
2022-11-21,5.318600177764893,5.374877262175504,-0.05627708441061152
2022-11-22,5.357699871063232,5.313213230101765,0.04448664096146704
2022-11-23,5.35830020904541,5.352119180049878,0.0061810289955319675
2022-11-24,5.320000171661377,5.351388512762687,-0.031388341101309614
2022-11-25,5.4085001945495605,5.315080995571832,0.09341919897772843
2022-11-28,5.364699840545654,5.402318148273528,-0.03761830772787356
2022-11-29,5.268199920654297,5.358170884727323,-0.08997096407302596
2022-11-30,5.181589126586914,5.261898336094974,-0.08030920950805953
2022-12-01,5.183599948883057,5.17739400011973,0.006205948763327029
2022-12-02,5.2179999351501465,5.179076968730461,0.03892296641968507
2022-12-05,5.28000020980835,5.21460961954699,0.06539059026135963
2022-12-06,5.234000205993652,5.276021479025676,-0.04202127303202374
2022-12-07,5.203999996185303,5.231108311878538,-0.02710831569323524
2022-12-08,5.224299907684326,5.202519554687577,0.021780352996748853
2022-12-09,5.235000133514404,5.222425968321778,0.012574165192626552
2022-12-12,5.321300029754639,5.233646271758067,0.08765375799657171
2022-12-13,5.292799949645996,5.318850250106329,-0.026050300460332743
2022-12-14,5.277200222015381,5.290701635455375,-0.013501413439994003
2022-12-15,5.311800003051758,5.2757919041393,0.0360080989124576
2022-12-16,5.306509017944336,5.3105754203890685,-0.004066402444732553
2022-12-19,5.291600227355957,5.304597753983092,-0.012997526627135159
2022-12-20,5.198400020599365,5.288713075185511,-0.09031305458614547
2022-12-21,5.199900150299072,5.196447283184678,0.003452867114393854
2022-12-22,5.165599822998047,5.198168907737303,-0.03256908473925613
2022-12-23,5.164299964904785,5.163050059184394,0.0012499057203907427
2022-12-26,5.21750020980835,5.162226509239147,0.05527370056920233
2022-12-27,5.292300224304199,5.214774568244693,0.0775256560595059
2022-12-28,5.2667999267578125,5.287719987713748,-0.020920060955935682
2022-12-29,5.284599781036377,5.2625985219035885,0.022001259132788498
2022-12-30,5.2855000495910645,5.280753544215313,0.0047465053757518305
2023-01-02,5.360130786895752,5.2703751760985345,0.0897556107972175
2023-01-03,5.478499889373779,5.345014864972843,0.13348502440093668
2023-01-04,5.430099964141846,5.461343676017147,-0.031243711875301727
2023-01-05,5.349800109863281,5.412768029328071,-0.06296791946479008
2023-01-06,5.224400043487549,5.332905440153435,-0.10850539666588599
2023-01-09,5.253699779510498,5.209248320151762,0.0444514593587364
2023-01-10,5.198299884796143,5.237189422270567,-0.03888953747442425
2023-01-11,5.1585001945495605,5.181894148665571,-0.02339395411601064
2023-01-12,5.107699871063232,5.142531810875305,-0.03483193981207222
2023-01-13,5.080699920654297,5.092766824821966,-0.012066904167669534
2023-01-16,5.145999908447266,5.066958766518745,0.07904114192852063
2023-01-17,5.099599838256836,5.130205099210279,-0.030605260953443292
2023-01-18,5.185299873352051,5.084345008570086,0.10095486478196491
2023-01-19,5.172999858856201,5.1684121682974515,0.004587690558749635
2023-01-20,5.206299781799316,5.156309046641929,0.04999073515738761
2023-01-23,5.205900192260742,5.189175016239663,0.01672517602107959
2023-01-24,5.138400077819824,5.188364259460421,-0.049964181640596905
2023-01-25,5.072199821472168,5.121419368737825,-0.04921954726565669
2023-01-26,5.062745094299316,5.056096686331529,0.006648407967787762
2023-01-27,5.107200145721436,5.047637945787752,0.05956219993368439
2023-01-30,5.1149001121521,5.092006266310552,0.022893845841547744
2023-01-31,5.072199821472168,5.098568933282953,-0.026369111810785384
2023-02-01,5.053500175476074,5.060792414011642,-0.007292238535567819
2023-02-02,5.049200057983398,5.043347663374046,0.005852394609352274
2023-02-03,5.149799823760986,5.040168602761012,0.10963122099997413
2023-02-06,5.145699977874756,5.139163291750543,0.006536686124213098
2023-02-07,5.2093000411987305,5.1348803818386335,0.07441965936009698
2023-02-08,5.19950008392334,5.196558894853435,0.002941189069904482
2023-02-09,5.289500236511231,5.188008481015455,0.10149175549577638
2023-02-10,5.213482856750488,5.276190515134907,-0.06270765838441861
2023-02-13,5.158400058746338,5.200898227218329,-0.04249816847199117
2023-02-14,5.191500186920166,5.147356324759517,0.044143862160648695
2023-02-15,5.2179999351501465,5.179145075804438,0.03885485934570809
2023-02-16,5.216800212860107,5.205183871333977,0.011616341526130114
2023-02-17,5.165168762207031,5.204548315496432,-0.03937955328940035
2023-02-20,5.1666998863220215,5.154190771918826,0.012509114403195909
2023-02-21,5.166500091552734,5.15614476081922,0.010355330733514023
2023-02-22,5.151199817657471,5.156537535718751,-0.005337718061280583
2023-02-23,5.136199951171875,5.141004663095021,-0.004804711923146243
2023-02-24,5.207799911499023,5.127089745769288,0.08071016572973555
2023-02-27,5.199699878692627,5.197654344135421,0.002045534557206352
2023-02-28,5.235899925231934,5.189913991563564,0.04598593366836923
2023-03-01,5.178299903869629,5.23650966097511,-0.05820975710548115
2023-03-02,5.1996002197265625,5.180171279698714,0.019428940027848896
2023-03-03,5.194399833679199,5.20053605987578,-0.006136226196581163
2023-03-06,5.152200222015381,5.194947926613533,-0.04274770459815258
2023-03-07,5.190000057220459,5.154134825601699,0.035865231618759985
2023-03-08,5.144400119781494,5.190377075004378,-0.045976955222883475
2023-03-09,5.163700103759766,5.1464806826850005,0.01721942107476515
2023-03-10,5.21560001373291,5.16617636986558,0.049423643867330114
2023-03-13,5.245699882507324,5.21769733944502,0.02800254306230432
2023-03-14,5.251699924468994,5.247613418306712,0.0040865061622819
2023-03-15,5.287099838256836,5.254129057400325,0.03297078085651073
2023-03-16,5.229599952697754,5.2883452626185825,-0.0587453099208286
2023-03-17,5.2778000831604,5.232723493465469,0.045076589694931
2023-03-20,5.235700130462647,5.280429183147065,-0.04472905268441796
2023-03-21,5.240900039672852,5.238635122046207,0.0022649176266442694
2023-03-22,5.236100196838379,5.244109217240508,-0.008009020402129252
2023-03-23,5.29670000076294,5.240491932562457,0.0562080682004833
2023-03-24,5.245100021362305,5.299731767557879,-0.054631746195574316
2023-03-27,5.197100162506104,5.248160910016556,-0.05106074751045142
2023-03-28,5.164400100708008,5.200221314796475,-0.03582121408846728
2023-03-29,5.134200096130371,5.167638548361193,-0.03343845223082198
2023-03-30,5.092700004577637,5.136835690152801,-0.04413568557516445
2023-03-31,5.062300205230713,5.096513384915031,-0.03421317968431836
2023-04-03,5.06309986114502,5.0648188372601215,-0.0017189761151010785
2023-04-04,5.070700168609619,5.065476692308321,0.005223476301297936
2023-04-05,5.033199787139893,5.073396190308502,-0.04019640316860951
2023-04-06,5.058300018310547,5.036515135587997,0.021784882722549526
2023-04-07,5.054399967193604,5.0610313084557355,-0.006631341262131052
2023-04-10,5.065299987792969,5.057011444169944,0.008288543623025113
2023-04-11,5.004000186920166,5.0655706168299846,-0.061570429909818536
2023-04-12,4.916900157928467,5.004800568687795,-0.0879004107593282
2023-04-13,4.926700115203857,4.919261093115634,0.007439022088223446
2023-04-14,4.908699989318848,4.928968194756752,-0.02026820543790464
2023-04-17,4.939799785614014,4.911526701004266,0.02827308460974809
2023-04-18,4.984300136566162,4.942049160437244,0.04225097612891826
2023-04-19,5.074299812316895,4.98704219331051,0.08725761900638584
2023-04-20,5.047699928283691,5.07567694242495,-0.02797701414125875
2023-04-21,5.047900199890137,5.049521542038123,-0.001621342147986482
2023-04-24,5.033400058746338,5.049702919907802,-0.0163028611614644
2023-04-25,5.053100109100342,5.036135905051226,0.016964204049116027
2023-04-26,5.043000221252441,5.056285240546374,-0.013285019293932443
2023-04-27,4.976200103759766,5.045797758975238,-0.06959765521547201
2023-04-28,4.986000061035156,4.979064607197869,0.00693545383728722
2023-05-01,4.9878997802734375,4.984664167693987,0.0032356125794503754
2023-05-02,5.038400173187256,4.98768331849605,0.05071685469120624
2023-05-03,4.994400024414063,5.037859515988611,-0.04345949157454765
2023-05-04,4.982600212097168,4.994481387904041,-0.011881175806872868
2023-05-05,4.951700210571289,4.981008527738988,-0.02930831716769866
2023-05-08,5.007999897003174,4.949990514225672,0.05800938277750145
2023-05-09,4.985899925231934,5.004897691929335,-0.018997766697401275
2023-05-10,4.94290018081665,4.9830790488012155,-0.04017886798456516
2023-05-11,4.929500102996826,4.940614238345397,-0.011114135348570642
2023-05-12,4.920199871063232,4.927446964753483,-0.007247093690250672
2023-05-15,4.887899875640869,4.917886567004843,-0.02998669136397414
2023-05-16,4.93940019607544,4.886581510278259,0.052818685797181075
2023-05-17,4.937699794769287,4.936328664327153,0.0013711304421342163
2023-05-18,4.964399814605713,4.934363105997125,0.03003670860858776
2023-05-19,4.996799945831299,4.960401022990453,0.03639892284084567
2023-05-22,4.966100215911865,4.992470458408129,-0.026370242496263963
2023-05-23,4.971199989318848,4.962418181319478,0.008781807999369562
2023-05-24,4.958600044250488,4.967868224377217,-0.009268180126729142
2023-05-25,5.035200119018555,4.955087579192618,0.08011253982593658
2023-05-26,4.992800235748291,5.029831484357954,-0.037031248609663336
2023-05-29,5.018099784851074,4.988548999687468,0.02955078516360654
2023-05-30,5.034800052642822,5.014239031116302,0.02056102152651995
2023-05-31,5.054800033569336,5.031182786395633,0.023617247173702616
2023-06-01,5.0131001472473145,5.052750055248385,-0.0396499080010706
2023-06-02,4.956600189208984,5.01046404968476,-0.05386386047577574
2023-06-05,4.925600051879883,4.954784303289152,-0.02918425140926928
2023-06-06,4.912000179290772,4.923437167998571,-0.011436988707798967
2023-06-07,4.922399997711182,4.909616658640611,0.012783339070570499
2023-06-08,4.922100067138672,4.91957125591318,0.002528811225491978
2023-06-09,4.877900123596191,4.919044084742496,-0.0411439611463047
2023-06-12,4.860599994659424,4.87564050262182,-0.015040507962396532
2023-06-13,4.861000061035156,4.858540587915096,0.0024594731200604514
2023-06-14,4.815000057220459,4.858007174742388,-0.04300711752192932
2023-06-15,4.809199810028076,4.812260988441203,-0.0030611784131266973
2023-06-16,4.807000160217285,4.806676744435079,0.0003234157822058492
2023-06-19,4.776899814605713,4.804118731892279,-0.027218917286566224
2023-06-20,4.789299964904785,4.774707843181252,0.01459212172353297
2023-06-21,4.76230001449585,4.786386129138581,-0.02408611464273136
2023-06-22,4.7697367668151855,4.760782055614427,0.008954711200758858
2023-06-23,4.7855000495910645,4.768213945114353,0.017286104476711195
2023-06-26,4.767300128936768,4.784086199458281,-0.016786070521513707
2023-06-27,4.810500144958496,4.7665508221335715,0.043949322824924586
2023-06-28,4.850500106811523,4.8092328625727365,0.041267244238786915
2023-06-29,4.855599880218506,4.847737914641365,0.007861965577141028
2023-06-30,4.784200191497803,4.852650105459334,-0.06844991396153155
2023-07-03,4.80649995803833,4.786769486450947,0.01973047158738339
2023-07-04,4.839900016784668,4.808880490590736,0.031019526193931668
2023-07-05,4.8471999168396,4.84143260857726,0.005767308262339732
2023-07-06,4.918700218200684,4.84966860374715,0.06903161445353323
2023-07-07,4.8709001541137695,4.919165176706648,-0.04826502259287846
2023-07-10,4.898200035095215,4.872628895441103,0.02557113965411162
2023-07-11,4.851500034332275,4.899525895979662,-0.048025861647386314
2023-07-12,4.81689977645874,4.853176856470244,-0.036277080011504204
2023-07-13,4.7947998046875,4.818176726000518,-0.023376921313017718
2023-07-14,4.788099765777588,4.797308003180453,-0.009208237402865471
2023-07-17,4.805799961090088,4.790581078522206,0.015218882567881842
2023-07-18,4.809299945831299,4.807897429432068,0.0014025163992306133
2023-07-19,4.789899826049805,4.811486405820739,-0.021586579770934478
2023-07-20,4.796899795532227,4.792212837102407,0.004686958429819477
2023-07-21,4.777400016784668,4.797974056435332,-0.020574039650663956
2023-07-24,4.725500106811523,4.778040667350406,-0.05254056053888245
2023-07-25,4.748899936676025,4.72653564169968,0.022364294976345178
2023-07-26,4.736199855804443,4.7494102870168,-0.013210431212356433
2023-07-27,4.741600036621094,4.738004567994574,0.0035954686265196045
2023-07-28,4.723299980163574,4.743048770533191,-0.019748790369616742
2023-07-31,4.724699974060059,4.724095117801814,0.0006048562582448014
2023-08-01,4.791999816894531,4.72400162849847,0.06799818839606164
2023-08-02,4.810400009155273,4.790788636821468,0.019611372333805832
2023-08-03,4.916399955749512,4.8100943613500196,0.10630559439949216
2023-08-04,4.88539981842041,4.914806256972086,-0.029406438551675684
2023-08-07,4.89900016784668,4.8843458743870505,0.014654293459629208
2023-08-08,4.898600101470947,4.897801976132415,0.0007981253385320741
2023-08-09,4.901700019836426,4.897636722170549,0.004063297665877208
2023-08-10,4.891499996185303,4.900888513645633,-0.009388517460330092
2023-08-11,4.910999774932861,4.89095171709408,0.02004805783878094
2023-08-14,4.962100028991699,4.91070874420719,0.051391284784509494
2023-08-15,4.983200073242188,4.961595227058905,0.0216048461832834
2023-08-16,4.9868998527526855,4.982893507143921,0.004006345608764228
2023-08-17,4.975500106811523,4.9867899435221315,-0.011289836710608014
2023-08-18,4.966899871826172,4.975285433091996,-0.008385561265823682
2023-08-21,4.978700160980225,4.967239320781134,0.011460840199090327
2023-08-22,4.937099933624268,4.978149551363005,-0.04104961773873761
2023-08-23,4.855100154876709,4.936353461109764,-0.08125330623305516
2023-08-24,4.880300045013428,4.856314724802414,0.02398532021101385
2023-08-25,4.870399951934815,4.881475896867352,-0.011075944932536608
2023-08-28,4.872600078582764,4.871048699567798,0.0015513790149652706
2023-08-29,4.85129976272583,4.872336478257334,-0.02103671553150388
2023-08-30,4.888400077819824,4.851666870858182,0.036733206961642395
2023-08-31,4.953800201416016,4.888774876892662,0.06502532452335341
2023-09-01,4.97629976272583,4.950143199156698,0.026156563569132096
2023-09-04,4.936200141906738,4.972297080954162,-0.036096939047423504
2023-09-05,4.966700077056885,4.933002381247031,0.03369769580985338
2023-09-06,4.977000236511231,4.963611824891335,0.013388411619896345
2023-09-07,4.976099967956543,4.974014010989729,0.0020859569668143507
2023-09-08,4.982999801635742,4.973189408695454,0.009810392940288182
2023-09-11,4.929399967193604,4.979213091322007,-0.049813124128403
2023-09-12,4.946599960327148,4.925880019140276,0.02071994118687215
2023-09-13,4.91540002822876,4.942731610179405,-0.027331581950645223
2023-09-14,4.868199825286865,4.911193523479524,-0.042993698192658414
2023-09-15,4.867000102996826,4.8651190272336065,0.0018810757632197195
2023-09-18,4.853700160980225,4.864060975255727,-0.010360814275502506
2023-09-19,4.865799903869629,4.851231252368892,0.014568651500736607
2023-09-20,4.878799915313721,4.8629760075703645,0.01582390774335618
2023-09-21,4.934899806976318,4.878468240621841,0.05643156635447699
2023-09-22,4.933899879455566,4.933714047156618,0.0001858322989480854
2023-09-25,4.968299865722656,4.932758650287553,0.03554121543510291
2023-09-26,4.986199855804443,4.967486467986419,0.018713387818024785
2023-09-27,5.042200088500977,4.984666034445481,0.05753405405549561
2023-09-28,5.032800197601318,5.0392894483574935,-0.0064892507561751245
2023-09-29,5.042799949645996,5.029801107134776,0.01299884251122041
2023-10-02,5.061500072479248,5.048562728862731,0.012937343616517438
2023-10-03,5.166299819946289,5.067819592495574,0.0984802274507155
2023-10-04,5.154600143432617,5.171325616388171,-0.016725472955553933
2023-10-05,5.164999961853027,5.160189448695797,0.004810513157230467
2023-10-06,5.145699977874756,5.1698289504065995,-0.02412897253184365
2023-10-09,5.135200023651123,5.149913455244031,-0.014713431592907611
2023-10-10,5.051000118255615,5.138853073302618,-0.08785295504700308
2023-10-11,5.049600124359131,5.056086848493339,-0.006486724134208366
2023-10-12,5.045899868011475,5.055143102806407,-0.009243234794932498
2023-10-13,5.048200130462647,5.051316321942254,-0.0031161914796067336
2023-10-16,5.037600040435791,5.053216328398519,-0.01561628796272796
2023-10-17,5.037399768829346,5.043068821625644,-0.005669052796298146
2023-10-18,5.056099891662598,5.043680505550073,0.012419386112524577
2023-10-19,5.062900066375732,5.06209072909151,0.0008093372842221669
2023-10-20,5.031300067901611,5.069384904314075,-0.0380848364124633
2023-10-23,5.01230001449585,5.0388446719186435,-0.026544657422793883
2023-10-24,4.991000175476074,5.01982049358368,-0.028820318107605658
2023-10-25,4.994699954986572,4.99926579682647,-0.004565841839897722
2023-10-26,4.985300064086914,5.00241483646604,-0.017114772379126286
2023-10-27,4.952030181884766,4.99362264941964,-0.041592467534874444
2023-10-30,5.04610013961792,4.961456832414335,0.08464330720358504
2023-10-31,5.03410005569458,5.053815263456324,-0.019715207761743514
2023-11-01,4.953700065612793,5.044948213747125,-0.09124814813433169
2023-11-02,4.952899932861328,4.965961696859676,-0.013061763998347686
2023-11-03,4.899199962615967,4.964581406168159,-0.06538144355219178
2023-11-06,4.884099960327148,4.91153757617992,-0.02743761585277138
2023-11-07,4.871500015258789,4.896681963278859,-0.025181948020070344
2023-11-08,4.909299850463867,4.8845773710346805,0.024722479429186706
2023-11-09,4.933899879455566,4.921864359222469,0.012035520233097508
2023-11-10,4.893379211425781,4.944988298642587,-0.05160908721680535
2023-11-13,4.906199932098389,4.905120780186172,0.001079151912216858
2023-11-14,4.864500045776367,4.916171996333275,-0.05167195055690765
2023-11-15,4.860899925231934,4.875019079230677,-0.014119153998743528
2023-11-16,4.862199783325195,4.8716045794004135,-0.009404796075218158
2023-11-17,4.819177150726318,4.872311718054243,-0.05313456732792421
2023-11-20,4.851799964904785,4.8292267058625855,0.022573259042199645
2023-11-21,4.8993000984191895,4.861553478913528,0.03774661950566127
2023-11-22,4.9054999351501465,4.908124472531718,-0.0026245373815712014
2023-11-23,4.902500152587891,4.9140657243619295,-0.01156557177403883
2023-11-24,4.900899887084961,4.911663350029644,-0.010763462944683333
2023-11-27,4.895500183105469,4.91012687868797,-0.014626695582501625
2023-11-28,4.869800090789795,4.9042416683731345,-0.034441577583339544
2023-11-29,4.904099941253662,4.878998281189096,0.025101660064565934
2023-11-30,4.923099994659424,4.912361452109416,0.010738542550007502
2023-12-01,4.902159214019775,4.925922870478885,-0.02376365645910994
2023-12-04,4.9430999755859375,4.90608805708345,0.037011918502487084
2023-12-05,4.927700042724609,4.946416870996712,-0.01871682827210286
2023-12-06,4.901199817657471,4.932220838897548,-0.031021021240077218
2023-12-07,4.910099983215332,4.905873574988183,0.004226408227149037
2023-12-08,4.893286228179932,4.913877800977031,-0.02059157279709911
2023-12-11,4.936699867248535,4.897352499448201,0.03934736780033443
2023-12-12,4.964499950408936,4.940547853346843,0.023952097062093003
2023-12-13,4.918399810791016,4.966250408604122,-0.04785059781310608
2023-12-14,4.914599895477295,4.92127306266209,-0.006673167184795048
2023-12-15,4.919657230377197,4.917842132622749,0.001815097754448658
2023-12-18,4.895899772644043,4.922242238904256,-0.026342466260213193
2023-12-19,4.866499900817871,4.89833266170092,-0.03183276088304865
2023-12-20,4.914599895477295,4.869982949343773,0.044616946133522184
2023-12-21,4.881800174713135,4.916594374478319,-0.03479419976518461
2023-12-22,4.86984395980835,4.884077885722746,-0.01423392591439665
2023-12-25,4.869743824005127,4.871996094580899,-0.002252270575771931
2023-12-26,4.813499927520752,4.871580586904232,-0.05808065938347973
2023-12-27,4.826099872589111,4.816085035314597,0.010014837274514576
2023-12-28,4.850200176239014,4.828746116202543,0.021454060036470324
2023-12-29,4.850500106811523,4.8527352353269855,-0.002235128515462037
2024-01-01,4.852399826049805,4.8437638861181425,0.008635939931662229
2024-01-02,4.922500133514404,4.845965806915597,0.07653432659880721
2024-01-03,4.9191999435424805,4.914727372974681,0.004472570567799039
2024-01-04,4.895599842071533,4.912306289898919,-0.01670644782738595
2024-01-05,4.8606672286987305,4.888518754645222,-0.027851525946491762
2024-01-08,4.86899995803833,4.854120338548339,0.014879619489991391
2024-01-09,4.905099868774414,4.862614704945698,0.04248516382871603
2024-01-10,4.89139986038208,4.898431912601603,-0.007032052219522633
2024-01-11,4.869699954986572,4.884973350291665,-0.015273395305092308
2024-01-12,4.85290002822876,4.8633838232032245,-0.010483794974464722
2024-01-15,4.862199783325195,4.846653795337785,0.01554598798741047
2024-01-16,4.924900054931641,4.856847590362604,0.06805246456903635
2024-01-17,4.934000015258789,4.918947640624821,0.015052374633968135
2024-01-18,4.92609977722168,4.928157188166976,-0.002057410945296212
2024-01-19,4.904642105102539,4.920149899735945,-0.01550779463340568
2024-01-22,4.98829984664917,4.899270605554078,0.08902924109509236
2024-01-23,4.952199935913086,4.980894407726695,-0.02869447181360929
2024-01-24,4.932499885559082,4.945481310725148,-0.012981425166065819
2024-01-25,4.915800094604492,4.925610119575365,-0.009810024970873243
2024-01-26,4.913599967956543,4.908754256167701,0.0048457117888416334
2024-01-29,4.950200080871582,4.906833162746272,0.043366918125309795
2024-01-30,4.950300216674805,4.943233876562545,0.007066340112259262
2024-01-31,4.951900005340576,4.94361933890926,0.008280666431316419
2024-02-01,4.914999961853027,4.950917826014969,-0.03591786416194154
2024-02-02,4.932938098907471,4.915219636787025,0.017718462120445366
2024-02-05,4.949943065643311,4.932673609826749,0.01726945581656203
2024-02-06,4.962299823760986,4.948044300149448,0.014255523611538479
2024-02-07,4.969299793243408,4.960390372491274,0.008909420752134523
2024-02-08,4.991899967193604,4.967630214297892,0.024269752895712315
2024-02-09,4.953100204467773,4.989804202096792,-0.03670399762901866
2024-02-12,4.952199935913086,4.9517811072173155,0.000418828695770479
2024-02-13,4.952000141143799,4.951131883139721,0.0008682580040781929
2024-02-14,4.968299865722656,4.95109209229558,0.017207773427076134
2024-02-15,4.972400188446045,4.966538916623893,0.005861271822151792
2024-02-16,4.965099811553955,4.970095700539932,-0.004995888985977359
2024-02-19,4.956399917602539,4.962871753441008,-0.006471835838468998
2024-02-20,4.926400184631348,4.954014202978076,-0.027614018346728386
2024-02-21,4.934899806976318,4.924455314865833,0.01044449211048537
2024-02-22,4.962399959564209,4.932350912146131,0.030049047418078345
2024-02-23,4.993500232696533,4.960014712327172,0.03348552036936159
2024-02-26,4.978899955749512,4.990462791190067,-0.011562835440555475
2024-02-27,4.932400226593018,4.9749906224979155,-0.04259039590489788
2024-02-28,4.967299938201904,4.9299863511459225,0.037313587055981756
2024-02-29,4.969799995422363,4.964795346070701,0.005004649351662671
2024-03-01,4.952700138092041,4.980188370501938,-0.027488232409896618
2024-03-04,4.944900035858154,4.963895612561755,-0.018995576703600747
2024-03-05,4.957099914550781,4.956542848522838,0.0005570660279428097
2024-03-06,4.943600177764893,4.968007382462277,-0.024407204697384444
2024-03-07,4.933800220489502,4.954846321020513,-0.02104610053101119
2024-03-08,4.977540016174316,4.945972363836949,0.031567652337367136
2024-03-11,4.977399826049805,4.989463231178872,-0.012063405129067561
2024-03-12,4.968699932098389,4.988511490331258,-0.01981155823286951
2024-03-13,4.969200134277344,4.9795832323323115,-0.010383098054967732
2024-03-14,4.992700099945068,4.980085617993776,0.012614481951292333
2024-03-15,4.968047142028809,5.003754380164417,-0.0357072381356085
2024-03-18,5.029399871826172,4.979120679631832,0.05027919219434018
2024-03-19,5.03000020980835,5.0390664268684775,-0.00906621706012789
2024-03-20,4.96619987487793,5.039011469282961,-0.0728115944050316
2024-03-21,4.974500179290772,4.97796569589096,-0.00346551660018779
2024-03-22,5.000899791717529,4.986712706439859,0.014187085277669986
2024-03-25,4.9721999168396,5.012628950490507,-0.04042903365090744
2024-03-26,4.9756999015808105,4.984497264698662,-0.00879736311785173
2024-03-27,4.990300178527832,4.987473161651893,0.0028270168759387815
2024-03-28,5.014100074768066,5.001431401913571,0.012668672854495355
2024-03-29,5.013199806213379,5.025085790564174,-0.01188598435079502
2024-04-01,5.053599834442139,5.025705493982236,0.0278943404599028
2024-04-02,5.06440019607544,5.065151358867046,-0.0007511627916052532
2024-04-03,5.038599967956543,5.075835286763722,-0.037235318807178786
2024-04-04,5.057400226593018,5.050448041232906,0.006952185360111329
2024-04-05,5.054900169372559,5.069035944591447,-0.014135775218888647
2024-04-08,5.023900032043457,5.0657076138108845,-0.04180758176742749
2024-04-09,5.007599830627441,5.0348530779571306,-0.027253247329689145
2024-04-10,5.066199779510498,5.0196676534265805,0.04653212608391755
2024-04-11,5.090400218963623,5.07765202481864,0.01274819414498296
2024-04-12,5.117099761962891,5.102257479670139,0.01484228229275164
2024-04-15,5.183700084686279,5.129005846316016,0.05469423837026355
2024-04-16,5.2855000495910645,5.195000064810496,0.09049998478056853
2024-04-17,5.232600212097168,5.295651292251793,-0.0630510801546249
2024-04-18,5.241700172424316,5.243613623441663,-0.0019134510173461905
2024-04-19,5.206200122833252,5.252227159395231,-0.04602703656197882
2024-04-22,5.1656999588012695,5.217004461068911,-0.051304502267641716
2024-04-23,5.130499839782715,5.177118323550208,-0.046618483767493224
2024-04-24,5.145500183105469,5.142723806679604,0.0027763764258645907
