Data,Real,Previsto,Residuo
2016-05-02,3.496500015258789,3.0760411881251306,0.42045882713365845
2016-05-03,3.5548999309539795,3.0956643834184154,0.45923554753556406
2016-05-04,3.545399904251098,3.090462545387588,0.45493735886351017
2016-05-05,3.533099889755249,3.0924038852281512,0.4406960045270978
2016-05-06,3.499000072479248,3.0894827228486443,0.4095173496306037
2016-05-09,3.513000011444092,3.1076500841666808,0.40534992727741104
2016-05-10,3.470400094985962,3.081641245908249,0.38875884907771274
2016-05-11,3.447000026702881,3.0663450457881467,0.38065498091473415
2016-05-12,3.477099895477295,3.057751186425126,0.4193487090521688
2016-05-13,3.5302000045776367,3.0722872546855635,0.4579127498920732
2016-05-16,3.494499921798706,3.0599596567875453,0.4345402650111607
2016-05-17,3.4860999584198,3.0597600854543483,0.4263398729654515
2016-05-18,3.558500051498413,3.063278469442664,0.4952215820557493
2016-05-19,3.5608999729156494,3.0661878106311815,0.4947121622844679
2016-05-20,3.557300090789795,3.075105057225688,0.482195033564107
2016-05-23,3.566499948501587,3.074595091638866,0.4919048568627211
2016-05-24,3.567300081253052,3.07262076892032,0.4946793123327322
2016-05-25,3.576900005340576,3.0640457658954796,0.5128542394450966
2016-05-26,3.58270001411438,3.0665620304538015,0.5161379836605784
2016-05-27,3.6089000701904297,3.0709189715463,0.5379810986441296
2016-05-30,3.567399978637696,3.072635905388232,0.49476407324946425
2016-05-31,3.583199977874756,3.0777020540526303,0.5054979238221255
2016-06-01,3.5910000801086426,3.264601027569568,0.32639905253907475
2016-06-02,3.5801000595092773,3.256533689782593,0.3235663697266844
2016-06-03,3.524499893188477,3.2551175454356365,0.26938234775284053
2016-06-06,3.484499931335449,3.247440223586196,0.23705970774925333
2016-06-07,3.434900045394897,3.2407448800430316,0.1941551653518654
2016-06-08,3.3575000762939453,3.223641433972369,0.1338586423215764
2016-06-09,3.395900011062622,3.233986405358224,0.16191360570439794
2016-06-10,3.415800094604492,3.2602302313152838,0.1555698632892084
2016-06-13,3.477299928665161,3.2580263606641573,0.21927356800100384
2016-06-14,3.475100040435791,3.269766307082481,0.20533373335331007
2016-06-15,3.469300031661988,3.271793328932036,0.1975067027299522
2016-06-16,3.461199998855591,3.2861214475842697,0.1750785512713211
2016-06-17,3.412800073623657,3.266934010226674,0.1458660633969826
2016-06-20,3.391700029373169,3.2482146846946627,0.14348534467850627
2016-06-21,3.412100076675415,3.2497957276253677,0.16230434905004731
2016-06-22,3.374300003051758,3.2522676802459527,0.12203232280580512
2016-06-23,3.336999893188477,3.234476127904602,0.10252376528387508
2016-06-24,3.3677000999450684,3.261391004423277,0.10630909552179135
2016-06-27,3.3893001079559326,3.2768041960537255,0.11249591190220709
2016-06-28,3.302500009536743,3.2599811763501063,0.04251883318663685
2016-06-29,3.237600088119507,3.2361178802957973,0.0014822078237095582
2016-06-30,3.205899953842163,3.2504176694870854,-0.04451771564492235
2016-07-01,3.230600118637085,3.2073120924476446,0.02328802618944037
2016-07-04,3.2885000705718994,3.2153606725736195,0.07313939799827995
2016-07-05,3.299099922180176,3.2321999079002914,0.06690001427988435
2016-07-06,3.32699990272522,3.2249426241953203,0.10205727852989988
2016-07-07,3.3610999584198,3.2462265274926443,0.11487343092715552
2016-07-08,3.2976999282836914,3.238199610530736,0.05950031775295539
2016-07-11,3.3071999549865723,3.2386889190702273,0.068511035916345
2016-07-12,3.2934999465942383,3.2180881802099215,0.07541176638431679
2016-07-13,3.2616000175476074,3.235386625105596,0.026213392442011596
2016-07-14,3.2483999729156494,3.2203605841843816,0.028039388731267767
2016-07-15,3.276599884033203,3.2166653748222203,0.05993450921098287
2016-07-18,3.2493999004364014,3.2167640242671345,0.032635876169266886
2016-07-19,3.247900009155273,3.2203946047288747,0.02750540442639826
2016-07-20,3.252700090408325,3.2196798820718495,0.033020208336475676
2016-07-21,3.2685999870300293,3.220056673411945,0.048543313618084394
2016-07-22,3.251499891281128,3.2237708366765787,0.02772905460454922
2016-07-25,3.282099962234497,3.234421536629192,0.04767842560530511
2016-07-26,3.2699999809265137,3.2373099243381533,0.03269005658836033
2016-07-27,3.2585999965667725,3.246212194664297,0.01238780190247546
2016-07-28,3.281899929046631,3.2558222198102382,0.026077709236392632
2016-07-29,3.24620008468628,3.246447994429621,-0.0002479097433409905
2016-08-01,3.2583999633789062,3.339486279064716,-0.08108631568580993
2016-08-02,3.2527999877929688,3.3480923491247676,-0.09529236133179886
2016-08-03,3.234600067138672,3.328419291570378,-0.09381922443170598
2016-08-04,3.1868999004364014,3.313419827173049,-0.12651992673664747
2016-08-05,3.1607000827789307,3.3164271259481457,-0.15572704316921504
2016-08-08,3.168600082397461,3.304442250308001,-0.13584216791053993
2016-08-09,3.142899990081787,3.306550242100009,-0.16365025201822192
2016-08-10,3.1247000694274902,3.322530423728815,-0.1978303543013249
2016-08-11,3.138999938964844,3.294938602049991,-0.1559386630851467
2016-08-12,3.190500020980835,3.284940889373118,-0.09444086839228305
2016-08-15,3.184799909591675,3.2664268763148825,-0.08162696672320768
2016-08-16,3.201200008392334,3.259126841240534,-0.05792683284819988
2016-08-17,3.2047998905181885,3.25369023512249,-0.04889034460430164
2016-08-18,3.2379000186920166,3.2415717435105975,-0.0036717248185809126
2016-08-19,3.2044999599456787,3.238798731961447,-0.034298772015768364
2016-08-22,3.198699951171875,3.26395379647424,-0.06525384530236522
2016-08-23,3.2355000972747803,3.2522101142269166,-0.016710016952136364
2016-08-24,3.223299980163574,3.2663344771389307,-0.04303449697535644
2016-08-25,3.228300094604492,3.26044826793781,-0.032148173333317764
2016-08-26,3.2641000747680664,3.257038419365893,0.007061655402173628
2016-08-29,3.22760009765625,3.2575066571389826,-0.029906559482732575
2016-08-30,3.236799955368042,3.263447160306555,-0.026647204938512914
2016-08-31,3.2260000705718994,3.2845566363923657,-0.05855656582046631
2016-09-01,3.253200054168701,3.3370793001311574,-0.08387924596245622
2016-09-02,3.256099939346313,3.3142427994918435,-0.058142860145530495
2016-09-05,3.267199993133545,3.313144396213393,-0.04594440307984815
2016-09-06,3.1963000297546387,3.306976687536987,-0.11067665778234836
2016-09-07,3.190700054168701,3.299945157431404,-0.10924510326270287
2016-09-08,3.214900016784668,3.278145210239035,-0.06324519345436697
2016-09-09,3.271699905395508,3.307085281822429,-0.03538537642692097
2016-09-12,3.246900081634521,3.3020573299459492,-0.05515724831142821
2016-09-13,3.3141000270843506,3.326342667579009,-0.012242640494658286
2016-09-14,3.3434998989105225,3.3371576104602867,0.006342288450235767
2016-09-15,3.299799919128418,3.3295340682668533,-0.029734149138435306
2016-09-16,3.265500068664551,3.344019069274064,-0.07851900060951333
2016-09-19,3.271199941635132,3.339135228228827,-0.0679352865936953
2016-09-20,3.256099939346313,3.3346496755488317,-0.0785497362025187
2016-09-21,3.20959997177124,3.3134567954042935,-0.10385682363305371
2016-09-22,3.2170000076293945,3.300617601447388,-0.08361759381799327
2016-09-23,3.2432000637054443,3.319572369686596,-0.07637230598115163
2016-09-26,3.240600109100342,3.3083954443864174,-0.06779533528607562
2016-09-27,3.232599973678589,3.319730512589256,-0.08713053891066735
2016-09-28,3.2177999019622803,3.2897559370987173,-0.071956035136437
2016-09-29,3.259299993515014,3.287936222703432,-0.028636229188417683
2016-09-30,3.25979995727539,3.2858911885831525,-0.026091231307762364
2016-10-03,3.208699941635132,3.460271855836531,-0.25157191420139924
2016-10-04,3.254499912261963,3.461141235245076,-0.206641322983113
2016-10-05,3.2184998989105225,3.4435369128934155,-0.225037013982893
2016-10-06,3.2272000312805176,3.4344612201275115,-0.20726118884699396
2016-10-07,3.219300031661988,3.435926554473011,-0.21662652281102268
2016-10-10,3.202699899673462,3.427720122435815,-0.22502022276235323
2016-10-11,3.1958999633789062,3.4249520137376117,-0.22905205035870546
2016-10-12,3.200700044631958,3.4308302045558676,-0.23013015992390962
2016-10-13,3.177299976348877,3.4270665963051306,-0.2497666199562536
2016-10-14,3.20199990272522,3.4226427128465673,-0.22064281012134712
2016-10-17,3.204200029373169,3.418182402636554,-0.2139823732633852
2016-10-18,3.1816999912261963,3.407380555320901,-0.22568056409470483
2016-10-19,3.166100025177002,3.397400447139097,-0.2313004219620951
2016-10-20,3.1391000747680664,3.424600103874733,-0.2855000291066667
2016-10-21,3.148900032043457,3.41822896409721,-0.2693289320537531
2016-10-24,3.124500036239624,3.423109357654734,-0.29860932141511
2016-10-25,3.1103999614715576,3.429198352533298,-0.31879839106174046
2016-10-26,3.138799905776977,3.436715337066182,-0.29791543128920495
2016-10-27,3.165299892425537,3.4271317806464077,-0.26183188822087056
2016-10-28,3.2030999660491943,3.4358342241697257,-0.2327342581205314
2016-10-31,3.198199987411499,3.448732844447151,-0.250532857035652
2016-11-01,3.235100030899048,3.4194350375850204,-0.18433500668597258
2016-11-02,3.2525999546051025,3.4372934618132707,-0.18469350720816813
2016-11-03,3.2583999633789062,3.449334354163927,-0.19093439078502072
2016-11-04,3.232300043106079,3.455946167385821,-0.22364612427974206
2016-11-07,3.200900077819824,3.433308391371113,-0.23240831355128888
2016-11-08,3.168100118637085,3.432537395042283,-0.2644372764051979
2016-11-09,3.2330000400543213,3.4400492317307005,-0.20704919167637925
2016-11-10,3.3956000804901123,3.463556633437597,-0.06795655294748482
2016-11-11,3.390000104904175,3.4864306862609293,-0.09643058135675453
2016-11-14,3.4402999877929688,3.48905476810401,-0.0487547803110413
2016-11-15,3.441699981689453,3.4620836576317218,-0.020383675942268642
2016-11-16,3.450700044631958,3.459455419985092,-0.008755375353134198
2016-11-17,3.4323999881744385,3.4703547412673528,-0.037954753092914295
2016-11-18,3.382299900054932,3.465479573026998,-0.08317967297206597
2016-11-21,3.387399911880493,3.440675664760997,-0.0532757528805039
2016-11-22,3.363600015640259,3.428657749774439,-0.06505773413418003
2016-11-23,3.4310998916625977,3.429297811556424,0.0018020801061737757
2016-11-24,3.390700101852417,3.4440174510076424,-0.05331734915522546
2016-11-25,3.4210000038146973,3.4525100317889414,-0.03151002797424418
2016-11-28,3.40720009803772,3.4303673763209432,-0.02316727828322307
2016-11-29,3.4537999629974365,3.4643072242332873,-0.010507261235850773
2016-11-30,3.406300067901612,3.4147286596005504,-0.00842859169893817
2016-12-01,3.572999954223633,3.4271867081287075,0.1458132460949253
2016-12-02,3.4746999740600586,3.414527096015379,0.060172878044679745
2016-12-05,3.4200000762939453,3.4190189877549453,0.0009810885390000301
2016-12-06,3.406300067901612,3.4179844902505163,-0.0116844223489041
2016-12-07,3.381599903106689,3.430234277739273,-0.04863437463258391
2016-12-08,3.373699903488159,3.42643700162645,-0.05273709813829086
2016-12-09,3.377000093460083,3.4230628185755094,-0.04606272511542642
2016-12-12,3.337300062179565,3.4206449118270417,-0.08334484964747668
2016-12-13,3.334199905395508,3.4201444664577028,-0.08594456106219495
2016-12-14,3.36899995803833,3.4457325631474625,-0.07673260510913238
2016-12-15,3.3657000064849854,3.44665785754112,-0.08095785105613462
2016-12-16,3.390399932861328,3.436428792689413,-0.04602885982808491
2016-12-19,3.363899946212769,3.4453891990827272,-0.08148925286995823
2016-12-20,3.353100061416626,3.4414188225278024,-0.08831876111117642
2016-12-21,3.325400114059448,3.4376559547436,-0.11225584068415229
2016-12-22,3.28629994392395,3.4358710574073106,-0.14957111348336039
2016-12-23,3.2695000171661377,3.429892758090333,-0.1603927409241952
2016-12-26,3.269599914550781,3.420244962880842,-0.1506450483300612
2016-12-27,3.269399881362915,3.4156085854057086,-0.1462087040427935
2016-12-28,3.282500028610229,3.4027388814346704,-0.12023885282444136
2016-12-29,3.2523000240325928,3.401819974063457,-0.14951995003086438
2016-12-30,3.253200054168701,3.4036668061842397,-0.1504667520155385
2017-01-02,3.2839999198913574,3.1180963976536464,0.165903522237711
2017-01-03,3.263499975204468,3.1076747202767034,0.15582525492776478
2017-01-04,3.214099884033203,3.102008032427303,0.11209185160589996
2017-01-05,3.197700023651123,3.0929068277763654,0.10479319587475766
2017-01-06,3.2221999168396,3.0949904198718183,0.12720949696778172
2017-01-09,3.195499897003174,3.113603492382012,0.08189640462116188
2017-01-10,3.194499969482422,3.1212035744449853,0.07329639503743657
2017-01-11,3.1963000297546387,3.1053808150612934,0.0909192146933453
2017-01-12,3.186800003051758,3.1413852395159187,0.045414763535839064
2017-01-13,3.186800003051758,3.1506709212002755,0.036129081851482336
2017-01-16,3.240499973297119,3.1482370358429677,0.09226293745415148
2017-01-17,3.2098000049591064,3.142958385303121,0.06684161965598534
2017-01-18,3.229599952697754,3.1588574505448395,0.07074250215291444
2017-01-19,3.1949000358581543,3.156653714578921,0.03824632127923344
2017-01-20,3.1422998905181885,3.142585527353493,-0.00028563683530435924
2017-01-23,3.1617000102996826,3.128445626586799,0.033254383712883584
2017-01-24,3.1686999797821045,3.1253055042816515,0.043394475500452945
2017-01-25,3.1684999465942383,3.1303163733428923,0.038183573251346026
2017-01-26,3.176100015640259,3.1185629095016107,0.05753710613864804
2017-01-27,3.109600067138672,3.125595115717834,-0.01599504857916223
2017-01-30,3.125499963760376,3.1435164616949773,-0.01801649793460136
2017-01-31,3.150099992752075,3.138451521505207,0.011648471246868297
2017-02-01,3.128000020980835,3.0481407683016726,0.07985925267916238
2017-02-02,3.122499942779541,3.053766215407247,0.06873372737229388
2017-02-03,3.119499921798706,3.0498500954262546,0.06964982637245143
2017-02-06,3.1136999130249023,3.0652367149493327,0.04846319807556965
2017-02-07,3.1166999340057373,3.071829474447326,0.04487045955841129
2017-02-08,3.115900039672852,3.065099156127637,0.05080088354521495
2017-02-09,3.1287999153137207,3.059177270850344,0.06962264446337674
2017-02-10,3.107100009918213,3.0421669798149695,0.06493303010324336
2017-02-13,3.110100030899048,3.045802620677537,0.06429741022151081
2017-02-14,3.081199884414673,3.0464113466730147,0.03478853774165813
2017-02-15,3.0560998916625977,3.0382823353645643,0.017817556298033388
2017-02-16,3.087500095367432,3.036922525091981,0.050577570275450956
2017-02-17,3.095499992370605,3.037560274772789,0.05793971759781602
2017-02-20,3.0855000019073486,3.028707806894575,0.05679219501277366
2017-02-21,3.093899965286255,3.022055070233093,0.07184489505316183
2017-02-22,3.062299966812134,3.030167461900586,0.032132504911547954
2017-02-23,3.06030011177063,3.0877200059093495,-0.02741989413871959
2017-02-24,3.094599962234497,3.099269323537275,-0.00466936130277773
2017-02-27,3.105299949645996,3.098075955965029,0.007223993680967045
2017-02-28,3.1080000400543213,3.096816028122644,0.011184011931677507
2017-03-01,3.088200092315674,3.38001395871365,-0.29181386639797635
2017-03-02,3.154599905014038,3.3996237230060187,-0.24502381799198059
2017-03-03,3.119999885559082,3.3850157146495286,-0.2650158290904465
2017-03-06,3.137200117111206,3.3890104080173082,-0.2518102909061022
2017-03-07,3.115900039672852,3.3937019112499813,-0.2778018715771293
2017-03-08,3.1593000888824463,3.4295349683001035,-0.2702348794176572
2017-03-09,3.1912999153137207,3.44066752986492,-0.24936761455119916
2017-03-10,3.1475000381469727,3.4486151844726396,-0.30111514632566694
2017-03-13,3.152400016784668,3.4425004437044757,-0.29010042691980775
2017-03-14,3.1637001037597656,3.4550847895728922,-0.2913846858131266
2017-03-15,3.099900007247925,3.4336434657666266,-0.3337434585187018
2017-03-16,3.11929988861084,3.4379827836406642,-0.3186828950298244
2017-03-17,3.0866000652313232,3.450312491392154,-0.36371242616083066
2017-03-20,3.071000099182129,3.449639821931447,-0.3786397227493179
2017-03-21,3.086800098419189,3.470392104814059,-0.3835920063948701
2017-03-22,3.0848000049591064,3.459602020815143,-0.37480201585603634
2017-03-23,3.138099908828736,3.4625456301599637,-0.32444572133122795
2017-03-24,3.1096999645233154,3.4569851650196277,-0.3472852004963123
2017-03-27,3.125200033187866,3.4552893022628375,-0.33008926907497127
2017-03-28,3.138400077819824,3.4483572667617532,-0.30995718894192903
2017-03-29,3.122100114822388,3.430155672083209,-0.308055557260821
2017-03-30,3.147700071334839,3.4249411935531198,-0.2772411222182809
2017-03-31,3.121799945831299,3.4241671366668407,-0.30236719083554187
2017-04-03,3.11299991607666,3.2719960310731078,-0.1589961149964476
2017-04-04,3.095599889755249,3.259801307923257,-0.16420141816800804
2017-04-05,3.1196000576019287,3.265959598434107,-0.1463595408321785
2017-04-06,3.1414999961853027,3.265691876961428,-0.12419188077612509
2017-04-07,3.144700050354004,3.2571002835299336,-0.11240023317592973
2017-04-10,3.131799936294556,3.248595465548072,-0.11679552925351588
2017-04-11,3.1368000507354736,3.247442324109679,-0.1106422733742054
2017-04-12,3.123500108718872,3.253067542177139,-0.12956743345826682
2017-04-13,3.142400026321411,3.33459790062764,-0.19219787430622892
2017-04-14,3.143699884414673,3.332187652855253,-0.18848776844058035
2017-04-17,3.130300045013428,3.329777405082867,-0.19947736006943861
2017-04-18,3.1064999103546143,3.3327472306442782,-0.226247320289664
2017-04-19,3.1482999324798584,3.3577792226141963,-0.20947929013433786
2017-04-20,3.14709997177124,3.3586884275500997,-0.21158845577885987
2017-04-21,3.1468000411987305,3.3615837784537588,-0.2147837372550283
2017-04-24,3.127000093460083,3.365936790644938,-0.238936697184855
2017-04-25,3.147200107574463,3.358202214085116,-0.21100210651065332
2017-04-26,3.171099901199341,3.359836818593775,-0.1887369173944342
2017-04-27,3.1810998916625977,3.3678991740982864,-0.18679928243568877
2017-04-28,3.176100015640259,3.357805820293273,-0.181705804653014
2017-05-01,3.175100088119507,3.37328335905695,-0.19818327093744337
2017-05-02,3.1501998901367188,3.3797429670287094,-0.2295430768919906
2017-05-03,3.162100076675415,3.3829947995244845,-0.2208947228490694
2017-05-04,3.184900045394897,3.4158866930873435,-0.23098664769244648
2017-05-05,3.1777000427246094,3.4032220659467693,-0.22552202322215997
2017-05-08,3.1963999271392822,3.402696622331227,-0.20629669519194493
2017-05-09,3.186800003051758,3.4015659267037313,-0.21476592365197344
2017-05-10,3.165699958801269,3.3788229851596574,-0.2131230263583883
2017-05-11,3.138999938964844,3.3717305010547367,-0.2327305620898925
2017-05-12,3.1777000427246094,3.3655412033930117,-0.18784116066840228
2017-05-15,3.1082000732421875,3.354961596295018,-0.2467615230528306
2017-05-16,3.0957999229431152,3.354884346759956,-0.2590844238168408
2017-05-17,3.1333999633789062,3.3549659256992923,-0.22156596232038606
2017-05-18,3.36899995803833,3.4024358903356404,-0.033435932297310345
2017-05-19,3.2532999515533447,3.3861810279013067,-0.13288107634796198
2017-05-22,3.265399932861328,3.3917590475976622,-0.1263591147363341
2017-05-23,3.2685999870300293,3.3768684348802473,-0.10826844785021805
2017-05-24,3.274199962615967,3.373759395124723,-0.0995594325087561
2017-05-25,3.2734999656677246,3.3994286854857614,-0.12592871981803677
2017-05-26,3.1777000427246094,3.3836050031201506,-0.20590496039554118
2017-05-29,3.255399942398072,3.3867916664968036,-0.13139172409873145
2017-05-30,3.256200075149536,3.3856367551035924,-0.12943667995405628
2017-05-31,3.225100040435791,3.4089784600788695,-0.1838784196430785
2017-06-01,3.249000072479248,3.4856477629438443,-0.23664769046459622
2017-06-02,3.2492001056671143,3.49177904980411,-0.24257894413699566
2017-06-05,3.296099901199341,3.4944667858830885,-0.19836688468374764
2017-06-06,3.276000022888184,3.4817166011704677,-0.20571657828228362
2017-06-07,3.2672998905181885,3.50460558927699,-0.2373056987588016
2017-06-08,3.2595999240875244,3.5089014234698634,-0.24930149938233903
2017-06-09,3.1777000427246094,3.5112981317613965,-0.3335980890367871
2017-06-12,3.316699981689453,3.512781429116036,-0.19608144742658284
2017-06-13,3.3143999576568604,3.509336822631588,-0.19493686497472762
2017-06-14,3.272599935531616,3.5252158335139825,-0.2526158979823663
2017-06-15,3.273600101470948,3.528419321824993,-0.2548192203540447
2017-06-16,3.288599967956543,3.526987950620639,-0.23838798266409622
2017-06-19,3.281100034713745,3.5315664868972068,-0.25046645218346164
2017-06-20,3.325500011444092,3.5493752914452577,-0.22387528000116586
2017-06-21,3.333400011062622,3.556094313336578,-0.2226943022739558
2017-06-22,3.3396999835968018,3.549682282346418,-0.20998229874961627
2017-06-23,3.3415000438690186,3.5490328620248324,-0.20753281815581381
2017-06-26,3.294800043106079,3.536396332050716,-0.24159628894463703
2017-06-27,3.312000036239624,3.529791488165304,-0.21779145192568006
2017-06-28,3.2795000076293945,3.5246724574963735,-0.24517244986697895
2017-06-29,3.3027000427246094,3.5184043735823853,-0.21570433085777596
2017-06-30,3.1777000427246094,3.502515280172733,-0.32481523744812346
2017-07-03,3.30049991607666,3.4905369128322548,-0.1900369967555946
2017-07-04,3.309200048446656,3.5006571607176378,-0.1914571122709816
2017-07-05,3.2869999408721924,3.5110254985898703,-0.22402555771767796
2017-07-06,3.297300100326538,3.510060235270191,-0.21276013494365298
2017-07-07,3.1777000427246094,3.52582222349382,-0.34812218076921075
2017-07-10,3.2530999183654785,3.5186189309238527,-0.2655190125583742
2017-07-12,3.2067999839782715,3.494903337884392,-0.2881033539061204
2017-07-13,3.2100000381469727,3.4868554237307103,-0.2768553855837377
2017-07-14,3.1777000427246094,3.481618902045545,-0.30391885932093565
2017-07-17,3.1812000274658203,3.4885515933328235,-0.3073515658670032
2017-07-18,3.1526999473571777,3.4839660110325266,-0.33126606367534883
2017-07-19,3.147700071334839,3.479840212029581,-0.33214014069474196
2017-07-20,3.1184000968933105,3.4850289261509992,-0.3666288292576887
2017-07-21,3.1777000427246094,3.4970141749376404,-0.31931413221303107
2017-07-24,3.144399881362915,3.4876646208785766,-0.3432647395156616
2017-07-25,3.1712000370025635,3.46866356303986,-0.2974635260372964
2017-07-26,3.137500047683716,3.46575429909073,-0.32825425140701414
2017-07-27,3.152600049972534,3.5357802504453266,-0.38318020047279244
2017-07-28,3.1777000427246094,3.5269867925098977,-0.3492867497852883
2017-07-31,3.1257998943328857,3.5187593796428467,-0.39295948530996094
2017-08-01,3.12280011177063,3.5964189696355113,-0.47361885786488145
2017-08-02,3.1122000217437744,3.5872274141760645,-0.4750273924322901
2017-08-03,3.111500024795532,3.595019942717597,-0.4835199179220653
2017-08-04,3.129300117492676,3.5892026832414485,-0.45990256574877275
2017-08-07,3.1242001056671143,3.582948977796823,-0.45874887212970883
2017-08-08,3.1259000301361084,3.5847083502249495,-0.4588083200888411
2017-08-09,3.1522998809814453,3.5826610592586867,-0.4303611782772414
2017-08-10,3.1735999584198,3.5933837749968998,-0.41978381657709996
2017-08-11,3.1777000427246094,3.588476738803803,-0.41077669607919365
2017-08-14,3.1872000694274902,3.595885684859913,-0.40868561543242254
2017-08-15,3.16759991645813,3.5955477472671147,-0.4279478308089848
2017-08-16,3.151400089263916,3.6015476347872686,-0.45014754552335257
2017-08-17,3.17330002784729,3.598931642558658,-0.4256316147113681
2017-08-18,3.1777000427246094,3.578364059364102,-0.4006640166394928
2017-08-21,3.1630001068115234,3.590544626850117,-0.42754452003859367
2017-08-22,3.1605000495910645,3.5794847601968636,-0.4189847106057991
2017-08-23,3.1393001079559326,3.5670359786747228,-0.42773587071879016
2017-08-24,3.1465001106262207,3.5706010391100635,-0.42410092848384284
2017-08-25,3.158699989318848,3.567277933047982,-0.4085779437291337
2017-08-28,3.165800094604492,3.58063613437548,-0.4148360397709876
2017-08-29,3.1642000675201416,3.5795748628466293,-0.4153747953264877
2017-08-30,3.158799886703491,3.589337700862418,-0.43053781415892667
2017-08-31,3.1459999084472656,3.579039902122897,-0.4330399936756315
2017-09-01,3.1777000427246094,3.496180599808241,-0.31848055708363177
2017-09-04,3.139400005340576,3.4866151549008957,-0.3472151495603195
2017-09-05,3.115799903869629,3.4785713285795596,-0.36277142470993073
2017-09-06,3.097899913787842,3.4641876533829405,-0.36628773959509875
2017-09-07,3.097599983215332,3.4661965434052697,-0.3685965601899377
2017-09-08,3.1777000427246094,3.558265334245246,-0.3805652915206368
2017-09-11,3.0996999740600586,3.545506028893866,-0.4458060548338074
2017-09-12,3.121900081634521,3.5431467744584704,-0.42124669282394933
2017-09-13,3.131599903106689,3.53083326635653,-0.39923336324984104
2017-09-14,3.1180999279022217,3.5257964798274193,-0.4076965519251976
2017-09-15,3.1096999645233154,3.5172661211381397,-0.4075661566148243
2017-09-18,3.1349000930786133,3.5155904274321506,-0.3806903343535373
2017-09-19,3.1328001022338867,3.5202784332469164,-0.38747833101302964
2017-09-20,3.130599975585937,3.5111111898646694,-0.38051121427873236
2017-09-21,3.134500026702881,3.512108508624394,-0.3776084819215133
2017-09-22,3.123500108718872,3.51299913957638,-0.3894990308575079
2017-09-25,3.157299995422364,3.5048587052191746,-0.34755870979681047
2017-09-26,3.1638998985290527,3.5092384521957714,-0.3453385536667186
2017-09-27,3.19190001487732,3.5122600600645724,-0.3203600451872526
2017-09-28,3.1809000968933105,3.5202173391590734,-0.3393172422657629
2017-09-29,3.1633999347686768,3.514269681964083,-0.3508697471954063
2017-10-02,3.152899980545044,3.707605442121473,-0.5547054615764289
2017-10-03,3.1407999992370605,3.689972251901742,-0.5491722526646816
2017-10-04,3.13319993019104,3.6960950089957123,-0.5628950788046723
2017-10-05,3.152400016784668,3.689693602013325,-0.5372935852286571
2017-10-06,3.1554999351501465,3.708713612788257,-0.5532136776381105
2017-10-09,3.186800003051758,3.7080188312583493,-0.5212188282065915
2017-10-10,3.177799940109253,3.6859366431284375,-0.5081367030191846
2017-10-11,3.1696999073028564,3.684737423493565,-0.5150375161907084
2017-10-12,3.1689999103546143,3.6897038483028317,-0.5207039379482175
2017-10-13,3.146199941635132,3.680284055311741,-0.534084113676609
2017-10-16,3.170300006866455,3.677527375244158,-0.5072273683777029
2017-10-17,3.156100034713745,3.6833549992029426,-0.5272549644891975
2017-10-18,3.170099973678589,3.6787951323336694,-0.5086951586550805
2017-10-19,3.164900064468384,3.6887957697807656,-0.5238957053123818
2017-10-20,3.1909000873565674,3.687748962149583,-0.49684887479301576
2017-10-23,3.2344000339508057,3.690365824906642,-0.45596579095583634
2017-10-24,3.2425999641418457,3.6775406314182524,-0.4349406672764067
2017-10-25,3.2311999797821045,3.676256609007026,-0.4450566292249216
2017-10-26,3.2864999771118164,3.735079529878768,-0.4485795527669514
2017-10-27,3.234800100326538,3.7246084070509116,-0.4898083067243735
2017-10-30,3.287300109863281,3.730871208676959,-0.44357109881367807
2017-10-31,3.269599914550781,3.7329842631940147,-0.46338434864323386
2017-11-01,3.266200065612793,3.902844023465268,-0.636643957852475
2017-11-02,3.2646000385284424,3.9001758045320742,-0.6355757660036319
2017-11-03,3.29259991645813,3.890000474202153,-0.5974005577440229
2017-11-06,3.247900009155273,3.8703709369433206,-0.6224709277880476
2017-11-07,3.2701001167297363,3.8874600882567356,-0.6173599715269993
2017-11-08,3.251300096511841,3.875632391431409,-0.6243322949195682
2017-11-09,3.248699903488159,3.882747513946154,-0.6340476104579946
2017-11-10,3.276400089263916,3.893002997971127,-0.6166029087072111
2017-11-13,3.275899887084961,3.8905637113661804,-0.6146638242812195
2017-11-14,3.3118999004364014,3.9138472909348216,-0.6019473904984203
2017-11-15,3.2706000804901123,3.904931089998179,-0.6343310095080668
2017-11-17,3.254499912261963,3.883930582509618,-0.6294306702476553
2017-11-20,3.253999948501587,3.884054789759534,-0.6300548412579472
2017-11-21,3.257299900054932,3.8740890366749667,-0.6167891366200347
2017-11-22,3.222899913787842,3.8628154039129052,-0.6399154901250634
2017-11-23,3.22029995918274,3.858850765952267,-0.6385508067695267
2017-11-24,3.232899904251098,3.8573504885276657,-0.6244505842765675
2017-11-27,3.2263998985290527,3.8662705078358495,-0.6398706093067967
2017-11-28,3.209700107574463,3.8699238830339704,-0.6602237754595075
2017-11-29,3.244800090789795,3.8884754288184924,-0.6436753380286975
2017-11-30,3.271199941635132,3.896166224715589,-0.624966283080457
2017-12-01,3.2574000358581543,3.8117486204843427,-0.5543485846261884
2017-12-04,3.2425999641418457,3.813298828086657,-0.5706988639448114
2017-12-05,3.240299940109253,3.815115060009105,-0.5748151198998519
2017-12-06,3.234299898147583,3.82537635176809,-0.5910764536205071
2017-12-07,3.2871999740600586,3.8633096323473586,-0.5761096582873
2017-12-08,3.287800073623657,3.8565008361898396,-0.5687007625661828
2017-12-11,3.303299903869629,3.850807073503031,-0.547507169633402
2017-12-12,3.303100109100342,3.8512582036149414,-0.5481580945145996
2017-12-13,3.3085999488830566,3.8638384095510956,-0.555238460668039
2017-12-14,3.340399980545044,3.862205355395261,-0.5218053748502172
2017-12-15,3.2920000553131104,3.8611005589751626,-0.5691005036620522
2017-12-18,3.290499925613404,3.860042635429309,-0.5695427098159049
2017-12-19,3.2885000705718994,3.859632324388634,-0.5711322538167347
2017-12-20,3.296499967575073,3.8475040300588206,-0.5510040624837478
2017-12-21,3.30679988861084,3.8309071722630255,-0.5241072836521856
2017-12-22,3.338000059127808,3.829231457552412,-0.49123139842460395
2017-12-25,3.3355000019073486,3.819635084293302,-0.4841350823859534
2017-12-26,3.3097000122070312,3.810038711034192,-0.5003386988271608
2017-12-27,3.3132998943328857,3.8103495110237144,-0.4970496166908287
2017-12-28,3.311100006103516,3.806273042589061,-0.4951730364855451
2017-12-29,3.3076000213623047,3.7988776165400555,-0.4912775951777508
2018-01-01,3.311000108718872,3.6112124952110594,-0.3002123864921873
2018-01-02,3.2578001022338867,3.606664255294285,-0.3488641530603984
2018-01-03,3.2355000972747803,3.595574528354634,-0.3600744310798536
2018-01-04,3.233099937438965,3.587801167653197,-0.35470123021423206
2018-01-05,3.226599931716919,3.592234715712678,-0.365634783995759
2018-01-08,3.239000082015991,3.5874056571867596,-0.3484055751707684
2018-01-09,3.246799945831299,3.5800496855072064,-0.33324973967590754
2018-01-10,3.2263998985290527,3.579178259181604,-0.3527783606525512
2018-01-11,3.214200019836426,3.5696727551263403,-0.3554727352899145
2018-01-12,3.200700044631958,3.567199413276104,-0.366499368644146
2018-01-15,3.213200092315674,3.56605675388646,-0.3528566615707862
2018-01-16,3.2227001190185547,3.567585196688561,-0.3448850776700061
2018-01-17,3.2221999168396,3.5572221664585912,-0.3350222496189912
2018-01-18,3.2051000595092773,3.55873065837536,-0.35363059886608283
2018-01-19,3.194700002670288,3.5637969145059714,-0.3690969118356833
2018-01-22,3.200700044631958,3.5616428940996334,-0.3609428494676754
2018-01-23,3.2355000972747803,3.561039935579335,-0.3255398383045547
2018-01-24,3.1451001167297363,3.524846523779954,-0.3797464070502179
2018-01-25,3.146899938583374,3.518383035012717,-0.3714830964293432
2018-01-26,3.151000022888184,3.5086850478464013,-0.3576850249582173
2018-01-29,3.153599977493286,3.5188822644690494,-0.36528228697576326
2018-01-30,3.179500102996826,3.527236705073463,-0.3477366020766368
2018-01-31,3.1847000122070312,3.521587862596739,-0.3368878503897079
2018-02-01,3.1637001037597656,3.373671509814061,-0.20997140605429543
2018-02-02,3.215399980545044,3.3817738763277405,-0.16637389578269657
2018-02-05,3.2611000537872314,3.3986381526859635,-0.13753809889873203
2018-02-06,3.2334001064300537,3.394949518951048,-0.1615494125209942
2018-02-07,3.26990008354187,3.4182943607026326,-0.14839427716076248
2018-02-08,3.284600019454956,3.4412473942706456,-0.15664737481568958
2018-02-09,3.290800094604492,3.470336844762441,-0.1795367501579488
2018-02-12,3.2939999103546143,3.4666439652580543,-0.17264405490344004
2018-02-13,3.2941999435424805,3.461188206631539,-0.16698826308905845
2018-02-14,3.216200113296509,3.444465294713372,-0.22826518141686325
2018-02-15,3.2263998985290527,3.435028085928697,-0.20862818739964428
2018-02-16,3.228199958801269,3.4298861072833255,-0.20168614848205646
2018-02-19,3.233099937438965,3.425611516113652,-0.19251157867468738
2018-02-20,3.254300117492676,3.415192562936343,-0.16089244544366732
2018-02-21,3.2676000595092773,3.4134638222217353,-0.14586376271245793
2018-02-22,3.248699903488159,3.3978613480709994,-0.1491614445828402
2018-02-23,3.2372000217437744,3.390521155978242,-0.15332113423446758
2018-02-26,3.2225000858306885,3.3879836136620223,-0.1654835278313338
2018-02-27,3.248500108718872,3.3984030037701984,-0.14990289505132637
2018-02-28,3.244800090789795,3.4201133271824475,-0.17531323639265262
2018-03-01,3.25,3.739606433584645,-0.48960643358464484
2018-03-02,3.249599933624268,3.7355592072532393,-0.4859592736289713
2018-03-05,3.240999937057495,3.7241029847540243,-0.48310304769652923
2018-03-06,3.2079999446868896,3.727750768401858,-0.5197508237149684
2018-03-07,3.2428998947143555,3.7431968979248227,-0.5002970032104672
2018-03-08,3.2660999298095703,3.7589129637057104,-0.49281303389614006
2018-03-09,3.256099939346313,3.7344813846270695,-0.47838144528075643
2018-03-12,3.2602999210357666,3.7363349955614433,-0.4760350745256767
2018-03-13,3.258699893951416,3.744797005134044,-0.486097111182628
2018-03-14,3.258500099182129,3.743156114110017,-0.484656014927888
2018-03-15,3.282099962234497,3.749924742644698,-0.46782478041020115
2018-03-16,3.280100107192993,3.73957634603218,-0.45947623883918665
2018-03-19,3.28410005569458,3.745565048556676,-0.46146499286209597
2018-03-20,3.30870008468628,3.73085049249213,-0.4221504078058498
2018-03-21,3.272700071334839,3.70616495220521,-0.43346488087037116
2018-03-22,3.3141000270843506,3.726878106862925,-0.4127780797785743
2018-03-23,3.314500093460083,3.7078177985373038,-0.39331770507722075
2018-03-26,3.31030011177063,3.71380658441976,-0.4035064726491302
2018-03-27,3.3229000568389893,3.721689922327415,-0.39878986548842565
2018-03-28,3.319299936294556,3.7287345440390554,-0.40943460774449925
2018-03-29,3.303499937057495,3.715314138337715,-0.4118142012802197
2018-03-30,3.302000045776367,3.724042864975746,-0.4220428191993788
2018-04-02,3.309400081634521,3.687929445285417,-0.37852936365089596
2018-04-03,3.339400053024292,3.68738568185409,-0.347985628829798
2018-04-04,3.327699899673462,3.694647340722485,-0.3669474410490232
2018-04-05,3.341599941253662,3.6881815762318775,-0.34658163497821537
2018-04-06,3.367500066757202,3.6987413326458762,-0.3312412658886741
2018-04-09,3.4210000038146973,3.6989921422053786,-0.2779921383906814
2018-04-10,3.407299995422364,3.6739299723535,-0.266629976931136
2018-04-11,3.37310004234314,3.65320154281919,-0.2801015004760501
2018-04-12,3.4110000133514404,3.651791932038769,-0.24079191868732863
2018-04-13,3.424299955368042,3.6568904706596546,-0.23259051529161257
2018-04-16,3.416100025177002,3.6831759722754898,-0.2670759470984878
2018-04-17,3.405800104141236,3.673620841096355,-0.2678207369551191
2018-04-18,3.3770999908447266,3.6408104509027606,-0.263710460058034
2018-04-19,3.382699966430664,3.640272357359805,-0.25757239092914075
2018-04-20,3.4137001037597656,3.6388321525021174,-0.22513204874235182
2018-04-23,3.448899984359741,3.635872419709219,-0.18697243534947772
2018-04-24,3.4714999198913574,3.641795731057472,-0.17029581116611459
2018-04-25,3.4809000492095947,3.6424746250237128,-0.16157457581411805
2018-04-26,3.4742000102996826,3.6334124859983468,-0.15921247569866415
2018-04-27,3.4581000804901123,3.6341466819385713,-0.17604660144845896
2018-04-30,3.505800008773804,3.629584160358168,-0.12378415158436384
2018-05-01,3.506099939346313,3.3856513088702087,0.12044863047610432
2018-05-02,3.549599885940552,3.3831204371335075,0.16647944880704468
2018-05-03,3.526599884033203,3.387902030295822,0.1386978537373813
2018-05-04,3.525500059127808,3.380803665755715,0.14469639337209328
2018-05-07,3.5492000579833984,3.375377421417848,0.17382263656555041
2018-05-08,3.5618999004364014,3.3896558629349522,0.17224403750144912
2018-05-09,3.5903000831604004,3.361623663710801,0.2286764194495996
2018-05-10,3.549499988555908,3.349374542655304,0.20012544590060433
2018-05-11,3.60290002822876,3.3617149651674887,0.24118506306127152
2018-05-14,3.6215999126434326,3.35936360792544,0.26223630471799275
2018-05-15,3.648699998855591,3.3544823126282726,0.29421768622731825
2018-05-16,3.6744000911712646,3.3424352632182326,0.33196482795303206
2018-05-17,3.695100069046021,3.366255114206566,0.32884495483945475
2018-05-18,3.7383999824523926,3.371899311188172,0.3665006712642205
2018-05-21,3.6756999492645264,3.375430207727197,0.30026974153732944
2018-05-22,3.6459999084472656,3.367814353937413,0.27818555450985283
2018-05-23,3.625600099563599,3.387224469838698,0.23837562972490112
2018-05-24,3.648099899291992,3.4037806159276354,0.24431928336435682
2018-05-25,3.626199960708618,3.440848303942527,0.1853516567660911
2018-05-28,3.73420000076294,3.473841845629783,0.2603581551331571
2018-05-29,3.724100112915039,3.4716231485168834,0.2524769643981557
2018-05-30,3.722100019454956,3.455673483343492,0.26642653611146416
2018-05-31,3.721999883651733,3.462828521192856,0.25917136245887695
2018-06-01,3.761600017547608,3.530179993049692,0.23142002449791566
2018-06-04,3.744499921798706,3.5308596307639695,0.21364029103473658
2018-06-05,3.80430006980896,3.5397092693136805,0.2645908004952795
2018-06-06,3.843400001525879,3.5546860635089494,0.28871393801692946
2018-06-07,3.900700092315674,3.5612253449823568,0.33947474733331706
2018-06-08,3.704900026321411,3.571864351055176,0.13303567526623494
2018-06-11,3.7088000774383545,3.5739439593579,0.1348561180804544
2018-06-12,3.714999914169312,3.568303318601184,0.14669659556812809
2018-06-13,3.7188000679016113,3.569407328540188,0.1493927393614234
2018-06-14,3.803999900817871,3.5735969299752015,0.23040297084266959
2018-06-15,3.7286999225616455,3.5966670279607285,0.13203289460091705
2018-06-18,3.7462000846862793,3.5959969378870733,0.150203146799206
2018-06-19,3.744999885559082,3.589212642320309,0.15578724323877324
2018-06-20,3.769099950790405,3.5724944810281354,0.19660546976226945
2018-06-21,3.7651000022888175,3.5939380366205738,0.1711619656682437
2018-06-22,3.78629994392395,3.5600927632168413,0.22620718070710888
2018-06-25,3.775099992752075,3.5577683376634512,0.21733165508862395
2018-06-26,3.795799970626831,3.5307550321847607,0.26504493844207033
2018-06-27,3.860100030899048,3.512604356044116,0.3474956748549318
2018-06-28,3.859499931335449,3.4983147675800117,0.3611851637554375
2018-06-29,3.875600099563599,3.483470833598287,0.39212926596531217
2018-07-02,3.912600040435791,3.6395557163434713,0.2730443240923197
2018-07-03,3.8963000774383545,3.629091254008527,0.26720882342982755
2018-07-04,3.91100001335144,3.627518273685882,0.2834817396655578
2018-07-05,3.931299924850464,3.6364064211420533,0.2948935037084106
2018-07-06,3.865900039672852,3.627049841574901,0.23885019809795116
2018-07-09,3.871299982070923,3.6301629445118575,0.24113703755906535
2018-07-10,3.815099954605103,3.6294146258816986,0.18568532872340437
2018-07-11,3.876100063323975,3.6673647335883466,0.20873532973562847
2018-07-12,3.88070011138916,3.65878713223713,0.22191297915203023
2018-07-13,3.849400043487549,3.6463907455586373,0.20300929792891154
2018-07-16,3.8559999465942383,3.674460597075145,0.18153934951909312
2018-07-17,3.835900068283081,3.6634162396535315,0.17248382862954958
2018-07-18,3.8492000102996826,3.6638403676915567,0.18535964260812587
2018-07-19,3.828500032424927,3.654587379170896,0.17391265325403138
2018-07-20,3.7708001136779785,3.6354958060550286,0.13530430762294987
2018-07-23,3.780400037765503,3.6660707897719496,0.11432924799355337
2018-07-24,3.7460999488830566,3.6519604498749376,0.09413949900811902
2018-07-25,3.6863999366760254,3.6386786475404036,0.04772128913562179
2018-07-26,3.74429988861084,3.6413036292510177,0.10299625935982215
2018-07-27,3.7111001014709473,3.6442205069818496,0.06687959448909764
2018-07-30,3.728100061416626,3.624724801049875,0.10337526036675104
2018-07-31,3.753000020980835,3.648565890498915,0.10443413048191985
2018-08-01,3.746999979019165,3.830409661181435,-0.08340968216226985
2018-08-02,3.7483999729156494,3.816601243323336,-0.06820127040768664
2018-08-03,3.7023000717163086,3.8079515368037944,-0.1056514650874858
2018-08-06,3.734499931335449,3.807265295303832,-0.07276536396838296
2018-08-07,3.750499963760376,3.812507962742508,-0.06200799898213205
2018-08-08,3.770100116729736,3.8441531843509362,-0.07405306762120034
2018-08-09,3.799599885940552,3.848096766701752,-0.04849688076119962
2018-08-10,3.865400075912476,3.8562065257641356,0.009193550148340446
2018-08-13,3.881999969482422,3.8509056943032087,0.03109427517921315
2018-08-14,3.864399909973145,3.8455422896705054,0.0188576203026396
2018-08-15,3.900599956512451,3.8753881990659345,0.025211757446516714
2018-08-16,3.903899908065796,3.8758616022760903,0.028038305789705564
2018-08-17,3.9098000526428223,3.8791439627102253,0.03065608993259694
2018-08-20,3.9660000801086426,3.87242517011391,0.09357490999473272
2018-08-21,4.048500061035156,3.8736282654605603,0.17487179557459598
2018-08-22,4.036900043487549,3.8542495940334685,0.18265044945408038
2018-08-23,4.112299919128418,3.8644349793312838,0.2478649397971342
2018-08-24,4.102799892425537,3.852694665160346,0.25010522726519113
2018-08-27,4.077499866485596,3.8401393912070043,0.2373604752785914
2018-08-28,4.133900165557861,3.8473466602416284,0.2865535053162329
2018-08-29,4.105500221252441,3.8321964251919587,0.2733037960604827
2018-08-30,4.148600101470947,3.8397734750466173,0.30882662642433
2018-08-31,4.053699970245361,3.84196571133285,0.2117342589125113
2018-09-03,4.154799938201904,3.5605522350808054,0.5942477031210989
2018-09-04,4.15369987487793,3.5721617760875497,0.58153809879038
2018-09-05,4.143099784851074,3.579292464189791,0.563807320661283
2018-09-06,4.057300090789795,3.5763579928185836,0.48094209797121135
2018-09-07,4.043799877166748,3.575688770299233,0.4681111068675152
2018-09-10,4.08459997177124,3.5783336425118875,0.5062663292593528
2018-09-11,4.151599884033203,3.5776082681517023,0.5739916158815008
2018-09-12,4.159800052642822,3.5628879923029246,0.5969120603398976
2018-09-13,4.204999923706055,3.585829615374048,0.6191703083320066
2018-09-14,4.171999931335449,3.575871580964222,0.5961283503712274
2018-09-17,4.1321001052856445,3.5634212813034227,0.5686788239822218
2018-09-18,4.158400058746338,3.5435028544681555,0.6148972042781824
2018-09-19,4.130300045013428,3.5327023870280403,0.5975976579853874
2018-09-20,4.076000213623047,3.539077591094572,0.5369226225284747
2018-09-21,4.050000190734863,3.5281588500001124,0.5218413407347509
2018-09-24,4.091300010681152,3.526226642202313,0.5650733684788394
2018-09-25,4.073599815368652,3.5184563388923316,0.5551434764763208
2018-09-26,4.030799865722656,3.5240216388336805,0.5067782268889758
2018-09-27,4.01200008392334,3.508503302113614,0.503496781809726
2018-09-28,4.052700042724609,3.502867731482981,0.5498323112416283
2018-10-01,4.01639986038208,3.679656770998033,0.33674308938404707
2018-10-02,3.939500093460083,3.6554905279372827,0.2840095655228003
2018-10-03,3.900399923324585,3.6304455211451483,0.26995440217943667
2018-10-04,3.8738999366760254,3.6505410410439207,0.22335889563210465
2018-10-05,3.8357999324798575,3.653690895772858,0.1821090367069993
2018-10-08,3.7771999835968018,3.6229303381289615,0.15426964546784028
2018-10-09,3.714799880981445,3.6158285391407654,0.09897134184067946
2018-10-10,3.754800081253052,3.641665066862357,0.11313501439069507
2018-10-11,3.7815001010894775,3.6624546510325096,0.11904545005696798
2018-10-12,3.781599998474121,3.661774555124083,0.11982544335003809
2018-10-15,3.7339000701904297,3.653639932822915,0.0802601373675147
2018-10-16,3.723599910736084,3.6400314904246143,0.08356842031146972
2018-10-17,3.686199903488159,3.6608309678274074,0.025368935660751823
2018-10-18,3.7202999591827393,3.682498066260019,0.03780189292272018
2018-10-19,3.710900068283081,3.6746843883941995,0.036215679888881525
2018-10-22,3.682300090789795,3.661345266985762,0.02095482380403313
2018-10-23,3.6923999786376953,3.688788812575373,0.0036111660623223685
2018-10-24,3.731100082397461,3.6930666025871717,0.03803347981028926
2018-10-25,3.704900026321411,3.685710136609066,0.019189889712345032
2018-10-26,3.6415998935699454,3.6638741432212214,-0.022274249651276
2018-10-29,3.715800046920776,3.683024631258757,0.032775415662019025
2018-10-30,3.694600105285645,3.6709911705598968,0.02360893472574821
2018-10-31,3.720700025558472,3.678644439100516,0.04205558645795593
2018-11-01,3.6949000358581534,3.8024798914365636,-0.10757985557841021
2018-11-02,3.700000047683716,3.8008688352254647,-0.10086878754174888
2018-11-05,3.724600076675415,3.7982592016670425,-0.07365912499162741
2018-11-06,3.759900093078613,3.8167696304651377,-0.05686953738652489
2018-11-07,3.7304000854492174,3.837138191350433,-0.1067381059012158
2018-11-08,3.759200096130371,3.8633881591897445,-0.10418806305937345
2018-11-09,3.729399919509888,3.8647470084348994,-0.13534708892501124
2018-11-12,3.766400098800659,3.8615240151869097,-0.0951239163862505
2018-11-13,3.801399946212769,3.9076346921011904,-0.10623474588842141
2018-11-14,3.782399892807007,3.890858335745407,-0.10845844293840035
2018-11-15,3.782399892807007,3.8818051476321624,-0.09940525482515561
2018-11-16,3.742500066757202,3.872040047152367,-0.1295399803951649
2018-11-19,3.7544000148773193,3.8685833519102775,-0.11418333703295813
2018-11-20,3.75570011138916,3.8978327513680116,-0.1421326399788514
2018-11-21,3.796099901199341,3.8896729797150242,-0.09357307851568342
2018-11-22,3.803100109100342,3.9075161265472116,-0.10441601744686979
2018-11-23,3.67300009727478,3.937391637741594,-0.26439154046681423
2018-11-26,3.93969988822937,3.936204073255453,0.003495814973917266
2018-11-27,3.873500108718872,3.918577166946642,-0.04507705822776975
2018-11-28,3.8492000102996826,3.9273464716964472,-0.07814646139676462
2018-11-29,3.8510000705718994,3.9114462937700605,-0.060446223198161064
2018-11-30,3.86520004272461,3.92099402401923,-0.05579398129462021
2018-12-03,3.840800046920776,3.763877179489544,0.07692286743123189
2018-12-04,3.851099967956543,3.7597338948130923,0.09136607314345069
2018-12-05,3.86739993095398,3.764665713978264,0.10273421697571594
2018-12-06,3.8777999877929688,3.774642029542707,0.10315795825026175
2018-12-07,3.9058001041412354,3.7619876768943636,0.1438124272468717
2018-12-10,3.9166998863220215,3.796529736097359,0.12017015022466238
2018-12-11,3.902600049972534,3.785867744689683,0.11673230528285128
2018-12-12,3.854099988937378,3.787917180600859,0.06618280833651902
2018-12-13,3.890700101852417,3.7667171539745845,0.12398294787783248
2018-12-14,3.9154999256134033,3.7772360311576074,0.1382638944557959
2018-12-17,3.897599935531616,3.792221281063431,0.1053786544681854
2018-12-18,3.910900115966797,3.826185530545942,0.08471458542085486
2018-12-19,3.896199941635132,3.8197021457143343,0.07649779592079753
2018-12-20,3.838900089263916,3.8311309475727167,0.007769141691199355
2018-12-21,3.843400001525879,3.824193455824672,0.019206545701206945
2018-12-24,3.902600049972534,3.8476810053777672,0.05491904459476693
2018-12-25,3.9028000831604,3.838307020821122,0.06449306233927787
2018-12-26,3.920599937438965,3.8289330362644773,0.0916669011744875
2018-12-27,3.871500015258789,3.8446281131338287,0.02687190212496038
2018-12-28,3.874200105667114,3.817121667054636,0.05707843861247763
2018-12-31,3.880000114440918,3.8103165688535077,0.0696835455874103
2019-01-01,3.8798999786376953,3.665505697981506,0.21439428065618937
2019-01-02,3.78629994392395,3.6515494786295237,0.13475046529442647
2019-01-03,3.7551000118255615,3.633961073729083,0.12113893809647847
2019-01-04,3.661200046539306,3.633468622755398,0.027731423783908138
2019-01-07,3.734100103378296,3.6313350195362104,0.10276508384208549
2019-01-08,3.712399959564209,3.6192691852781715,0.09313077428603744
2019-01-09,3.680000066757202,3.5822054683633042,0.09779459839389792
2019-01-10,3.707900047302246,3.579790068617277,0.12810997868496887
2019-01-11,3.659600019454956,3.590767826687169,0.06883219276778707
2019-01-14,3.697499990463257,3.592927600386908,0.10457239007634866
2019-01-15,3.716399908065796,3.5841049027237144,0.1322950053420815
2019-01-16,3.734299898147583,3.58007039147854,0.15422950666904311
2019-01-17,3.7488999366760254,3.576939769984812,0.1719601666912136
2019-01-18,3.750200033187866,3.558084396556535,0.19211563663133102
2019-01-21,3.751399993896485,3.5625088823712283,0.1888911115252565
2019-01-22,3.812000036239624,3.5737144944931383,0.23828554174648575
2019-01-23,3.7623000144958496,3.5619045881821787,0.2003954263136709
2019-01-24,3.769799947738648,3.5480984731962204,0.2217014745424275
2019-01-25,3.769599914550781,3.554598578439698,0.21500133611108296
2019-01-28,3.759599924087525,3.577923934480863,0.18167598960666176
2019-01-29,3.7184998989105225,3.5629017317237555,0.155598167186767
2019-01-30,3.681400060653688,3.5477059165586864,0.13369414409500147
2019-01-31,3.642800092697144,3.551558262068343,0.09124183062880098
2019-02-01,3.6572999954223633,3.5490837394735397,0.10821625594882356
2019-02-04,3.6670000553131104,3.5521766417114016,0.11482341360170878
2019-02-05,3.668299913406372,3.564872097604619,0.1034278158017532
2019-02-06,3.694700002670288,3.591084882195042,0.10361512047524624
2019-02-07,3.714900016784668,3.6032738070168366,0.11162620976783133
2019-02-08,3.728600025177002,3.5949658470769457,0.1336341781000563
2019-02-11,3.755199909210205,3.605930681487967,0.14926922772223827
2019-02-12,3.7079999446868896,3.5889458591943266,0.11905408549256302
2019-02-13,3.753200054168701,3.5848209061517466,0.16837914801695453
2019-02-14,3.721999883651733,3.5609559409770095,0.16104394267472344
2019-02-15,3.6468000411987305,3.557104436271581,0.08969560492714956
2019-02-18,3.731699943542481,3.563311790271498,0.16838815327098278
2019-02-19,3.721999883651733,3.5516153168871183,0.17038456676461466
2019-02-20,3.723999977111816,3.55330014027387,0.17069983683794598
2019-02-21,3.766499996185303,3.5485014558626657,0.21799854032263744
2019-02-22,3.746299982070923,3.5398573709392935,0.20644261113162932
2019-02-25,3.750400066375733,3.563067066308344,0.18733300006738896
2019-02-26,3.747100114822388,3.5595976618384126,0.1875024529839755
2019-02-27,3.727299928665161,3.547746040276222,0.17955388838893915
2019-02-28,3.747499942779541,3.5582813144285286,0.18921862835101244
2019-03-01,3.721400022506714,3.6907344460611062,0.030665576445607634
2019-03-04,3.7741000652313232,3.682722338032807,0.09137772719851611
2019-03-05,3.774399995803833,3.6836949357732287,0.0907050600306043
2019-03-06,3.8368000984191895,3.685858222041883,0.15094187637730627
2019-03-07,3.86929988861084,3.677762489060122,0.1915373995507177
2019-03-08,3.813400030136109,3.6743485610718785,0.13905146906423038
2019-03-11,3.837300062179565,3.6502201670603798,0.1870798951191852
2019-03-12,3.811599969863892,3.652091547735264,0.15950842212862826
2019-03-13,3.8132998943328857,3.6319537588902584,0.18134613544262734
2019-03-14,3.8405001163482666,3.63069646576883,0.2098036505794365
2019-03-15,3.812999963760376,3.628898806540474,0.18410115721990206
2019-03-18,3.7899999618530273,3.617510311971976,0.1724896498810513
2019-03-19,3.7876999378204346,3.6214104055596055,0.1662895322608291
2019-03-20,3.774199962615967,3.625338645798215,0.14886131681775172
2019-03-21,3.7909998893737793,3.6384834179039998,0.15251647146977954
2019-03-22,3.9059998989105225,3.6658010503176945,0.24019884859282792
2019-03-25,3.853600025177002,3.668272205319729,0.18532781985727276
2019-03-26,3.875,3.6461611009414248,0.22883889905857524
2019-03-27,3.9881999492645264,3.6778973519535203,0.31030259731100607
2019-03-28,3.897700071334839,3.659653998082224,0.23804607325261484
2019-03-29,3.922499895095825,3.6452659244914676,0.2772339706043576
2019-04-01,3.84850001335144,3.6808033360593018,0.16769667729213822
2019-04-02,3.852299928665161,3.676622827933838,0.17567710073132314
2019-04-03,3.868299961090088,3.685965218925281,0.18233474216480694
2019-04-04,3.8559000492095934,3.6751618859390227,0.18073816327057068
2019-04-05,3.874000072479248,3.660622888292533,0.21337718418671514
2019-04-08,3.84820008277893,3.645900040204729,0.2023000425742012
2019-04-09,3.848000049591065,3.65676440358284,0.19123564600822496
2019-04-10,3.8239998817443848,3.654623113774171,0.16937676797021384
2019-04-11,3.855799913406372,3.6746382150318375,0.18116169837453455
2019-04-12,3.880300045013428,3.689492043128571,0.19080800188485725
2019-04-15,3.8703999519348153,3.6923494063386864,0.17805054559612898
2019-04-16,3.903800010681152,3.6758237760362302,0.22797623464492167
2019-04-17,3.936700105667114,3.686520597601024,0.2501795080660898
2019-04-18,3.9267001152038574,3.6740383951636613,0.25266172004019616
2019-04-19,3.934499979019165,3.665847197197005,0.26865278182216024
2019-04-22,3.9340999126434326,3.657655999230348,0.2764439134130847
2019-04-23,3.918299913406372,3.6438938312560216,0.27440608215035045
2019-04-24,3.9895999431610094,3.6543829932889307,0.33521694987207873
2019-04-25,3.952699899673462,3.6484522810797015,0.30424761859376037
2019-04-26,3.929199934005737,3.67146859963443,0.2577313343713068
2019-04-29,3.944299936294556,3.6702923967130814,0.2740075395814747
2019-04-30,3.916899919509888,3.6652536504189768,0.25164626909091137
2019-05-01,3.919300079345703,3.7326594315190174,0.18664064782668577
2019-05-02,3.966200113296509,3.7528507275233167,0.21334938577319207
2019-05-03,3.936599969863892,3.7510614844708248,0.18553848539306728
2019-05-06,3.9681999683380127,3.7546669197273763,0.21353304861063638
2019-05-07,3.9686999320983887,3.7621766451251286,0.20652328697326006
2019-05-08,3.926300048828125,3.7445617816480707,0.18173826718005426
2019-05-09,3.9453999996185294,3.7541340461840274,0.19126595343450203
2019-05-10,3.959700107574463,3.760386311526644,0.19931379604781885
2019-05-13,3.990499973297119,3.7788521267828417,0.21164784651427748
2019-05-14,3.975100040435791,3.7713501219015706,0.20374991853422042
2019-05-15,3.999900102615357,3.7749094588112047,0.22499064380415223
2019-05-16,4.046199798583984,3.7829174623879647,0.2632823361960197
2019-05-17,4.097400188446045,3.782189401219177,0.3152107872268681
2019-05-20,4.094900131225586,3.7603357554934114,0.33456437573217457
2019-05-21,4.036799907684326,3.743381235110857,0.2934186725734693
2019-05-23,4.038700103759766,3.7927488908736833,0.24595121288608235
2019-05-24,4.021200180053711,3.7884938120367866,0.23270636801692435
2019-05-27,4.042099952697754,3.774319564313825,0.2677803883839287
2019-05-28,4.023600101470947,3.757722304385968,0.26587779708497905
2019-05-29,3.973400115966797,3.757138142892996,0.2162619730738009
2019-05-30,3.9800000190734863,3.772252683462437,0.20774733561104952
2019-05-31,3.9242000579833984,3.8015469085187807,0.1226531494646177
2019-06-03,3.884099960327149,3.7167010824931053,0.1673988778340436
2019-06-04,3.853600025177002,3.7186953281192876,0.13490469705771435
2019-06-05,3.8794000148773193,3.7505672092200038,0.12883280565731559
2019-06-06,3.878400087356568,3.733805578150456,0.1445945092061116
2019-06-07,3.876499891281128,3.718657508432435,0.15784238284869279
2019-06-10,3.884500026702881,3.7303841872603973,0.15411583944248353
2019-06-11,3.85509991645813,3.7178154802405166,0.13728443621761333
2019-06-12,3.865900039672852,3.743252615352765,0.1226474243200868
2019-06-13,3.84820008277893,3.729783362990374,0.11841671978855617
2019-06-14,3.8945000171661377,3.733026762548655,0.16147325461748263
2019-06-17,3.88700008392334,3.7424899225343418,0.14451016138899808
2019-06-18,3.859499931335449,3.7119039740786066,0.1475959572568426
2019-06-19,3.835400104522705,3.706911576119108,0.12848852840359726
2019-06-20,3.837699890136719,3.6749226124856236,0.16277727765109562
2019-06-21,3.820499897003174,3.6597507003077046,0.16074919669546928
2019-06-24,3.825599908828736,3.6541115399814164,0.17148836884731944
2019-06-25,3.8454999923706055,3.6676446932124738,0.1778552991581317
2019-06-26,3.842900037765503,3.6470829809006204,0.1958170568648825
2019-06-27,3.815999984741211,3.6476719453679136,0.16832803937329732
2019-06-28,3.849499940872192,3.657139530292388,0.1923604105798038
2019-07-01,3.839600086212158,3.9617143599742786,-0.12211427376212036
2019-07-02,3.843899965286255,3.996692260748961,-0.15279229546270612
2019-07-03,3.825000047683716,3.9769199014240977,-0.15191985374038186
2019-07-04,3.800800085067749,3.962580997612192,-0.16178091254444293
2019-07-05,3.8190999031066895,3.957669513300563,-0.1385696101938736
2019-07-08,3.799099922180176,3.9507762416430623,-0.1516763194628865
2019-07-09,3.799000024795532,3.944240646568623,-0.14524062177309105
2019-07-10,3.7502999305725098,3.91508878788886,-0.16478885731635007
2019-07-11,3.754800081253052,3.923732051501434,-0.1689319702483818
2019-07-12,3.7344000339508057,3.935591020208172,-0.20119098625736642
2019-07-15,3.753700017929077,3.942682200201535,-0.18898218227245778
2019-07-16,3.767199993133545,3.9608624467041467,-0.19366245357060174
2019-07-17,3.7618000507354736,3.9660149063931422,-0.20421485565766861
2019-07-18,3.717400074005127,3.9747126563167976,-0.25731258231167065
2019-07-19,3.7458999156951904,3.9796670629329536,-0.23376714723776315
2019-07-22,3.739799976348877,3.9708090357176653,-0.23100905936878835
2019-07-23,3.77239990234375,3.969955665737658,-0.197555763393908
2019-07-24,3.7713000774383545,3.976968756405923,-0.20566867896756857
2019-07-25,3.775199890136719,3.9857598122921765,-0.21055992215545727
2019-07-26,3.7734999656677246,3.9853653272957645,-0.21186536162803993
2019-07-29,3.780100107192993,3.972707240859217,-0.19260713366622362
2019-07-30,3.789299964904785,3.9647340239934508,-0.1754340590886656
2019-07-31,3.811700105667114,3.96478087524486,-0.15308076957774608
2019-08-01,3.837300062179565,4.09320452804104,-0.2559044658614753
2019-08-02,3.883899927139282,4.069271601273887,-0.18537167413460542
2019-08-05,3.973099946975708,4.089355629974719,-0.1162556829990109
2019-08-06,3.958699941635132,4.0872077757057195,-0.12850783407058763
2019-08-07,3.967400074005127,4.107261902729479,-0.13986182872435204
2019-08-08,3.91759991645813,4.0886745561977165,-0.1710746397395866
2019-08-09,3.940200090408325,4.068061625325246,-0.12786153491692076
2019-08-12,3.9839000701904297,4.076640496785314,-0.0927404265948839
2019-08-13,3.962399959564209,4.049286466832231,-0.08688650726802205
2019-08-14,4.050300121307373,4.082231654734619,-0.03193153342724564
2019-08-15,3.9900999069213854,4.100471774469808,-0.11037186754842265
2019-08-16,4.0046000480651855,4.095403845977128,-0.09080379791194204
2019-08-19,4.073200225830078,4.089353735964634,-0.016153510134556015
2019-08-20,4.051700115203857,4.087279769317042,-0.03557965411318431
2019-08-21,4.02400016784668,4.080312482423538,-0.056312314576858036
2019-08-22,4.067999839782715,4.093214041520178,-0.02521420173746325
2019-08-23,4.126200199127197,4.1148466038351525,0.011353595292044716
2019-08-26,4.151500225067139,4.134111609854269,0.017388615212869496
2019-08-27,4.122799873352051,4.113340224260156,0.009459649091894562
2019-08-28,4.167699813842773,4.099725183203966,0.06797463063880738
2019-08-29,4.168099880218506,4.07584324451853,0.09225663569997611
2019-08-30,4.143899917602539,4.086800233218441,0.05709968438409785
2019-09-02,4.1844000816345215,3.9858232272105867,0.1985768544239348
2019-09-03,4.16510009765625,3.9980822950579658,0.16701780259828425
2019-09-04,4.093200206756592,3.9666458969170075,0.12655430983958427
2019-09-05,4.105999946594238,3.962331804480693,0.14366814211354528
2019-09-06,4.061299800872803,3.9547859615662664,0.10651383930653635
2019-09-09,4.093400001525879,3.9396825632390904,0.15371743828678852
2019-09-10,4.079500198364258,3.9454428653684865,0.13405733299577127
2019-09-11,4.064199924468994,3.960836055211229,0.1033638692577652
2019-09-12,4.058899879455566,3.96071630216495,0.09818357729061633
2019-09-13,4.0854997634887695,3.9699952390401005,0.11550452444866899
2019-09-16,4.0792999267578125,3.8884624461884405,0.190837480569372
2019-09-17,4.076000213623047,3.916554383635659,0.159445829987388
2019-09-18,4.1072998046875,3.9294384592042224,0.1778613454832776
2019-09-19,4.166600227355957,3.968527819089526,0.19807240826643113
2019-09-20,4.1483001708984375,3.9631587514996505,0.18514141939878703
2019-09-23,4.161499977111816,3.959213119239501,0.20228685787231537
2019-09-24,4.161699771881104,3.9756521864412466,0.18604758543985778
2019-09-25,4.14709997177124,3.9807337240968423,0.1663662476743979
2019-09-26,4.1691999435424805,3.9736972149854735,0.195502728557007
2019-09-27,4.157100200653076,3.978645898783811,0.17845430186926503
2019-09-30,4.154799938201904,4.001269088816613,0.15353084938529094
2019-10-01,4.154600143432617,4.36935964175572,-0.2147594983231027
2019-10-02,4.1244001388549805,4.397488802602288,-0.27308866374730734
2019-10-03,4.082900047302246,4.398167840332043,-0.3152677930297969
2019-10-04,4.054599761962891,4.39116366726511,-0.3365639053022198
2019-10-07,4.105100154876709,4.4064851741916335,-0.30138501931492456
2019-10-08,4.09089994430542,4.406939411108992,-0.31603946680357176
2019-10-09,4.10830020904541,4.400081081948064,-0.2917808729026534
2019-10-10,4.108399868011475,4.38827621377073,-0.2798763457592557
2019-10-11,4.108500003814697,4.364290316719055,-0.2557903129043577
2019-10-14,4.123700141906738,4.370776034159178,-0.24707589225243964
2019-10-15,4.178599834442139,4.380493183976061,-0.2018933495339219
2019-10-16,4.148600101470947,4.3666515026530455,-0.2180514011820982
2019-10-17,4.161099910736084,4.365445624884108,-0.20434571414802427
2019-10-18,4.111100196838379,4.36784574454868,-0.25674554771030067
2019-10-21,4.1247639656066895,4.36427995417856,-0.2395159885718705
2019-10-22,4.078400135040283,4.343392989957297,-0.26499285491701396
2019-10-23,4.033100128173828,4.3253539200323035,-0.29225379185847533
2019-10-24,4.039299964904785,4.328129064469846,-0.28882909956506087
2019-10-25,4.002900123596191,4.3222949231788395,-0.31939479958264805
2019-10-28,3.988800048828125,4.32589169817148,-0.3370916493433551
2019-10-29,3.9967000484466553,4.333445212322862,-0.33674516387620645
2019-10-30,3.9862000942230233,4.3323173697447634,-0.3461172755217401
2019-10-31,4.015999794006348,4.387316797123815,-0.3713170031174675
2019-11-01,3.989399909973145,4.300599803260607,-0.31119989328746245
2019-11-04,4.010799884796143,4.295313884848623,-0.2845140000524804
2019-11-05,3.992000102996826,4.289343641994766,-0.2973435389979402
2019-11-06,4.082300186157227,4.299184437701593,-0.21688425154436608
2019-11-07,4.099500179290772,4.282080104988923,-0.18257992569815062
2019-11-08,4.133399963378906,4.298310897397473,-0.16491093401856638
2019-11-11,4.151299953460693,4.296443432777821,-0.14514347931712734
2019-11-12,4.167900085449219,4.309450424956802,-0.14155033950758344
2019-11-13,4.168600082397461,4.313787384656344,-0.14518730225888277
2019-11-14,4.194300174713135,4.31221828916621,-0.11791811445307498
2019-11-15,4.194799900054932,4.306703389431204,-0.1119034893762727
2019-11-18,4.216400146484375,4.314330933674544,-0.0979307871901689
2019-11-19,4.191699981689453,4.338165198796739,-0.146465217107286
2019-11-20,4.195000171661377,4.3103351817975755,-0.11533501013619851
2019-11-21,4.191699981689453,4.287554703884011,-0.0958547221945576
2019-11-22,4.195000171661377,4.286440048930932,-0.09143987726955505
2019-11-25,4.225399971008301,4.289172506193078,-0.06377253518477755
2019-11-26,4.231800079345703,4.297385533419171,-0.06558545407346816
2019-11-27,4.262700080871582,4.29656907770599,-0.033868996834407916
2019-11-28,4.188000202178955,4.305385941769493,-0.11738573959053777
2019-11-29,4.236100196838379,4.3194871225528875,-0.08338692571450856
2019-12-02,4.222300052642822,4.139295790731798,0.08300426191102428
2019-12-03,4.203999996185303,4.1362529232456104,0.06774707293969229
2019-12-04,4.206099987030029,4.104697762377156,0.10140222465287341
2019-12-05,4.184599876403809,4.102616851258581,0.08198302514522737
2019-12-06,4.118899822235107,4.094401012516865,0.024498809718242143
2019-12-09,4.14109992980957,4.09617503907738,0.04492489073219019
2019-12-10,4.144599914550781,4.096118601314551,0.048481313236230505
2019-12-11,4.123700141906738,4.099527190262053,0.024172951644684915
2019-12-12,4.087247848510742,4.126180923668434,-0.03893307515769173
2019-12-13,4.0858001708984375,4.114468296388714,-0.02866812549027653
2019-12-16,4.0619001388549805,4.121410944286642,-0.05951080543166132
2019-12-17,4.070199966430664,4.10843386207845,-0.03823389564778612
2019-12-18,4.059662818908691,4.094312153465523,-0.034649334556831946
2019-12-19,4.06879997253418,4.086469984660716,-0.017670012126536072
2019-12-20,4.079899787902832,4.096144097267845,-0.016244309365013088
2019-12-23,4.081999778747559,4.089566673533578,-0.00756689478601924
2019-12-24,4.082799911499023,4.08001318102114,0.002786730477883026
2019-12-25,4.083000183105469,4.074541524115272,0.00845865899019671
2019-12-26,4.054699897766113,4.069069867209404,-0.014369969443290387
2019-12-27,4.022299766540527,4.074223770018578,-0.05192400347805037
2019-12-30,4.015710830688477,4.077028724292122,-0.061317893603645146
2019-12-31,4.016786098480225,4.077078925724742,-0.06029282724451779
2020-01-01,4.016300201416016,4.249861252030587,-0.2335610506145711
2020-01-02,4.023399829864502,4.243744012832234,-0.2203441829677324
2020-01-03,4.057000160217285,4.229753283728951,-0.17275312351166594
2020-01-06,4.060400009155273,4.235856761618253,-0.17545675246297954
2020-01-07,4.066199779510498,4.2421114453140225,-0.17591166580352446
2020-01-08,4.06279993057251,4.277776421075034,-0.214976490502524
2020-01-09,4.092100143432617,4.283406806298141,-0.19130666286552422
2020-01-10,4.070499897003174,4.291026275831919,-0.22052637882874482
2020-01-13,4.1458001136779785,4.288165688333948,-0.14236557465596977
2020-01-14,4.13129997253418,4.283545107169101,-0.15224513463492162
2020-01-15,4.174200057983398,4.298488010266233,-0.12428795228283462
2020-01-16,4.183599948883057,4.2925120029846155,-0.10891205410155891
2020-01-17,4.161600112915039,4.27921918395231,-0.11761907103727065
2020-01-20,4.188499927520752,4.276481345058775,-0.08798141753802291
2020-01-21,4.210899829864502,4.2921021651920945,-0.08120233532759258
2020-01-22,4.181300163269043,4.296612796583121,-0.11531263331407793
2020-01-23,4.169099807739258,4.2989463572243904,-0.12984654948513263
2020-01-24,4.1595001220703125,4.318499946908501,-0.15899982483818853
2020-01-27,4.206099987030029,4.354624537323396,-0.14852455029336653
2020-01-28,4.193399906158447,4.338783653621383,-0.1453837474629358
2020-01-29,4.228899955749512,4.348951847359544,-0.12005189161003216
2020-01-30,4.242199897766113,4.360692254865611,-0.11849235709949735
2020-01-31,4.282599925994873,4.373847146502077,-0.09124722050720369
2020-02-03,4.246799945831299,4.302215521372629,-0.05541557554133014
2020-02-04,4.253699779510498,4.305420155141697,-0.05172037563119858
2020-02-05,4.23360013961792,4.294909898862393,-0.06130975924447313
2020-02-06,4.280799865722656,4.320083047904211,-0.039283182181554466
2020-02-07,4.320400238037109,4.335780585534878,-0.015380347497768732
2020-02-10,4.320974826812744,4.356049416284374,-0.03507458947162956
2020-02-11,4.327530860900879,4.329955163981113,-0.0024243030802342247
2020-02-12,4.354499816894531,4.309790778629227,0.044709038265303924
2020-02-13,4.346766948699951,4.315032704939704,0.031734243760246805
2020-02-14,4.296999931335449,4.320215873506539,-0.02321594217109002
2020-02-17,4.326499938964844,4.311935417189528,0.01456452177531542
2020-02-18,4.354800224304199,4.3140747403201924,0.04072548398400677
2020-02-19,4.363999843597412,4.291126753780648,0.07287308981676421
2020-02-20,4.392300128936768,4.300714439757346,0.09158568917942134
2020-02-21,4.389800071716309,4.307760320433878,0.0820397512824309
2020-02-24,4.386600017547607,4.335080916770295,0.05151910077731259
2020-02-25,4.386799812316895,4.36002716691376,0.02677264540313562
2020-02-26,4.449100017547607,4.391992262804055,0.05710775474355234
2020-02-27,4.484799861907959,4.41376795251765,0.07103190939030934
2020-02-28,4.441299915313721,4.423764309588514,0.017535605725206516
2020-03-02,4.472400188446045,4.6928241644293065,-0.22042397598326158
2020-03-03,4.513199806213379,4.686937499663863,-0.17373769345048373
2020-03-04,4.583399772644043,4.692476722860163,-0.10907695021611996
2020-03-05,4.606200218200684,4.729331911241068,-0.12313169304038407
2020-03-06,4.589799880981445,4.803305789395133,-0.21350590841368788
2020-03-09,4.722899913787842,4.973699665237653,-0.2507997514498115
2020-03-10,4.642099857330322,4.907876009186021,-0.2657761518556985
2020-03-11,4.813799858093262,4.962342003784276,-0.14854214569101387
2020-03-12,4.790200233459473,5.048916097019397,-0.2587158635599245
2020-03-13,4.85260009765625,4.991479525785632,-0.13887942812938192
2020-03-16,4.999000072479248,5.076449521282697,-0.07744944880344917
2020-03-17,5.009699821472168,5.082651791528053,-0.07295197005588516
2020-03-18,5.103961944580078,5.1948944880128,-0.0909325434327215
2020-03-19,5.094200134277344,5.174547294977578,-0.08034716070023418
2020-03-20,5.045499801635742,5.199502244126932,-0.15400244249118966
2020-03-23,5.14169979095459,5.211029188910908,-0.06932939795631832
2020-03-24,5.098100185394287,5.179513742501518,-0.08141355710723097
2020-03-25,5.033699989318848,5.135051717739016,-0.10135172842016793
2020-03-26,5.022600173950195,5.149779980149164,-0.12717980619896885
2020-03-27,5.104629039764404,5.184981372765197,-0.0803523330007927
2020-03-30,5.192699909210205,5.199347011097032,-0.006647101886827045
2020-03-31,5.203499794006348,5.2037550621925055,-0.0002552681861578421
2020-04-01,5.248199939727783,4.75455513450073,0.4936448052270528
2020-04-02,5.255300045013428,4.701747921939257,0.5535521230741711
2020-04-03,5.348499774932861,4.68990389653645,0.6585958783964116
2020-04-06,5.285299777984619,4.696050753889067,0.5892490240955519
2020-04-07,5.221700191497803,4.700641300949406,0.5210588905483968
2020-04-08,5.123499870300293,4.678710808979627,0.444789061320666
2020-04-09,5.105800151824951,4.7142382407239625,0.3915619111009887
2020-04-10,5.105500221252441,4.709450298024112,0.396049923228329
2020-04-13,5.198500156402588,4.7046623553242615,0.4938378010783264
2020-04-14,5.162000179290772,4.728627123295024,0.43337305599574805
2020-04-15,5.236999988555908,4.732266328791842,0.5047336597640664
2020-04-16,5.230899810791016,4.742681886010867,0.488217924780149
2020-04-17,5.232699871063232,4.757835248488447,0.4748646225747857
2020-04-20,5.315400123596191,5.2995104992697195,0.015889624326471896
2020-04-21,5.315000057220459,4.814889084705891,0.5001109725145678
2020-04-22,5.456900119781494,4.77856224513797,0.6783378746435238
2020-04-23,5.533100128173828,4.760104801891311,0.7729953262825173
2020-04-24,5.5725998878479,4.79648283228101,0.7761170555668908
2020-04-27,5.652599811553955,4.818332108629334,0.8342677029246213
2020-04-28,5.497399806976318,4.795377983874014,0.7020218231023048
2020-04-29,5.334799766540527,4.762697850038031,0.5721019165024961
2020-04-30,5.486000061035156,4.7443640688954405,0.7416359921397158
2020-05-01,5.477000236511231,4.843520530233478,0.6334797062777531
2020-05-04,5.540599822998047,4.845759773538513,0.6948400494595335
2020-05-05,5.578100204467773,4.803128159657363,0.7749720448104105
2020-05-06,5.715199947357178,4.809620949819249,0.9055789975379289
2020-05-07,5.828719139099121,4.882296401104511,0.9464227379946104
2020-05-08,5.477000236511231,4.858874872387096,0.6181253641241353
2020-05-11,5.8171000480651855,4.874710137841709,0.9423899102234765
2020-05-12,5.884799957275391,4.861124038612741,1.0236759186626498
2020-05-13,5.88640022277832,4.860596514447867,1.0258037083304536
2020-05-14,5.8094000816345215,4.832095539430922,0.9773045422035995
2020-05-15,5.855199813842773,4.827168466668943,1.0280313471738305
2020-05-18,5.718999862670898,4.784749835882498,0.9342500267884004
2020-05-19,5.755199909210205,4.77801903225946,0.9771808769507455
2020-05-20,5.690499782562256,4.769523539315629,0.9209762432466269
2020-05-21,5.5524001121521,4.7483471548044625,0.8040529573476372
2020-05-22,5.52869987487793,4.762828275190294,0.7658715996876353
2020-05-25,5.443399906158447,4.730807638757794,0.7125922674006535
2020-05-26,5.343999862670898,4.729252452710397,0.6147474099605015
2020-05-27,5.27269983291626,4.729310401480342,0.5433894314359176
2020-05-28,5.403600215911865,4.727948658203377,0.6756515577084885
2020-05-29,5.334799766540527,4.708540304910484,0.6262594616300436
2020-06-01,5.366499900817871,4.837196944777879,0.5293029560399924
2020-06-02,5.199299812316895,4.806790064478724,0.3925097478381714
2020-06-03,5.061600208282471,4.791075770818468,0.2705244374640028
2020-06-04,5.117199897766113,4.781768429952454,0.3354314678136596
2020-06-05,4.959499835968018,4.764134690872012,0.19536514509600522
2020-06-08,4.821599960327148,4.757312646925823,0.06428731340132554
2020-06-09,4.898399829864502,4.754291639376554,0.1441081904879482
2020-06-10,4.9721999168396,4.762773891884765,0.2094260249548343
2020-06-11,4.974999904632568,4.77944376495277,0.19555613967979824
2020-06-12,5.047800064086914,4.792863332611967,0.2549367314749471
2020-06-15,5.153206825256348,4.791005267209829,0.362201558046519
2020-06-16,5.243599891662598,4.776248252260097,0.4673516394025006
2020-06-17,5.22790002822876,4.762310893212138,0.46558913501662147
2020-06-18,5.377200126647949,4.805656757566133,0.5715433690818159
2020-06-19,5.309999942779541,4.790879761713009,0.5191201810665316
2020-06-22,5.25190019607544,4.796614263409211,0.4552859326662295
2020-06-23,5.151000022888184,4.79386172287568,0.3571383000125037
2020-06-24,5.34660005569458,4.8202607679248075,0.5263392877697726
2020-06-25,5.359499931335449,4.804127814253538,0.5553721170819115
2020-06-26,5.480899810791016,4.814976092081517,0.6659237187094984
2020-06-29,5.402100086212158,4.792825124412022,0.6092749618001365
2020-06-30,5.461699962615967,4.808434064262134,0.6532658983538324
2020-07-01,5.316199779510498,5.0529393773199205,0.26326040219057756
2020-07-02,5.35890007019043,5.046278474540451,0.31262159564997827
2020-07-03,5.311399936676025,5.045046736821449,0.26635319985457606
2020-07-06,5.354300022125244,5.030236207155559,0.3240638149696853
2020-07-07,5.377799987792969,5.035833687466359,0.34196630032661
2020-07-08,5.342599868774414,5.0195000566833645,0.32309981209104954
2020-07-09,5.337800025939941,5.034891645260026,0.30290838067991555
2020-07-10,5.326900005340576,5.022618497084393,0.3042815082561834
2020-07-13,5.401500225067139,5.034405651586663,0.36709457348047536
2020-07-14,5.366799831390381,5.023325626866009,0.34347420452437216
2020-07-15,5.366948127746582,5.006802112531405,0.360146015215177
2020-07-16,5.330699920654297,5.020100190309661,0.31059973034463617
2020-07-17,5.385300159454346,5.003483800850762,0.38181635860358387
2020-07-20,5.327700138092041,4.991939126660283,0.3357610114317584
2020-07-21,5.1697998046875,4.982298541289204,0.1875012633982962
2020-07-22,5.118100166320801,4.985351496754879,0.13274866956592213
2020-07-23,5.210599899291992,5.005042640289055,0.2055572590029371
2020-07-24,5.229100227355957,4.999690032831064,0.22941019452489275
2020-07-27,5.141421794891357,4.9822480785940755,0.15917371629728194
2020-07-28,5.152299880981445,4.988203634010896,0.1640962469705496
2020-07-29,5.168799877166748,4.978491687498058,0.19030818966869045
2020-07-30,5.153900146484375,4.9951500250349685,0.15875012144940648
2020-07-31,5.221199989318848,5.012120039626832,0.2090799496920157
2020-08-03,5.318699836730957,5.047874659063838,0.27082517766711867
2020-08-04,5.290200233459473,5.055921303320549,0.23427893013892387
2020-08-05,5.290900230407715,5.040614955605143,0.2502852748025717
2020-08-06,5.331299781799316,5.053486522932449,0.2778132588668676
2020-08-07,5.43720006942749,5.072065376258032,0.3651346931694581
2020-08-10,5.480500221252441,5.0606137854136986,0.41988643583874286
2020-08-11,5.38040018081665,5.071060760681191,0.30933942013545934
2020-08-12,5.434999942779541,5.066867062015817,0.3681328807637243
2020-08-13,5.367000102996826,5.0839340137608975,0.2830660892359287
2020-08-14,5.42080020904541,5.078740395555228,0.3420598134901818
2020-08-17,5.508299827575684,5.085776749163248,0.42252307841243564
2020-08-18,5.465400218963623,5.066307599538259,0.3990926194253639
2020-08-19,5.556399822235107,5.074096147754612,0.4823036744804954
2020-08-20,5.555900096893311,5.073758197255177,0.48214189963813414
2020-08-21,5.618599891662598,5.077103114667505,0.5414967769950927
2020-08-24,5.610599994659424,5.07212475707896,0.5384752375804638
2020-08-25,5.507400035858154,5.0679747801462,0.4394252557119547
2020-08-26,5.607200145721436,5.084225707644445,0.5229744380769912
2020-08-27,5.568699836730957,5.0883956163172535,0.4803042204137036
2020-08-28,5.389999866485596,5.079401840431282,0.31059802605431397
2020-08-31,5.490900039672852,5.104924225315086,0.3859758143577654
2020-09-01,5.397299766540527,5.115830397836224,0.28146936870430306
2020-09-02,5.338699817657471,5.136863047671806,0.2018367699856647
2020-09-03,5.289899826049805,5.132625236793158,0.15727458925664628
2020-09-04,5.301000118255615,5.140545737983541,0.16045438027207393
2020-09-07,5.298299789428711,5.154381992606318,0.14391779682239303
2020-09-08,5.360599994659424,5.168218247229095,0.19238174743032843
2020-09-09,5.308499813079834,5.153549636308577,0.15495017677125666
2020-09-10,5.320499897003174,5.173876459865005,0.14662343713816917
2020-09-11,5.316199779510498,5.177704359779084,0.13849541973141388
2020-09-14,5.26830005645752,5.16780812206264,0.10049193439488047
2020-09-15,5.2743000984191895,5.159790730929384,0.11450936748980567
2020-09-16,5.236000061035156,5.144579683324223,0.09142037771093303
2020-09-17,5.237800121307373,5.129652983990202,0.10814713731717074
2020-09-18,5.389800071716309,5.138621068168646,0.2511790035476622
2020-09-21,5.412600040435791,5.162286017423675,0.25031402301211614
2020-09-22,5.469900131225586,5.161177387237847,0.30872274398773936
2020-09-23,5.592400074005127,5.161174250567336,0.43122582343779126
2020-09-24,5.508399963378906,5.148077561872344,0.36032240150656225
2020-09-25,5.561100006103516,5.155144790683238,0.4059552154202777
2020-09-28,5.660200119018555,5.1775354754478515,0.48266464357070316
2020-09-29,5.630499839782715,5.197373560222596,0.43312627956011873
2020-09-30,5.608399868011475,5.1831809925547425,0.4252188754567321
2020-10-01,5.642000198364258,5.4331314588163115,0.20886873954794627
2020-10-02,5.681600093841553,5.45761929059103,0.22398080325052305
2020-10-05,5.573400020599365,5.426601655632435,0.14679836496693
2020-10-06,5.593800067901611,5.410459894831112,0.18334017307049955
2020-10-07,5.611299991607666,5.425434671344694,0.1858653202629723
2020-10-08,5.598599910736084,5.39684907207668,0.2017508386594038
2020-10-09,5.52899980545044,5.409968468000386,0.11903133745005423
2020-10-12,5.529699802398682,5.424229218420583,0.10547058397809828
2020-10-13,5.56850004196167,5.40972718838119,0.15877285358048
2020-10-14,5.590499877929688,5.3917654117252,0.1987344662044883
2020-10-15,5.611199855804443,5.394210262049134,0.21698959375530968
2020-10-16,5.644800186157227,5.401212915974817,0.24358727018240955
2020-10-19,5.605599880218506,5.391828454012559,0.21377142620594647
2020-10-20,5.6041998863220215,5.372080673350881,0.23211921297114024
2020-10-21,5.607800006866455,5.38506749749681,0.22273250936964484
2020-10-22,5.591300010681152,5.36999532222122,0.22130468845993256
2020-10-23,5.616199970245361,5.384640956450996,0.2315590137943655
2020-10-26,5.622700214385986,5.3913797945798905,0.23132041980609586
2020-10-27,5.7052001953125,5.391885767626455,0.3133144276860449
2020-10-28,5.744900226593018,5.433591706387157,0.311308520205861
2020-10-29,5.7778000831604,5.440317822602131,0.3374822605582697
2020-10-30,5.741399765014648,5.4608591810622364,0.280540583952412
2020-11-02,5.741099834442139,5.546929258923442,0.19417057551869643
2020-11-03,5.754899978637695,5.539076091157465,0.21582388748023007
2020-11-04,5.663000106811523,5.515206109444289,0.1477939973672342
2020-11-05,5.523399829864502,5.5024627673819895,0.02093706248251248
2020-11-06,5.36269998550415,5.518302816451171,-0.15560283094702054
2020-11-09,5.384699821472168,5.466723252316729,-0.08202343084456132
2020-11-10,5.413899898529053,5.443734417621902,-0.029834519092848844
2020-11-11,5.389999866485596,5.452957852982421,-0.06295798649682549
2020-11-12,5.456699848175049,5.471304420398648,-0.014604572223599455
2020-11-13,5.456999778747559,5.467594185848241,-0.010594407100682268
2020-11-16,5.414899826049805,5.445004141811076,-0.03010431576127104
2020-11-17,5.327199935913086,5.435379691543289,-0.10817975563020266
2020-11-18,5.361700057983398,5.432599341462093,-0.07089928347869456
2020-11-19,5.304500102996826,5.434831786729545,-0.13033168373271842
2020-11-20,5.378099918365479,5.4242606529197355,-0.04616073455425607
2020-11-23,5.440599918365479,5.414240903930053,0.02635901443542643
2020-11-24,5.372600078582764,5.383307453888754,-0.010707375305990752
2020-11-25,5.3225998878479,5.371889919665836,-0.0492900318179359
2020-11-26,5.335299968719482,5.372528983263495,-0.03722901454401217
2020-11-27,5.34250020980835,5.371067551639163,-0.02856734183081322
2020-11-30,5.331099987030029,5.384826656461219,-0.053726669431189755
2020-12-01,5.204899787902832,5.600458857018846,-0.3955590691160138
2020-12-02,5.216300010681152,5.590149153052847,-0.37384914237169475
2020-12-03,5.151000022888184,5.577201673832127,-0.426201650943943
2020-12-04,5.154399871826172,5.568795635280484,-0.41439576345431206
2020-12-07,5.098299980163574,5.573287710980903,-0.4749877308173289
2020-12-08,5.119699954986572,5.57656637858246,-0.4568664235958879
2020-12-09,5.169700145721436,5.580756183155302,-0.4110560374338652
2020-12-10,5.024199962615967,5.5490556122299575,-0.5248556496139907
2020-12-11,5.064199924468994,5.5478064583466065,-0.4836065338776123
2020-12-14,5.117700099945068,5.544606321448651,-0.4269062215035824
2020-12-15,5.078884124755859,5.534537696592159,-0.45565357183629995
2020-12-16,5.083199977874756,5.51848849376371,-0.43528851588895456
2020-12-17,5.056900024414063,5.514077299244356,-0.45717727483029247
2020-12-18,5.100599765777588,5.509172318539509,-0.40857255276192106
2020-12-21,5.118937969207764,5.534473492739397,-0.41553552353163337
2020-12-22,5.1566548347473145,5.537843403061096,-0.3811885683137817
2020-12-23,5.2153000831604,5.51492173744658,-0.29962165428618004
2020-12-24,5.2153000831604,5.512155411880385,-0.29685532871998443
2020-12-25,5.2153000831604,5.5138371078608674,-0.29853702470046706
2020-12-28,5.2459001541137695,5.515518803841349,-0.26961864972757965
2020-12-29,5.208600044250488,5.507266225682224,-0.2986661814317353
2020-12-30,5.190838813781738,5.5053577778931055,-0.31451896411136726
2020-12-31,5.1921000480651855,5.509195471622673,-0.3170954235574879
2021-01-01,5.19189977645874,5.5247731784191245,-0.3328734019603843
2021-01-04,5.295300006866455,5.527841421892688,-0.23254141502623327
2021-01-05,5.28410005569458,5.502922550700493,-0.218822495005913
2021-01-06,5.312900066375732,5.4934828364689485,-0.1805827700932161
2021-01-07,5.40880012512207,5.480951125717377,-0.07215100059530677
2021-01-08,5.412188053131104,5.443888884639869,-0.03170083150876479
2021-01-11,5.48769998550415,5.4594834689501575,0.028216516553992932
2021-01-12,5.321400165557861,5.440419880089108,-0.11901971453124638
2021-01-13,5.297500133514404,5.460614614018394,-0.1631144805039897
2021-01-14,5.195799827575684,5.440473074937402,-0.24467324736171836
2021-01-15,5.291299819946289,5.473614721512627,-0.1823149015663379
2021-01-18,5.2947998046875,5.466340141971125,-0.17154033728362528
2021-01-19,5.3566999435424805,5.469890555522484,-0.11319061198000391
2021-01-20,5.290500164031982,5.481825785150726,-0.19132562111874396
2021-01-21,5.349500179290772,5.493514836067352,-0.1440146567765792
2021-01-22,5.465499877929688,5.511029075914127,-0.045529197984438774
2021-01-25,5.465499877929688,5.510762541726795,-0.045262663797106306
2021-01-26,5.353799819946289,5.514552985417909,-0.1607531654716201
2021-01-27,5.412600040435791,5.504871114141381,-0.09227107370559029
2021-01-28,5.437989234924316,5.485985008535317,-0.04799577361100038
2021-01-29,5.4608001708984375,5.505720378971989,-0.04492020807355157
2021-02-01,5.430500030517578,5.594178785842901,-0.16367875532532317
2021-02-02,5.366899967193604,5.581576770733966,-0.21467680354036123
2021-02-03,5.352000236511231,5.560606363490345,-0.20860612697911396
2021-02-04,5.4257001876831055,5.564257657263949,-0.13855746958084314
2021-02-05,5.369200229644775,5.554543953491994,-0.1853437238472182
2021-02-08,5.364299774169922,5.550482517042431,-0.1861827428725089
2021-02-09,5.376699924468994,5.546844190015748,-0.170144265546754
2021-02-10,5.384900093078613,5.551803580106183,-0.16690348702756985
2021-02-11,5.3653998374938965,5.55025716864561,-0.1848573311517132
2021-02-12,5.368599891662598,5.541453049678298,-0.1728531580157
2021-02-15,5.368000030517578,5.5349587228775485,-0.1669586923599704
2021-02-16,5.369400024414063,5.5284643960768,-0.1590643716627369
2021-02-17,5.409800052642822,5.514112448981627,-0.10431239633880462
2021-02-18,5.42579984664917,5.528401598341253,-0.10260175169208274
2021-02-19,5.38070011138916,5.543296133770036,-0.16259602238087556
2021-02-22,5.463399887084961,5.567813569950921,-0.10441368286596031
2021-02-23,5.439599990844727,5.545485679950296,-0.10588568910556972
2021-02-24,5.402964115142822,5.532060227206237,-0.1290961120634151
2021-02-25,5.528025150299072,5.545434547221401,-0.01740939692232857
2021-02-26,5.597599983215332,5.5814620269270145,0.01613795628831749
2021-03-01,5.640699863433838,5.952035619863241,-0.31133575642940325
2021-03-02,5.675099849700928,5.946919982968247,-0.2718201332673189
2021-03-03,5.617499828338623,5.928657201152717,-0.31115737281409395
2021-03-04,5.668300151824951,5.884916213961051,-0.21661606213609996
2021-03-05,5.689499855041504,5.851018736957348,-0.1615188819158444
2021-03-08,5.874599933624268,5.89663972182752,-0.022039788203252364
2021-03-09,5.801499843597412,5.907530752889696,-0.10603090929228376
2021-03-10,5.67110013961792,5.8942376398495915,-0.22313750023167156
2021-03-11,5.534800052642822,5.865472160547757,-0.3306721079049346
2021-03-12,5.495155811309815,5.8767958953689075,-0.3816400840590921
2021-03-15,5.614500045776367,5.876382358631624,-0.2618823128552572
2021-03-16,5.6234002113342285,5.888279698363963,-0.2648794870297344
2021-03-17,5.583099842071533,5.870719210120877,-0.2876193680493442
2021-03-18,5.558700084686279,5.866247036584736,-0.3075469518984564
2021-03-19,5.493563175201416,5.840570415346441,-0.34700724014502526
2021-03-22,5.505499839782715,5.85295239521191,-0.34745255542919473
2021-03-23,5.520400047302246,5.900601564380904,-0.3802015170786577
2021-03-24,5.61959981918335,5.874364525416006,-0.2547647062326561
2021-03-25,5.648399829864502,5.888602687942791,-0.24020285807828934
2021-03-26,5.752399921417236,5.86444446810396,-0.11204454668672348
2021-03-29,5.780799865722656,5.852962326462517,-0.07216246073986099
2021-03-30,5.771599769592285,5.849486557829864,-0.07788678823757866
2021-03-31,5.63129997253418,5.8666570135628895,-0.2353570410287098
2021-04-01,5.707399845123291,5.4239720238994975,0.2834278212237935
2021-04-02,5.710599899291992,5.431892135289052,0.27870776400293984
2021-04-05,5.662700176239014,5.439812246678607,0.22288792956040648
2021-04-06,5.593200206756592,5.4328173491235106,0.16038285763308124
2021-04-07,5.612100124359131,5.428209696673784,0.18389042768534658
2021-04-08,5.566599845886231,5.426293298957984,0.1403065469282474
2021-04-09,5.679299831390381,5.438240230681959,0.24105960070842158
2021-04-12,5.732200145721436,5.42497261939903,0.30722752632240624
2021-04-13,5.716300010681152,5.4179281616876125,0.29837184899353986
2021-04-14,5.652900218963623,5.378487864220501,0.27441235474312187
2021-04-15,5.614999771118164,5.3777133601706035,0.23728641094756053
2021-04-16,5.5858001708984375,5.379380910863559,0.20641926003487843
2021-04-19,5.545300006866455,5.375690998119492,0.1696090087469635
2021-04-20,5.56790018081665,5.388635854083687,0.17926432673296322
2021-04-21,5.56790018081665,5.406902452259242,0.16099772855740824
2021-04-22,5.44320011138916,5.404253612658881,0.038946498730279444
2021-04-23,5.477200031280518,5.3932618330945505,0.08393819818596704
2021-04-26,5.435299873352051,5.3958935977578895,0.03940627559416132
2021-04-27,5.451000213623047,5.395670025618441,0.05533018800460621
2021-04-28,5.341400146484375,5.372449683436212,-0.031049536951837098
2021-04-29,5.336400032043457,5.372816379611518,-0.03641634756806056
2021-04-30,5.439700126647949,5.392801085302373,0.04689904134557654
2021-05-03,5.43809986114502,5.2515412859762405,0.18655857516877994
2021-05-04,5.442599773406982,5.248720805640604,0.1938789677663788
2021-05-05,5.352700233459473,5.234353347254992,0.1183468862044803
2021-05-06,5.273430824279785,5.188074870599348,0.08535595368043758
2021-05-07,5.235499858856201,5.17251143705698,0.06298842179922115
2021-05-10,5.2221999168396,5.167956427285954,0.05424348955364522
2021-05-11,5.221199989318848,5.151240963638038,0.06995902568080936
2021-05-12,5.303100109100342,5.159369908205109,0.14373020089523258
2021-05-13,5.307700157165527,5.179358145158414,0.12834201200711348
2021-05-14,5.269499778747559,5.161986690376898,0.10751308837066098
2021-05-17,5.271500110626221,5.143128057761991,0.12837205286423004
2021-05-18,5.259500026702881,5.1460692287997905,0.11343079790309041
2021-05-19,5.308000087738037,5.168296567752972,0.1397035199850647
2021-05-20,5.281300067901611,5.185933872627486,0.09536619527412515
2021-05-21,5.361800193786621,5.171439968659669,0.19036022512695183
2021-05-24,5.31850004196167,5.140384131810919,0.17811591015075123
2021-05-25,5.330699920654297,5.147725965600067,0.18297395505422998
2021-05-26,5.310500144958496,5.139041527110173,0.17145861784832306
2021-05-27,5.2382001876831055,5.130243914362022,0.1079562733210837
2021-05-28,5.23799991607666,5.125960962152724,0.11203895392393637
2021-05-31,5.216599941253662,5.1135568365088755,0.10304310474478662
2021-06-01,5.149700164794922,5.091131699326963,0.058568465467958575
2021-06-02,5.07450008392334,5.069968264998754,0.004531818924585984
2021-06-03,5.076300144195557,5.066117765311876,0.010182378883680343
2021-06-04,5.044600009918213,5.0605584990365475,-0.01595848911833464
2021-06-07,5.045199871063232,5.058591425606437,-0.01339155454320462
2021-06-08,5.034900188446045,5.05882457870948,-0.023924390263434958
2021-06-09,5.061500072479248,5.057767214550207,0.003732857929040989
2021-06-10,5.054500102996826,5.055546842639384,-0.001046739642557526
2021-06-11,5.117000102996826,5.055736363263863,0.061263739732963174
2021-06-14,5.058599948883057,5.0506346966269655,0.007965252256091127
2021-06-15,5.043799877166748,5.038398043752085,0.005401833414662605
2021-06-16,5.054299831390381,5.0421726454069,0.012127185983480615
2021-06-17,5.007400035858154,5.00624236569475,0.0011576701634039566
2021-06-18,5.0960001945495605,4.990677723247958,0.10532247130160233
2021-06-21,5.0131001472473145,4.97093518200538,0.04216496524193403
2021-06-22,4.957099914550781,4.983593310121075,-0.026493395570294176
2021-06-23,4.965199947357178,4.985635600301544,-0.02043565294436611
2021-06-24,4.912700176239014,4.977526664405207,-0.06482648816619374
2021-06-25,4.91540002822876,4.990594733785003,-0.07519470555624341
2021-06-28,4.924799919128418,5.001553959911123,-0.07675404078270542
2021-06-29,4.955100059509277,5.001857605036229,-0.046757545526951994
2021-06-30,4.969200134277344,5.002097159994011,-0.032897025716667194
2021-07-01,5.045102119445801,5.342296553651397,-0.2971944342055961
2021-07-02,5.059199810028076,5.330787113226404,-0.271587303198328
2021-07-05,5.088459014892578,5.3448233991566205,-0.2563643842640424
2021-07-06,5.195300102233887,5.368146520261232,-0.17284641802734502
2021-07-07,5.231200218200684,5.365494550321995,-0.13429433212131148
2021-07-08,5.257999897003174,5.366816000547782,-0.10881610354460847
2021-07-09,5.257900238037109,5.3479691457281024,-0.09006890769099307
2021-07-12,5.172699928283691,5.345373755895428,-0.172673827611737
2021-07-13,5.162399768829346,5.327462185174791,-0.16506241634544505
2021-07-14,5.069900035858154,5.346888082442584,-0.2769880465844299
2021-07-15,5.110000133514404,5.3674050904158435,-0.25740495690143916
2021-07-16,5.1153998374938965,5.374270009103416,-0.2588701716095194
2021-07-19,5.250899791717529,5.431601399579332,-0.18070160786180267
2021-07-20,5.219900131225586,5.421413340186457,-0.2015132089608711
2021-07-21,5.187300205230713,5.393198197207818,-0.20589799197710512
2021-07-22,5.1996002197265625,5.376696345066415,-0.17709612533985286
2021-07-23,5.19789981842041,5.38961835057872,-0.19171853215831014
2021-07-26,5.1753997802734375,5.384612957376965,-0.2092131771035275
2021-07-27,5.169099807739258,5.396112526982786,-0.22701271924352806
2021-07-28,5.114799976348877,5.374916040708612,-0.26011606435973533
2021-07-29,5.080399990081787,5.370187877738177,-0.28978788765638974
2021-07-30,5.208700180053711,5.396055795609394,-0.18735561555568303
2021-08-02,5.174600124359131,5.418282045793495,-0.24368192143436396
2021-08-03,5.196800231933594,5.420789302435887,-0.22398907050229333
2021-08-04,5.1682000160217285,5.456578471072986,-0.2883784550512578
2021-08-05,5.245200157165527,5.376639315634648,-0.1314391584691208
2021-08-06,5.23199987411499,5.375755770281027,-0.143755896166037
2021-08-09,5.231800079345703,5.391156055155722,-0.15935597581001915
2021-08-10,5.188300132751465,5.380713952018912,-0.19241381926744694
2021-08-11,5.218200206756592,5.37320813241445,-0.15500792565785826
2021-08-12,5.252200126647949,5.388244345423798,-0.13604421877584905
2021-08-13,5.247499942779541,5.391418424013473,-0.14391848123393203
2021-08-16,5.259699821472168,5.420782583663113,-0.16108276219094542
2021-08-17,5.294300079345703,5.434309676241688,-0.14000959689598513
2021-08-18,5.378600120544434,5.449939304545831,-0.07133918400139727
2021-08-19,5.414100170135498,5.463648726850154,-0.0495485567146563
2021-08-20,5.379000186920166,5.474138228384465,-0.09513804146429905
2021-08-23,5.379899978637695,5.451055900852734,-0.07115592221503864
2021-08-24,5.245800018310547,5.410607346900705,-0.16480732859015834
2021-08-25,5.210999965667725,5.398774721007406,-0.18777475533968158
2021-08-26,5.251599788665772,5.422086743240302,-0.17048695457453
2021-08-27,5.2027997970581055,5.397827355244351,-0.1950275581862453
2021-08-30,5.182899951934815,5.403363586612363,-0.22046363467754748
2021-08-31,5.1493000984191895,5.417502017489763,-0.2682019190705738
2021-09-01,5.184599876403809,5.466751668072211,-0.28215179166840265
2021-09-02,5.18179988861084,5.4770959201358895,-0.2952960315250497
2021-09-03,5.189799785614014,5.481652495457114,-0.2918527098431003
2021-09-06,5.169300079345703,5.477572450962398,-0.3082723716166953
2021-09-07,5.169600009918213,5.499657630414065,-0.3300576204958521
2021-09-08,5.3206000328063965,5.508039795626258,-0.18743976281986185
2021-09-09,5.196499824523926,5.5007452739145695,-0.3042454493906437
2021-09-10,5.247000217437744,5.489887836816372,-0.24288761937862802
2021-09-13,5.213200092315674,5.466465162570226,-0.25326507025455225
2021-09-14,5.238900184631348,5.465056727330369,-0.2261565426990213
2021-09-15,5.221700191497803,5.457856060282449,-0.23615586878464612
2021-09-16,5.256800174713135,5.467496506910482,-0.2106963321973474
2021-09-17,5.289700031280518,5.48823697582962,-0.19853694454910276
2021-09-20,5.323200225830078,5.516916677079719,-0.19371645124964054
2021-09-21,5.268899917602539,5.502208563690991,-0.23330864608845214
2021-09-22,5.287700176239014,5.4741294188033,-0.1864292425642864
2021-09-23,5.3018999099731445,5.380094675365744,-0.07819476539259984
2021-09-24,5.336999893188477,5.380687391399064,-0.043687498210587705
2021-09-27,5.390399932861328,5.362280260151362,0.02811967270996618
2021-09-28,5.427599906921387,5.381338546231805,0.04626136068958164
2021-09-29,5.414299964904785,5.3785566956054955,0.035743269299289615
2021-09-30,5.441699981689453,5.371277313416629,0.0704226682728244
2021-10-01,5.367899894714356,5.504239164467925,-0.13633926975356836
2021-10-04,5.453199863433838,5.500967993640314,-0.0477681302064763
2021-10-05,5.475500106811523,5.493151573757339,-0.01765146694581521
2021-10-06,5.491899967193604,5.509199017265763,-0.017299050072158373
2021-10-07,5.517000198364258,5.504913823380528,0.012086374983729442
2021-10-08,5.506899833679199,5.474998820234568,0.03190101344463159
2021-10-11,5.535999774932861,5.465228726444654,0.07077104848820692
2021-10-12,5.531499862670898,5.457481855916855,0.07401800675404324
2021-10-13,5.512499809265137,5.455781211271109,0.056718597994027675
2021-10-14,5.512199878692627,5.458642531383232,0.0535573473093951
2021-10-15,5.458399772644043,5.44110476615573,0.017295006488312836
2021-10-18,5.511300086975098,5.443209606571582,0.06809048040351584
2021-10-19,5.5833001136779785,5.473240552654356,0.1100595610236228
2021-10-20,5.59630012512207,5.46542181083181,0.13087831429026053
2021-10-21,5.657800197601318,5.50574866321356,0.1520515343877582
2021-10-22,5.649199962615967,5.504700603389603,0.14449935922636392
2021-10-25,5.554399967193604,5.487347170822269,0.06705279637133543
2021-10-26,5.564799785614014,5.498624409976415,0.06617537563759868
2021-10-27,5.534999847412109,5.515759970832903,0.01923987657920634
2021-10-28,5.644899845123291,5.41218135624394,0.23271848887935143
2021-10-29,5.633699893951416,5.424059929233782,0.2096399647176339
2021-11-01,5.678899765014648,5.718835624214128,-0.039935859199479395
2021-11-02,5.678599834442139,5.722020606431777,-0.04342077198963867
2021-11-03,5.5524001121521,5.75531465325774,-0.2029145411056401
2021-11-04,5.6016998291015625,5.796034521402454,-0.19433469230089173
2021-11-05,5.541100025177002,5.762394477502497,-0.22129445232549472
2021-11-08,5.543099880218506,5.756793991115848,-0.21369411089734225
2021-11-09,5.479100227355957,5.726780776993971,-0.2476805496380141
2021-11-10,5.4899001121521,5.746005255184895,-0.2561051430327952
2021-11-11,5.3979997634887695,5.729339800379252,-0.33134003689048264
2021-11-12,5.457600116729736,5.752990169900824,-0.29539005317108735
2021-11-15,5.456299781799316,5.759561220662933,-0.30326143886361656
2021-11-16,5.502200126647949,5.770419883533215,-0.2682197568852658
2021-11-17,5.52869987487793,5.805364289000751,-0.2766644141228216
2021-11-18,5.556399822235107,5.804424950853987,-0.24802512861887926
2021-11-19,5.611599922180176,5.827910382933214,-0.2163104607530384
2021-11-22,5.585599899291992,5.827245185849665,-0.2416452865576728
2021-11-23,5.570400238037109,5.798304001082316,-0.227903763045207
2021-11-24,5.605199813842773,5.793666303680595,-0.18846648983782188
2021-11-25,5.565100193023682,5.826557071867607,-0.26145687884392554
2021-11-26,5.607800006866455,5.899836889913699,-0.29203688304724373
2021-11-29,5.6006999015808105,5.884767124836345,-0.28406722325553435
2021-11-30,5.620871067047119,5.918306391138881,-0.29743532409176154
2021-12-01,5.6915669441223145,5.824862648141204,-0.1332957040188898
2021-12-02,5.643321990966797,5.79309394833546,-0.1497719573686629
2021-12-03,5.65009880065918,5.785700970820899,-0.13560217016171894
2021-12-06,5.688000202178955,5.745790879291729,-0.057790677112773636
2021-12-07,5.611800193786621,5.7266006276614245,-0.11480043387480343
2021-12-08,5.531599998474121,5.7208896694632845,-0.18928967098916338
2021-12-09,5.571100234985352,5.632540232919874,-0.061439997934522594
2021-12-10,5.60866117477417,5.618729243812696,-0.010068069038526417
2021-12-13,5.679699897766113,5.620266311822329,0.05943358594378445
2021-12-14,5.680600166320801,5.626621882899503,0.053978283421297846
2021-12-15,5.679399967193604,5.629511686645557,0.04988828054804717
2021-12-16,5.687399864196777,5.602691348267691,0.08470851592908613
2021-12-17,5.693059921264648,5.620048762630861,0.07301115863378715
2021-12-20,5.741300106048584,5.657396386004432,0.0839037200441517
2021-12-21,5.74399995803833,5.635079278242257,0.10892067979607312
2021-12-22,5.652999877929688,5.626937490821387,0.026062387108301444
2021-12-23,5.671795845031738,5.623352769092308,0.048443075939430535
2021-12-24,5.67110013961792,5.616000877825883,0.05509926179203717
2021-12-27,5.624100208282471,5.608648986559459,0.015451221723012054
2021-12-28,5.627500057220459,5.6095520831695005,0.017947974050958493
2021-12-29,5.702700138092041,5.610952229782115,0.09174790830992574
2021-12-30,5.570199966430664,5.599064892902515,-0.028864926471850794
2021-12-31,5.569300174713135,5.61868952829778,-0.0493893535846448
2022-01-03,5.68120002746582,5.168790934854585,0.512409092611235
2022-01-04,5.676199913024902,5.1628755532436985,0.5133243597812038
2022-01-05,5.705635070800781,5.16376825721962,0.5418668135811613
2022-01-06,5.682400226593018,5.142843264543106,0.5395569620499119
2022-01-07,5.632199764251709,5.136418840686836,0.49578092356487335
2022-01-10,5.662199974060059,5.148557979245773,0.5136419948142859
2022-01-11,5.567299842834473,5.109342956391126,0.45795688644334653
2022-01-12,5.533199787139893,5.081287338210846,0.4519124489290469
2022-01-13,5.526700019836426,5.079404033457011,0.44729598637941503
2022-01-14,5.533299922943115,5.051651485308263,0.48164843763485266
2022-01-17,5.5157999992370605,5.040447559493137,0.47535243974392394
2022-01-18,5.565700054168701,5.028697835706941,0.53700221846176
2022-01-19,5.43720006942749,4.995925039621072,0.44127502980641786
2022-01-20,5.418099880218506,4.981361736759147,0.43673814345935913
2022-01-21,5.457099914550781,4.989518223836595,0.4675816907141863
2022-01-24,5.486100196838379,5.0187914904200595,0.46730870641831945
2022-01-25,5.440703868865967,4.972445901196892,0.468257967669075
2022-01-26,5.429166793823242,4.940204104527733,0.48896268929550946
2022-01-27,5.40348482131958,4.93844341439464,0.4650414069249402
2022-01-28,5.362599849700928,4.956246999846884,0.4063528498540441
2022-01-31,5.303100109100342,4.94596855026995,0.3571315588303916
2022-02-01,5.264500141143799,4.975988516628769,0.28851162451502965
2022-02-02,5.260900020599365,4.98881675894643,0.27208326165293517
2022-02-03,5.282899856567383,4.846166656440136,0.4367332001272466
2022-02-04,5.326900005340576,4.824469905089887,0.502430100250689
2022-02-07,5.262599945068359,4.834185069680658,0.42841487538770107
2022-02-08,5.258399963378906,4.856053245373764,0.4023467180051421
2022-02-09,5.234499931335449,4.85929906142396,0.37520086991148904
2022-02-10,5.248700141906738,4.839508861312711,0.409191280594027
2022-02-11,5.249956130981445,4.795694345660889,0.45426178532055594
2022-02-14,5.214000225067139,4.768537143555357,0.4454630815117815
2022-02-15,5.157899856567383,4.803231910753264,0.35466794581411865
2022-02-16,5.135799884796143,4.783824542610833,0.3519753421853098
2022-02-17,5.170599937438965,4.804476228604384,0.36612370883458123
2022-02-18,5.137499809265137,4.813667657666852,0.3238321515982845
2022-02-21,5.102700233459473,4.813311346860022,0.2893888865994505
2022-02-22,5.05709981918335,4.794679073688622,0.2624207454947278
2022-02-23,5.008699893951416,4.794703341884165,0.21399655206725132
2022-02-24,5.122200012207031,4.798948660579261,0.3232513516277704
2022-02-25,5.15939998626709,4.809873746681099,0.34952623958599105
2022-02-28,5.158400058746338,4.762480654792076,0.3959194039542622
2022-03-01,5.158999919891357,5.162323162007064,-0.0033232421157070036
2022-03-02,5.096502780914307,5.096117813522869,0.00038496739143756287
2022-03-03,5.030900001525879,5.122068043664647,-0.09116804213876772
2022-03-04,5.06056022644043,5.045035805052505,0.015524421387924647
2022-03-07,5.110499858856201,5.016706307506559,0.09379355134964218
2022-03-08,5.058800220489502,4.974056265039955,0.0847439554495466
2022-03-09,5.011499881744385,5.111926576778182,-0.10042669503379731
2022-03-10,5.009699821472168,5.13789654338145,-0.12819672190928166
2022-03-11,5.073500156402588,5.114800672140293,-0.041300515737705545
2022-03-14,5.121399879455566,5.1876686379574615,-0.06626875850189506
2022-03-15,5.1631999015808105,5.271045844801758,-0.10784594322094776
2022-03-16,5.073874950408936,5.27868207911717,-0.20480712870823314
2022-03-17,5.039400100708008,5.115870472055519,-0.07647037134751145
2022-03-18,5.0177998542785645,5.086851075819392,-0.06905122154082743
2022-03-21,4.935200214385986,5.006913318719763,-0.07171310433377709
2022-03-22,4.909999847412109,5.007399058920038,-0.09739921150792874
2022-03-23,4.82420015335083,4.967999977209905,-0.14379982385907475
2022-03-24,4.826300144195557,4.988036858455604,-0.161736714260047
2022-03-25,4.7368998527526855,4.975329474828976,-0.23842962207629004
2022-03-28,4.764100074768066,5.059969432210247,-0.29586935744218046
2022-03-29,4.756199836730957,5.073163090206107,-0.31696325347514964
2022-03-30,4.769700050354004,5.032462135982516,-0.2627620856285118
2022-03-31,4.737800121307373,5.099667013641891,-0.3618668923345183
2022-04-01,4.657199859619141,5.054080305939852,-0.3968804463207114
2022-04-04,4.593800067901611,5.021696511744183,-0.4278964438425721
2022-04-05,4.650700092315674,5.047373294226657,-0.3966732019109829
2022-04-06,4.715199947357178,5.1035620702858875,-0.38836212292870975
2022-04-07,4.752099990844727,5.1026205808199805,-0.3505205899752539
2022-04-08,4.698100090026856,5.0837655265235995,-0.3856654364967431
2022-04-11,4.693600177764893,5.124689638525897,-0.4310894607610045
2022-04-12,4.673099994659424,5.067661409648154,-0.39456141498873
2022-04-13,4.690199851989746,5.032674586303025,-0.3424747343132788
2022-04-14,4.701000213623047,5.004541690043868,-0.3035414764208211
2022-04-15,4.7006001472473145,5.0003588274493405,-0.299758680202026
2022-04-18,4.651999950408936,4.996175964854812,-0.34417601444587564
2022-04-19,4.664999961853027,5.065421420317649,-0.4004214584646215
2022-04-20,4.620800018310547,5.0691165623570384,-0.44831654404649157
2022-04-21,4.620800018310547,5.064346757899333,-0.4435467395887862
2022-04-22,4.795199871063232,5.07973626910062,-0.2845363980373872
2022-04-25,4.876200199127197,5.120572002632247,-0.24437180350505017
2022-04-26,4.997799873352051,5.095191272687586,-0.09739139933553531
2022-04-27,4.963600158691406,5.083736817820084,-0.12013665912867744
2022-04-28,4.93779993057251,5.059008184569042,-0.12120825399653246
2022-04-29,4.97130012512207,5.0633592893817925,-0.09205916425972216
2022-05-02,5.084700107574463,5.176983976124726,-0.09228386855026294
2022-05-03,4.958099842071533,5.207420358486446,-0.2493205164149126
2022-05-04,4.918799877166748,5.1547968121577465,-0.2359969349909985
2022-05-05,5.027999877929688,5.081331119250708,-0.053331241321019185
2022-05-06,5.080399990081787,5.065039521906408,0.015360468175378728
2022-05-09,5.160900115966797,5.129868162287155,0.03103195367964151
2022-05-10,5.13129997253418,5.164866628730244,-0.03356665619606414
2022-05-11,5.134252071380615,5.087819086320206,0.04643298506040949
2022-05-12,5.133399963378906,5.072400285651308,0.06099967772759829
2022-05-13,5.058300018310547,5.030972307451034,0.027327710859513132
2022-05-16,5.059700012207031,4.981836743408298,0.07786326879873329
2022-05-17,4.93809986114502,5.004810057080024,-0.06671019593500382
2022-05-18,4.96750020980835,5.033081587160179,-0.06558137735182967
2022-05-19,4.929999828338623,4.998324024161981,-0.06832419582335802
2022-05-20,4.880199909210205,4.97613357189493,-0.09593366268472536
2022-05-23,4.813499927520752,4.99847441343701,-0.18497448591625787
2022-05-24,4.817800045013428,4.9976633109719675,-0.17986326595853974
2022-05-25,4.822800159454346,4.996759021322068,-0.17395886186772191
2022-05-26,4.768199920654297,4.958793747522348,-0.19059382686805115
2022-05-27,4.729599952697754,4.961092312621338,-0.23149235992358452
2022-05-30,4.752399921417236,4.968975354688872,-0.2165754332716361
2022-05-31,4.730400085449219,4.96669497696181,-0.23629489151259087
2022-06-01,4.815499782562256,4.684884049667095,0.13061573289516115
2022-06-02,4.795700073242188,4.669848086638702,0.12585198660348595
2022-06-03,4.775000095367432,4.652535734005399,0.12246436136203265
2022-06-06,4.7941999435424805,4.665320385043274,0.1288795584992064
2022-06-07,4.867526054382324,4.662182622083875,0.20534343229844954
2022-06-08,4.898099899291992,4.644279491568034,0.25382040772395786
2022-06-09,4.903299808502197,4.64866319735242,0.25463661114977754
2022-06-10,4.984000205993652,4.655867313094424,0.3281328928992284
2022-06-13,5.113399982452393,4.658583533302065,0.4548164491503277
2022-06-14,5.116099834442139,4.680870659469079,0.4352291749730597
2022-06-15,5.052000045776367,4.716891901239475,0.33510814453689175
2022-06-16,5.052199840545654,4.654058563770738,0.3981412767749166
2022-06-17,5.152100086212158,4.746078061418942,0.4060220247932165
2022-06-20,5.18720006942749,4.746029924116816,0.4411701453106742
2022-06-21,5.122799873352051,4.747602641395439,0.37519723195661214
2022-06-22,5.193600177764893,4.79205893976445,0.4015412380004424
2022-06-23,5.23799991607666,4.827203423800687,0.41079649227597326
2022-06-24,5.241399765014648,4.803726639131063,0.43767312588358553
2022-06-27,5.236800193786621,4.765886917427535,0.4709132763590862
2022-06-28,5.266600131988525,4.736204131144981,0.5303960008435444
2022-06-29,5.180900096893311,4.763288364335063,0.4176117325582487
2022-06-30,5.251999855041504,4.80750861830328,0.4444912367382239
2022-07-01,5.330999851226807,5.248413930562652,0.0825859206641546
2022-07-04,5.3282999992370605,5.295398446528573,0.032901552708487714
2022-07-05,5.385200023651123,5.342126602841416,0.043073420809706775
2022-07-06,5.427999973297119,5.34980847121876,0.07819150207835879
2022-07-07,5.338200092315674,5.299084176903825,0.03911591541184922
2022-07-08,5.254000186920166,5.2821440392247325,-0.028143852304566508
2022-07-11,5.377200126647949,5.300658901426172,0.07654122522177698
2022-07-12,5.436500072479248,5.376648452740777,0.05985161973847131
2022-07-13,5.390900135040283,5.373274587310416,0.017625547729867463
2022-07-14,5.422800064086914,5.39152511764042,0.03127494644649431
2022-07-15,5.410099983215332,5.379170534098211,0.03092944911712081
2022-07-18,5.436800003051758,5.323082591608629,0.11371741144312875
2022-07-19,5.413099765777588,5.309216681846011,0.10388308393157697
2022-07-20,5.470200061798096,5.33092945504652,0.13927060675157588
2022-07-21,5.497799873352051,5.387478242529169,0.11032163082288182
2022-07-22,5.496699810028076,5.399957840979755,0.09674196904832133
2022-07-25,5.356299877166748,5.3698741355552135,-0.013574258388465488
2022-07-26,5.350100040435791,5.385224413374003,-0.03512437293821158
2022-07-27,5.243000030517578,5.361700439170834,-0.1187004086532557
2022-07-28,5.182700157165527,5.366345377021694,-0.18364521985616644
2022-07-29,5.171199798583984,5.347194552478901,-0.17599475389491648
2022-08-01,5.184000015258789,5.250664373656484,-0.06666435839769491
2022-08-02,5.277699947357178,5.232696789867505,0.04500315748967232
2022-08-03,5.282700061798096,5.273990570342876,0.008709491455219265
2022-08-04,5.211100101470947,5.23918207837848,-0.02808197690753289
2022-08-05,5.164599895477295,5.228950251404044,-0.06435035592674865
2022-08-08,5.110099792480469,5.195208746115968,-0.08510895363549942
2022-08-09,5.123700141906738,5.193537022423372,-0.06983688051663339
2022-08-10,5.093699932098389,5.177196507794198,-0.08349657569580948
2022-08-11,5.1570000648498535,5.157496139229902,-0.0004960743800488387
2022-08-12,5.074900150299072,5.163310430226521,-0.08841027992744888
2022-08-15,5.095600128173828,5.189446535538533,-0.09384640736470473
2022-08-16,5.1417388916015625,5.21469271367963,-0.07295382207806789
2022-08-17,5.164999961853027,5.193759328114787,-0.028759366261759567
2022-08-18,5.166999816894531,5.170659364049444,-0.003659547154912346
2022-08-19,5.168399810791016,5.18038592303379,-0.01198611224277446
2022-08-22,5.156099796295166,5.182790719621897,-0.026690923326730953
2022-08-23,5.103499889373779,5.127770115473939,-0.024270226100159498
2022-08-24,5.110099792480469,5.117639449855315,-0.00753965737484652
2022-08-25,5.108699798583984,5.142791429912483,-0.034091631328498906
2022-08-26,5.0625,5.130318715543536,-0.06781871554353636
2022-08-29,5.027200222015381,5.088085386146241,-0.06088516413085987
2022-08-30,5.1219000816345215,5.1509001237618035,-0.029000042127282022
2022-08-31,5.181700229644775,5.175064341362444,0.006635888282331415
2022-09-01,5.2403998374938965,5.026614106710901,0.21378573078299556
2022-09-02,5.171000003814697,5.015038422756795,0.1559615810579027
2022-09-05,5.153900146484375,5.002929342951807,0.15097080353256764
2022-09-06,5.247200012207031,5.022063062157386,0.22513695004964518
2022-09-07,5.246699810028076,5.078654217064921,0.16804559296315524
2022-09-08,5.2133002281188965,5.065576807308201,0.14772342081069567
2022-09-09,5.146299839019775,5.021525612154026,0.12477422686574968
2022-09-12,5.0920000076293945,5.007956860059835,0.08404314756955955
2022-09-13,5.189799785614014,5.01234065505289,0.1774591305611235
2022-09-14,5.162700176239014,5.004552839590619,0.15814733664839498
2022-09-15,5.246099948883057,5.037096520979987,0.20900342790306947
2022-09-16,5.250699996948242,5.039130279535584,0.21156971741265806
2022-09-19,5.170899868011475,5.015278503487543,0.15562136452393194
2022-09-20,5.141499996185303,5.01669231532142,0.12480768086388316
2022-09-21,5.170400142669678,5.02818829158479,0.14221185108488754
2022-09-22,5.115499973297119,5.001227094631975,0.1142728786651439
2022-09-23,5.258800029754639,5.059291222344444,0.1995088074101945
2022-09-26,5.389400005340576,5.096012681136313,0.2933873242042635
2022-09-27,5.378099918365479,5.083620761511777,0.2944791568537024
2022-09-28,5.374199867248535,5.056042399759884,0.3181574674886516
2022-09-29,5.396200180053711,5.061915557725197,0.3342846223285143
2022-09-30,5.414299964904785,5.0526068459195645,0.3616931189852206
2022-10-03,5.16349983215332,4.997125712043002,0.16637412011031838
2022-10-04,5.17579984664917,4.981827814712288,0.19397203193688206
2022-10-05,5.195199966430664,4.960730377288418,0.23446958914224592
2022-10-06,5.220099925994873,4.946204918444645,0.27389500755022844
2022-10-07,5.198400020599365,4.902067589981677,0.29633243061768866
2022-10-10,5.186800003051758,4.917105578753733,0.2696944242980246
2022-10-11,5.292099952697754,4.940870035969308,0.35122991672844606
2022-10-12,5.291500091552734,4.961983432346429,0.32951665920630546
2022-10-13,5.259799957275391,4.957538843871963,0.30226111340342765
2022-10-14,5.327400207519531,4.999598073555163,0.32780213396436864
2022-10-17,5.277359008789063,4.9998886584388185,0.2774703503502449
2022-10-18,5.239799976348877,5.0134015374422605,0.22639843890661648
2022-10-19,5.269199848175049,4.979206024170687,0.2899938240043616
2022-10-20,5.216599941253662,4.9639648947426505,0.25263504651101165
2022-10-21,5.163400173187256,4.960954998544948,0.2024451746423077
2022-10-24,5.30620002746582,5.003422696603687,0.3027773308621331
2022-10-25,5.315199851989746,5.015228175460274,0.29997167652947176
2022-10-26,5.383900165557861,5.001740767946013,0.38215939761184803
2022-10-27,5.339200019836426,4.97188985245926,0.36731016737716615
2022-10-28,5.28849983215332,4.995815415985087,0.2926844161682336
2022-10-31,5.178800106048584,4.9932819968534385,0.18551810919514544
2022-11-01,5.142399787902832,4.763614221210003,0.37878556669282926
2022-11-02,5.142600059509277,4.7359328694075655,0.4066671901017118
2022-11-03,5.1149001121521,4.749115248552667,0.3657848635994325
2022-11-04,5.078132152557373,4.701412518610443,0.3767196339469301
2022-11-07,5.153326988220215,4.737164445334058,0.4161625428861573
2022-11-08,5.14300012588501,4.761243027368701,0.38175709851630835
2022-11-09,5.185200214385986,4.802993688126772,0.38220652625921403
2022-11-10,5.341579914093018,4.8537135392531265,0.48786637483989104
2022-11-11,5.279058933258057,4.813309048171007,0.4657498850870496
2022-11-14,5.331200122833252,4.831700826271108,0.49949929656214387
2022-11-15,5.331699848175049,4.837711286403068,0.4939885617719808
2022-11-16,5.39900016784668,4.85876509645302,0.5402350713936599
2022-11-17,5.422100067138672,4.900440382344238,0.5216596847944341
2022-11-18,5.38129997253418,4.924842025600835,0.4564579469333445
2022-11-21,5.318600177764893,4.919202370442605,0.3993978073222877
2022-11-22,5.357699871063232,4.9197146787085515,0.4379851923546809
2022-11-23,5.35830020904541,4.955050463687804,0.4032497453576065
2022-11-24,5.320000171661377,4.937081985410359,0.38291818625101826
2022-11-25,5.4085001945495605,4.968748043835246,0.4397521507143143
2022-11-28,5.364699840545654,4.953313952733827,0.4113858878118277
2022-11-29,5.268199920654297,4.925532494683314,0.34266742597098254
2022-11-30,5.181589126586914,4.904513669764079,0.27707545682283463
2022-12-01,5.183599948883057,4.870214673052076,0.3133852758309805
2022-12-02,5.2179999351501465,4.873515916620604,0.3444840185295428
2022-12-05,5.28000020980835,4.915321793703597,0.36467841610475293
2022-12-06,5.234000205993652,4.933422454559237,0.3005777514344157
2022-12-07,5.203999996185303,4.95589630934103,0.24810368684427253
2022-12-08,5.224299907684326,4.982420071803719,0.24187983588060735
2022-12-09,5.235000133514404,4.979482253600401,0.2555178799140032
2022-12-12,5.321300029754639,4.985366233318775,0.33593379643586374
2022-12-13,5.292799949645996,4.978528453735615,0.31427149591038095
2022-12-14,5.277200222015381,4.957752822853342,0.3194473991620388
2022-12-15,5.311800003051758,4.957525776416536,0.3542742266352219
2022-12-16,5.306509017944336,4.977582909995558,0.32892610794877797
2022-12-19,5.291600227355957,4.950400092057816,0.3412001352981413
2022-12-20,5.198400020599365,4.92181374869545,0.2765862719039154
2022-12-21,5.199900150299072,4.904470237987181,0.2954299123118913
2022-12-22,5.165599822998047,4.905392428508454,0.2602073944895933
2022-12-23,5.164299964904785,4.868170611820134,0.29612935308465094
2022-12-26,5.21750020980835,4.875300181939158,0.34220002786919146
2022-12-27,5.292300224304199,4.877724311974271,0.4145759123299282
2022-12-28,5.2667999267578125,4.8620266173552915,0.404773309402521
2022-12-29,5.284599781036377,4.87733322838802,0.4072665526483572
2022-12-30,5.2855000495910645,4.8730157090962285,0.41248434049483595
2023-01-02,5.360130786895752,4.351947244821873,1.008183542073879
2023-01-03,5.478499889373779,4.385597653502402,1.0929022358713771
2023-01-04,5.430099964141846,4.419564294706886,1.0105356694349599
2023-01-05,5.349800109863281,4.387857099477471,0.9619430103858102
2023-01-06,5.224400043487549,4.386662236690087,0.8377378067974615
2023-01-09,5.253699779510498,4.37463306129671,0.8790667182137879
2023-01-10,5.198299884796143,4.359232684009046,0.8390672007870963
2023-01-11,5.1585001945495605,4.335938236069011,0.8225619584805495
2023-01-12,5.107699871063232,4.3270567174416295,0.780643153621603
2023-01-13,5.080699920654297,4.322552730065269,0.7581471905890282
2023-01-16,5.145999908447266,4.334569154876687,0.8114307535705789
2023-01-17,5.099599838256836,4.314094061077063,0.7855057771797727
2023-01-18,5.185299873352051,4.304947661631249,0.880352211720802
2023-01-19,5.172999858856201,4.288349425962596,0.8846504328936051
2023-01-20,5.206299781799316,4.293635737116368,0.9126640446829484
2023-01-23,5.205900192260742,4.3012911971319285,0.9046089951288137
2023-01-24,5.138400077819824,4.3046349896217615,0.8337650881980627
2023-01-25,5.072199821472168,4.2946985664457555,0.7775012550264124
2023-01-26,5.062745094299316,4.2924120490643105,0.7703330452350059
2023-01-27,5.107200145721436,4.319980483425689,0.7872196622957475
2023-01-30,5.1149001121521,4.336018246293222,0.7788818658588772
2023-01-31,5.072199821472168,4.320143074635061,0.7520567468371073
2023-02-01,5.053500175476074,4.477603288917438,0.5758968865586365
2023-02-02,5.049200057983398,4.509818111842376,0.5393819461410221
2023-02-03,5.149799823760986,4.540854558613873,0.6089452651471134
2023-02-06,5.145699977874756,4.530959230501578,0.6147407473731779
2023-02-07,5.2093000411987305,4.512196898368335,0.6971031428303958
2023-02-08,5.19950008392334,4.477269274173029,0.722230809750311
2023-02-09,5.289500236511231,4.494179115240697,0.7953211212705344
2023-02-10,5.213482856750488,4.475975900464708,0.7375069562857801
2023-02-13,5.158400058746338,4.471856607742247,0.6865434510040913
2023-02-14,5.191500186920166,4.49211475939622,0.6993854275239464
2023-02-15,5.2179999351501465,4.483385194786398,0.7346147403637486
2023-02-16,5.216800212860107,4.473511151100521,0.7432890617595866
2023-02-17,5.165168762207031,4.498170082592921,0.6669986796141103
2023-02-20,5.1666998863220215,4.49996037128215,0.6667395150398718
2023-02-21,5.166500091552734,4.501750659971378,0.664749431581356
2023-02-22,5.151199817657471,4.528566541887695,0.6226332757697755
2023-02-23,5.136199951171875,4.512369412579867,0.6238305385920082
2023-02-24,5.207799911499023,4.513335341251019,0.6944645702480043
2023-02-27,5.199699878692627,4.522445987158168,0.677253891534459
2023-02-28,5.235899925231934,4.5139761859709635,0.7219237392609701
2023-03-01,5.178299903869629,5.057285728576584,0.1210141752930447
2023-03-02,5.1996002197265625,5.065117354646147,0.13448286508041551
2023-03-03,5.194399833679199,5.05365232758421,0.1407475060949892
2023-03-06,5.152200222015381,5.0394525363615745,0.11274768565380633
2023-03-07,5.190000057220459,5.063959088329874,0.12604096889058525
2023-03-08,5.144400119781494,5.054548875884395,0.08985124389709931
2023-03-09,5.163700103759766,5.066857471599483,0.09684263216028288
2023-03-10,5.21560001373291,5.062496120898709,0.153103892834201
2023-03-13,5.245699882507324,5.084314915974311,0.1613849665330136
2023-03-14,5.251699924468994,5.127689680932804,0.1240102435361905
2023-03-15,5.287099838256836,5.162911995301496,0.12418784295534024
2023-03-16,5.229599952697754,5.1577707955021825,0.07182915719557137
2023-03-17,5.2778000831604,5.1802047103529585,0.0975953728074419
2023-03-20,5.235700130462647,5.184432622850294,0.051267507612353214
2023-03-21,5.240900039672852,5.173551190349326,0.06734884932352525
2023-03-22,5.236100196838379,5.15649476656095,0.07960543027742872
2023-03-23,5.29670000076294,5.186129522226979,0.11057047853596114
2023-03-24,5.245100021362305,5.188257984446941,0.056842036915363714
2023-03-27,5.197100162506104,5.147314798216419,0.049785364289685496
2023-03-28,5.164400100708008,5.130195082483038,0.03420501822497002
2023-03-29,5.134200096130371,5.134366562031911,-0.00016646590153968077
2023-03-30,5.092700004577637,5.107595842894171,-0.014895838316534515
2023-03-31,5.062300205230713,5.117180643308875,-0.05488043807816201
2023-04-03,5.06309986114502,4.951291051528463,0.1118088096165577
2023-04-04,5.070700168609619,4.942509949064501,0.1281902195451181
2023-04-05,5.033199787139893,4.949602809944026,0.08359697719586645
2023-04-06,5.058300018310547,4.951809257482238,0.10649076082830877
2023-04-07,5.054399967193604,4.952526492450493,0.10187347474311181
2023-04-10,5.065299987792969,4.953243727418747,0.11205626037422167
2023-04-11,5.004000186920166,4.899566296121805,0.10443389079836063
2023-04-12,4.916900157928467,4.874934037745796,0.04196612018267043
2023-04-13,4.926700115203857,4.895953624165663,0.030746491038194712
2023-04-14,4.908699989318848,4.892851804725393,0.015848184593454384
2023-04-17,4.939799785614014,4.913269950167094,0.02652983544691967
2023-04-18,4.984300136566162,4.912196422706921,0.0721037138592413
2023-04-19,5.074299812316895,4.947421006586881,0.12687880573001475
2023-04-20,5.047699928283691,4.958955739708341,0.08874418857535016
2023-04-21,5.047900199890137,4.955466244254511,0.09243395563562551
2023-04-24,5.033400058746338,4.948912822424215,0.08448723632212296
2023-04-25,5.053100109100342,4.963452796128998,0.0896473129713442
2023-04-26,5.043000221252441,4.996187839324158,0.04681238192828374
2023-04-27,4.976200103759766,4.996375417384184,-0.020175313624418045
2023-04-28,4.986000061035156,4.968291993511325,0.017708067523830806
2023-05-01,4.9878997802734375,4.821264532418836,0.16663524785460115
2023-05-02,5.038400173187256,4.864892404708958,0.17350776847829774
2023-05-03,4.994400024414063,4.892415601585713,0.10198442282834996
2023-05-04,4.982600212097168,4.886062507325092,0.0965377047720759
2023-05-05,4.951700210571289,4.843439773440729,0.10826043713055977
2023-05-08,5.007999897003174,4.818439412541234,0.18956048446194007
2023-05-09,4.985899925231934,4.801856257465233,0.18404366776670056
2023-05-10,4.94290018081665,4.812633668283628,0.13026651253302202
2023-05-11,4.929500102996826,4.821652255665315,0.1078478473315112
2023-05-12,4.920199871063232,4.827263231772387,0.09293663929084506
2023-05-15,4.887899875640869,4.813602933530989,0.07429694210988025
2023-05-16,4.93940019607544,4.819717736326405,0.11968245974903535
2023-05-17,4.937699794769287,4.795944507866173,0.14175528690311445
2023-05-18,4.964399814605713,4.804917389410866,0.159482425194847
2023-05-19,4.996799945831299,4.801942131557853,0.19485781427344584
2023-05-22,4.966100215911865,4.802109253288959,0.1639909626229059
2023-05-23,4.971199989318848,4.789661727215673,0.18153826210317447
2023-05-24,4.958600044250488,4.781256582883401,0.17734346136708723
2023-05-25,5.035200119018555,4.7999127402353645,0.23528737878319017
2023-05-26,4.992800235748291,4.791288866510007,0.2015113692382844
2023-05-29,5.018099784851074,4.8117614913719855,0.20633829347908872
2023-05-30,5.034800052642822,4.838791961553016,0.19600809108980588
2023-05-31,5.054800033569336,4.854289374820565,0.2005106587487706
2023-06-01,5.0131001472473145,4.908429577453246,0.10467056979406841
2023-06-02,4.956600189208984,4.883411525493674,0.0731886637153103
2023-06-05,4.925600051879883,4.877198091570574,0.048401960309308656
2023-06-06,4.912000179290772,4.866623970730493,0.04537620856027935
2023-06-07,4.922399997711182,4.849614808524854,0.07278518918632759
2023-06-08,4.922100067138672,4.858681208484937,0.0634188586537352
2023-06-09,4.877900123596191,4.863932940786101,0.013967182810090684
2023-06-12,4.860599994659424,4.896125198436972,-0.03552520377754842
2023-06-13,4.861000061035156,4.882182944816562,-0.02118288378140587
2023-06-14,4.815000057220459,4.874658080776555,-0.059658023556096396
2023-06-15,4.809199810028076,4.85691104145525,-0.04771123142717393
2023-06-16,4.807000160217285,4.847375196790724,-0.04037503657343855
2023-06-19,4.776899814605713,4.843268446603251,-0.06636863199753851
2023-06-20,4.789299964904785,4.850209970496806,-0.060910005592020866
2023-06-21,4.76230001449585,4.820887977147488,-0.05858796265163857
2023-06-22,4.7697367668151855,4.864764241886655,-0.09502747507146925
2023-06-23,4.7855000495910645,4.863716303450143,-0.07821625385907893
2023-06-26,4.767300128936768,4.865331506401958,-0.09803137746519042
2023-06-27,4.810500144958496,4.893744239067166,-0.08324409410866984
2023-06-28,4.850500106811523,4.882287901940732,-0.03178779512920826
2023-06-29,4.855599880218506,4.867677957130471,-0.012078076911965496
2023-06-30,4.784200191497803,4.869107356328337,-0.0849071648305344
2023-07-03,4.80649995803833,5.044419825533651,-0.23791986749532068
2023-07-04,4.839900016784668,5.039017650891708,-0.19911763410703998
2023-07-05,4.8471999168396,5.02476693338547,-0.17756701654587026
2023-07-06,4.918700218200684,5.037897768962169,-0.11919755076148508
2023-07-07,4.8709001541137695,5.003983138708354,-0.13308298459458445
2023-07-10,4.898200035095215,5.02171500561771,-0.12351497052249538
2023-07-11,4.851500034332275,5.013304744880759,-0.16180471054848322
2023-07-12,4.81689977645874,5.004641494188121,-0.18774171772938075
2023-07-13,4.7947998046875,4.984907142624066,-0.1901073379365661
2023-07-14,4.788099765777588,5.011589165357779,-0.22348939958019098
2023-07-17,4.805799961090088,5.021968532205252,-0.21616857111516374
2023-07-18,4.809299945831299,5.013367863869712,-0.2040679180384135
2023-07-19,4.789899826049805,5.020997344252882,-0.231097518203077
2023-07-20,4.796899795532227,5.010072403710876,-0.2131726081786498
2023-07-21,4.777400016784668,4.9784927153018,-0.20109269851713218
2023-07-24,4.725500106811523,4.955070505700775,-0.22957039888925124
2023-07-25,4.748899936676025,4.9424152413500035,-0.19351530467397815
2023-07-26,4.736199855804443,4.946093594589098,-0.2098937387846549
2023-07-27,4.741600036621094,4.9509038925830655,-0.20930385596197176
2023-07-28,4.723299980163574,4.9499781167163475,-0.22667813655277325
2023-07-31,4.724699974060059,4.924326654721497,-0.19962668066143863
2023-08-01,4.791999816894531,4.872772944954921,-0.08077312806038961
2023-08-02,4.810400009155273,4.886634209249963,-0.07623420009468962
2023-08-03,4.916399955749512,4.904972017303542,0.01142793844597012
2023-08-04,4.88539981842041,4.898509101848035,-0.013109283427624518
2023-08-07,4.89900016784668,4.913156013841802,-0.01415584599512254
2023-08-08,4.898600101470947,4.903608425380674,-0.00500832390972672
2023-08-09,4.901700019836426,4.890844953909309,0.010855065927116492
2023-08-10,4.891499996185303,4.906955286209641,-0.015455290024338098
2023-08-11,4.910999774932861,4.90509871737779,0.005901057555071532
2023-08-14,4.962100028991699,4.925294844894567,0.036805184097132404
2023-08-15,4.983200073242188,4.939105472614997,0.04409460062719095
2023-08-16,4.9868998527526855,4.955553651602052,0.031346201150633135
2023-08-17,4.975500106811523,4.94652671923636,0.028973387575163656
2023-08-18,4.966899871826172,4.934487291522436,0.032412580303735616
2023-08-21,4.978700160980225,4.951478392088378,0.02722176889184702
2023-08-22,4.937099933624268,4.93932176756233,-0.00222183393806219
2023-08-23,4.855100154876709,4.943217643294507,-0.0881174884177982
2023-08-24,4.880300045013428,4.94348709199012,-0.06318704697669197
2023-08-25,4.870399951934815,4.94928681241628,-0.07888686048146454
2023-08-28,4.872600078582764,4.939412842950232,-0.06681276436746852
2023-08-29,4.85129976272583,4.9263152945162325,-0.07501553179040243
2023-08-30,4.888400077819824,4.931013241556546,-0.04261316373672219
2023-08-31,4.953800201416016,4.925354059452535,0.02844614196348072
2023-09-01,4.97629976272583,4.79867284970053,0.17762691302529987
2023-09-04,4.936200141906738,4.792882553810614,0.14331758809612438
2023-09-05,4.966700077056885,4.789821247776041,0.17687882928084342
2023-09-06,4.977000236511231,4.788770761964354,0.1882294745468771
2023-09-07,4.976099967956543,4.796354193099209,0.17974577485733434
2023-09-08,4.982999801635742,4.793640523162757,0.18935927847298561
2023-09-11,4.929399967193604,4.786494743647416,0.1429052235461885
2023-09-12,4.946599960327148,4.759191617221067,0.1874083431060818
2023-09-13,4.91540002822876,4.761288224207466,0.15411180402129343
2023-09-14,4.868199825286865,4.739785563151612,0.1284142621352533
2023-09-15,4.867000102996826,4.732321096282426,0.13467900671439992
2023-09-18,4.853700160980225,4.729643720577525,0.12405644040269959
2023-09-19,4.865799903869629,4.7348663654454635,0.13093353842416544
2023-09-20,4.878799915313721,4.731733315128115,0.1470666001856058
2023-09-21,4.934899806976318,4.788004213936182,0.14689559304013677
2023-09-22,4.933899879455566,4.7839876494377105,0.14991223001785592
2023-09-25,4.968299865722656,4.790247405062415,0.1780524606602416
2023-09-26,4.986199855804443,4.789761408733341,0.19643844707110247
2023-09-27,5.042200088500977,4.756529959993916,0.28567012850706064
2023-09-28,5.032800197601318,4.767320754010209,0.26547944359110964
2023-09-29,5.042799949645996,4.768009175276052,0.2747907743699445
2023-10-02,5.061500072479248,5.123769040386867,-0.06226896790761938
2023-10-03,5.166299819946289,5.1260563438502516,0.04024347609603751
2023-10-04,5.154600143432617,5.177815610692791,-0.023215467260174094
2023-10-05,5.164999961853027,5.198522731132399,-0.03352276927937137
2023-10-06,5.145699977874756,5.192671599963393,-0.0469716220886367
2023-10-09,5.135200023651123,5.152670251408984,-0.01747022775786089
2023-10-10,5.051000118255615,5.146387809929463,-0.09538769167384764
2023-10-11,5.049600124359131,5.170394763517366,-0.12079463915823485
2023-10-12,5.045899868011475,5.178083404464003,-0.13218353645252812
2023-10-13,5.048200130462647,5.133918246920624,-0.08571811645797656
2023-10-16,5.037600040435791,5.143194634455348,-0.10559459401955706
2023-10-17,5.037399768829346,5.14831866283633,-0.11091889400698474
2023-10-18,5.056099891662598,5.140133777087177,-0.08403388542457968
2023-10-19,5.062900066375732,5.125810366191084,-0.06291029981535168
2023-10-20,5.031300067901611,5.132293987726198,-0.10099391982458705
2023-10-23,5.01230001449585,5.166428821822692,-0.15412880732684275
2023-10-24,4.991000175476074,5.179264078986231,-0.18826390351015654
2023-10-25,4.994699954986572,5.163318363383411,-0.1686184083968385
2023-10-26,4.985300064086914,5.162496959838405,-0.1771968957514911
2023-10-27,4.952030181884766,5.1494281965414626,-0.19739801465669693
2023-10-30,5.04610013961792,5.193517643553834,-0.14741750393591424
2023-10-31,5.03410005569458,5.204413489825031,-0.17031343413045086
2023-11-01,4.953700065612793,5.3360437934264,-0.38234372781360726
2023-11-02,4.952899932861328,5.350899154919201,-0.39799922205787297
2023-11-03,4.899199962615967,5.36214558212074,-0.4629456195047732
2023-11-06,4.884099960327148,5.357341778425408,-0.47324181809825916
2023-11-07,4.871500015258789,5.386218106243815,-0.514718090985026
2023-11-08,4.909299850463867,5.408149216228895,-0.4988493657650279
2023-11-09,4.933899879455566,5.400498334371618,-0.4665984549160518
2023-11-10,4.893379211425781,5.381393264180348,-0.48801405275456666
2023-11-13,4.906199932098389,5.372407449043478,-0.4662075169450892
2023-11-14,4.864500045776367,5.358332401969714,-0.4938323561933471
2023-11-15,4.860899925231934,5.369734885299116,-0.5088349600671824
2023-11-16,4.862199783325195,5.402083024114503,-0.5398832407893073
2023-11-17,4.819177150726318,5.369470442922377,-0.5502932921960584
2023-11-20,4.851799964904785,5.348266926056767,-0.49646696115198186
2023-11-21,4.8993000984191895,5.349507564530843,-0.45020746611165396
2023-11-22,4.9054999351501465,5.354798429604373,-0.44929849445422665
2023-11-23,4.902500152587891,5.358135972870945,-0.45563582028305394
2023-11-24,4.900899887084961,5.374498240447109,-0.4735983533621484
2023-11-27,4.895500183105469,5.3789021079412285,-0.4834019248357597
2023-11-28,4.869800090789795,5.357188579773702,-0.48738848898390685
2023-11-29,4.904099941253662,5.346062264953278,-0.44196232369961574
2023-11-30,4.923099994659424,5.356626829357603,-0.43352683469817954
2023-12-01,4.902159214019775,5.19564266824882,-0.29348345422904476
2023-12-04,4.9430999755859375,5.213435171686403,-0.27033519610046586
2023-12-05,4.927700042724609,5.2193452505763,-0.29164520785169046
2023-12-06,4.901199817657471,5.2565524522079015,-0.35535263455043076
2023-12-07,4.910099983215332,5.258197059484447,-0.3480970762691147
2023-12-08,4.893286228179932,5.233016667439924,-0.33973043925999225
2023-12-11,4.936699867248535,5.235826349373633,-0.2991264821250974
2023-12-12,4.964499950408936,5.269239670045068,-0.30473971963613167
2023-12-13,4.918399810791016,5.24327627018317,-0.32487645939215426
2023-12-14,4.914599895477295,5.250422382313894,-0.3358224868365989
2023-12-15,4.919657230377197,5.257182203315849,-0.3375249729386516
2023-12-18,4.895899772644043,5.242279566261861,-0.34637979361781834
2023-12-19,4.866499900817871,5.229846402400801,-0.3633465015829298
2023-12-20,4.914599895477295,5.222259118153312,-0.3076592226760173
2023-12-21,4.881800174713135,5.2200431338939435,-0.3382429591808087
2023-12-22,4.86984395980835,5.219523303770672,-0.3496793439623227
2023-12-25,4.869743824005127,5.207684383206252,-0.3379405592011251
2023-12-26,4.813499927520752,5.195845462641831,-0.38234553512107894
2023-12-27,4.826099872589111,5.2055269566948645,-0.3794270841057532
2023-12-28,4.850200176239014,5.228752049657227,-0.37855187341821317
2023-12-29,4.850500106811523,5.232369022745516,-0.3818689159339925
2024-01-01,4.852399826049805,4.826055785194083,0.026344040855721396
2024-01-02,4.922500133514404,4.834722550024759,0.08777758348964504
2024-01-03,4.9191999435424805,4.806182053252442,0.11301789029003828
2024-01-04,4.895599842071533,4.822496494156673,0.07310334791486017
2024-01-05,4.8606672286987305,4.801080303254599,0.05958692544413147
2024-01-08,4.86899995803833,4.835677171264293,0.033322786774037105
2024-01-09,4.905099868774414,4.828509883144588,0.076589985629826
2024-01-10,4.89139986038208,4.845358252151296,0.04604160823078374
2024-01-11,4.869699954986572,4.84018144438838,0.02951851059819255
2024-01-12,4.85290002822876,4.8313506289069785,0.021549399321781237
2024-01-15,4.862199783325195,4.827218612323947,0.03498117100124798
2024-01-16,4.924900054931641,4.845910874531059,0.07898918040058156
2024-01-17,4.934000015258789,4.847422053647635,0.08657796161115439
2024-01-18,4.92609977722168,4.847641087838123,0.07845868938355682
2024-01-19,4.904642105102539,4.858792706602663,0.04584939849987624
2024-01-22,4.98829984664917,4.851203213682007,0.1370966329671628
2024-01-23,4.952199935913086,4.847244343817774,0.1049555920953118
2024-01-24,4.932499885559082,4.84436975945438,0.08813012610470228
2024-01-25,4.915800094604492,4.8223493303802085,0.09345076422428367
2024-01-26,4.913599967956543,4.808987937472237,0.10461203048430612
2024-01-29,4.950200080871582,4.829419875478396,0.1207802053931859
2024-01-30,4.950300216674805,4.827968635708517,0.12233158096628749
2024-01-31,4.951900005340576,4.834637591087255,0.11726241425332073
2024-02-01,4.914999961853027,5.057725258950836,-0.142725297097809
2024-02-02,4.932938098907471,5.089999599858482,-0.157061500951011
2024-02-05,4.949943065643311,5.079759667901715,-0.12981660225840397
2024-02-06,4.962299823760986,5.052622960288089,-0.09032313652710311
2024-02-07,4.969299793243408,5.058930093017883,-0.08963029977447512
2024-02-08,4.991899967193604,5.047654089180248,-0.05575412198664331
2024-02-09,4.953100204467773,5.046682788772793,-0.09358258430501998
2024-02-12,4.952199935913086,5.048091390002466,-0.09589145408938027
2024-02-13,4.952000141143799,5.0331240747471,-0.08112393360330117
2024-02-14,4.968299865722656,5.053786112581585,-0.08548624685892836
2024-02-15,4.972400188446045,5.037239295503625,-0.06483910705757978
2024-02-16,4.965099811553955,5.01527820722427,-0.05017839567031501
2024-02-19,4.956399917602539,5.01581759570716,-0.059417678104621174
2024-02-20,4.926400184631348,5.011643274439912,-0.08524308980856432
2024-02-21,4.934899806976318,5.01410276496797,-0.07920295799165178
2024-02-22,4.962399959564209,5.018440493974796,-0.056040534410587206
2024-02-23,4.993500232696533,5.046232700943419,-0.05273246824688549
2024-02-26,4.978899955749512,5.031611744066237,-0.05271178831672518
2024-02-27,4.932400226593018,5.0028307799357306,-0.07043055334271298
2024-02-28,4.967299938201904,5.017716274339303,-0.05041633613739904
2024-02-29,4.969799995422363,5.0331029882360045,-0.06330299281364127
2024-03-01,4.952700138092041,5.572421711694077,-0.6197215736020363
2024-03-04,4.944900035858154,5.590661631623426,-0.645761595765272
2024-03-05,4.957099914550781,5.59202887518696,-0.634928960636179
2024-03-06,4.943600177764893,5.579082166924713,-0.6354819891598202
2024-03-07,4.933800220489502,5.592051935396344,-0.6582517149068421
2024-03-08,4.977540016174316,5.6074265924171165,-0.6298865762428001
2024-03-11,4.977399826049805,5.615335697053553,-0.6379358710037479
2024-03-12,4.968699932098389,5.613235957655508,-0.6445360255571195
2024-03-13,4.969200134277344,5.588048189844981,-0.6188480555676374
2024-03-14,4.992700099945068,5.573746884530843,-0.5810467845857747
2024-03-15,4.968047142028809,5.579641018814415,-0.6115938767856068
2024-03-18,5.029399871826172,5.565394402837239,-0.5359945310110668
2024-03-19,5.03000020980835,5.556862347937194,-0.5268621381288447
2024-03-20,4.96619987487793,5.56687106751102,-0.6006711926330901
2024-03-21,4.974500179290772,5.620597013254873,-0.6460968339641004
2024-03-22,5.000899791717529,5.633367700985984,-0.6324679092684544
2024-03-25,4.9721999168396,5.619260680508535,-0.6470607636689358
2024-03-26,4.9756999015808105,5.621262458965814,-0.645562557385003
2024-03-27,4.990300178527832,5.622578105012496,-0.6322779264846643
2024-03-28,5.014100074768066,5.602029088169082,-0.5879290134010153
2024-03-29,5.013199806213379,5.603347592414796,-0.5901477862014168
2024-04-01,5.053599834442139,5.69047758334189,-0.6368777488997512
2024-04-02,5.06440019607544,5.6670790887775295,-0.6026788927020892
2024-04-03,5.038599967956543,5.666943001250904,-0.6283430332943611
2024-04-04,5.057400226593018,5.646768614089437,-0.5893683874964193
2024-04-05,5.054900169372559,5.65588489405579,-0.6009847246832312
2024-04-08,5.023900032043457,5.643297619625357,-0.6193975875818998
2024-04-09,5.007599830627441,5.647439395931595,-0.639839565304154
2024-04-10,5.066199779510498,5.646965729318293,-0.5807659498077946
2024-04-11,5.090400218963623,5.668789294258321,-0.5783890752946981
2024-04-12,5.117099761962891,5.665215103406988,-0.5481153414440971
2024-04-15,5.183700084686279,5.665160530077806,-0.48146044539152655
2024-04-16,5.2855000495910645,5.6721866998266055,-0.38668665023554105
2024-04-17,5.232600212097168,5.696569893721835,-0.46396968162466745
2024-04-18,5.241700172424316,5.6946088496739335,-0.45290867724961714
2024-04-19,5.206200122833252,5.6775249776623244,-0.4713248548290725
2024-04-22,5.1656999588012695,5.681981626636779,-0.5162816678355098
2024-04-23,5.130499839782715,5.687862155887345,-0.5573623161046299
2024-04-24,5.145500183105469,5.696750898094305,-0.5512507149888366
