Data,Real,Previsto,Residuo
2016-05-02,3.496500015258789,3.467099806308746,0.029400208950042916
2016-05-03,3.5548999309539795,3.535188756942749,0.019711174011230348
2016-05-04,3.545399904251098,3.5456825284957887,-0.0002826242446904992
2016-05-05,3.533099889755249,3.5346597180366515,-0.0015598282814024422
2016-05-06,3.499000072479248,3.506653422355652,-0.007653349876403759
2016-05-09,3.513000011444092,3.518090795993805,-0.005090784549713234
2016-05-10,3.470400094985962,3.4922488412857056,-0.02184874629974365
2016-05-11,3.447000026702881,3.4620536031723024,-0.015053576469421515
2016-05-12,3.477099895477295,3.471899137020111,0.00520075845718404
2016-05-13,3.5302000045776367,3.5057748017311097,0.02442520284652705
2016-05-16,3.494499921798706,3.5039109582901,-0.009411036491393965
2016-05-17,3.4860999584198,3.506578178405762,-0.02047821998596211
2016-05-18,3.558500051498413,3.5336126289367678,0.024887422561645334
2016-05-19,3.5608999729156494,3.5595765910148622,0.0013233819007871794
2016-05-20,3.557300090789795,3.560380849838257,-0.003080759048462056
2016-05-23,3.566499948501587,3.5644095783233642,0.002090370178222667
2016-05-24,3.567300081253052,3.5684368529319763,-0.00113677167892412
2016-05-25,3.576900005340576,3.5773806123733523,-0.0004806070327760814
2016-05-26,3.58270001411438,3.5808946137428284,0.0018054003715515243
2016-05-27,3.6089000701904297,3.597374446392059,0.011525623798370521
2016-05-30,3.567399978637696,3.6001021909713744,-0.032702212333678204
2016-05-31,3.583199977874756,3.5818735938072206,0.001326384067535269
2016-06-01,3.5910000801086426,3.5848346605300905,0.0061654195785521
2016-06-02,3.5801000595092773,3.572950441837311,0.007149617671966535
2016-06-03,3.524499893188477,3.5380735492706297,-0.013573656082152663
2016-06-06,3.484499931335449,3.491703563213348,-0.007203631877898964
2016-06-07,3.434900045394897,3.457038231372833,-0.022138185977936153
2016-06-08,3.3575000762939453,3.389798050403595,-0.03229797410964963
2016-06-09,3.395900011062622,3.3743190035820008,0.021581007480621306
2016-06-10,3.415800094604492,3.4066134634017944,0.009186631202697804
2016-06-13,3.477299928665161,3.448749768733978,0.02855015993118304
2016-06-14,3.475100040435791,3.4742068333625795,0.0008932070732114994
2016-06-15,3.469300031661988,3.463878833293915,0.005421198368073199
2016-06-16,3.461199998855591,3.4560012130737303,0.005198785781860504
2016-06-17,3.412800073623657,3.4352834477424623,-0.02248337411880552
2016-06-20,3.391700029373169,3.4007606134414674,-0.00906058406829846
2016-06-21,3.412100076675415,3.403711657524109,0.00838841915130617
2016-06-22,3.374300003051758,3.38731840801239,-0.013018404960632335
2016-06-23,3.336999893188477,3.352443946838379,-0.015444053649901868
2016-06-24,3.3677000999450684,3.360589054584503,0.007111045360565171
2016-06-27,3.3893001079559326,3.3744580678939817,0.01484204006195089
2016-06-28,3.302500009536743,3.3467088103294373,-0.04420880079269418
2016-06-29,3.237600088119507,3.2567264423370363,-0.019126354217529506
2016-06-30,3.205899953842163,3.2255749793052675,-0.0196750254631044
2016-07-01,3.230600118637085,3.23386688375473,-0.0032667651176452317
2016-07-04,3.2885000705718994,3.2719644470214844,0.016535623550415046
2016-07-05,3.299099922180176,3.2958129382133485,0.0032869839668272505
2016-07-06,3.32699990272522,3.311649730205536,0.015350172519684069
2016-07-07,3.3610999584198,3.3503491673469545,0.010750791072845267
2016-07-08,3.2976999282836914,3.3283991560935973,-0.03069922780990586
2016-07-11,3.3071999549865723,3.2924529671669007,0.014746987819671542
2016-07-12,3.2934999465942383,3.2950161571502687,-0.0015162105560304617
2016-07-13,3.2616000175476074,3.2687072005271913,-0.007107182979583904
2016-07-14,3.2483999729156494,3.2512423701286317,-0.002842397212982295
2016-07-15,3.276599884033203,3.268091329574585,0.00850855445861809
2016-07-18,3.2493999004364014,3.258328136920929,-0.008928236484527563
2016-07-19,3.247900009155273,3.2557503957748413,-0.007850386619568273
2016-07-20,3.252700090408325,3.26020024061203,-0.0075001502037048695
2016-07-21,3.2685999870300293,3.264687789440155,0.003912197589874378
2016-07-22,3.251499891281128,3.2563439259529114,-0.004844034671783515
2016-07-25,3.282099962234497,3.2750841717720034,0.007015790462493676
2016-07-26,3.2699999809265137,3.2672017912864684,0.002798189640045301
2016-07-27,3.2585999965667725,3.2607943835258486,-0.0021943869590761444
2016-07-28,3.281899929046631,3.2741659507751466,0.007733978271484254
2016-07-29,3.24620008468628,3.255038446903229,-0.00883836221694878
2016-08-01,3.2583999633789062,3.257889178276062,0.0005107851028443022
2016-08-02,3.2527999877929688,3.252888189315796,-8.820152282718041e-05
2016-08-03,3.234600067138672,3.2429132294654845,-0.008313162326812673
2016-08-04,3.1868999004364014,3.211648745059967,-0.024748844623565525
2016-08-05,3.1607000827789307,3.1666880540847777,-0.005987971305847051
2016-08-08,3.168600082397461,3.1628934588432314,0.005706623554229573
2016-08-09,3.142899990081787,3.1524656195640564,-0.009565629482269244
2016-08-10,3.1247000694274902,3.137802656650543,-0.013102587223052797
2016-08-11,3.138999938964844,3.14884637594223,-0.009846436977385853
2016-08-12,3.190500020980835,3.1740582156181336,0.016441805362701345
2016-08-15,3.184799909591675,3.1884263525009153,-0.0036264429092405237
2016-08-16,3.201200008392334,3.1955046010017396,0.005695407390594376
2016-08-17,3.2047998905181885,3.206139931201935,-0.0013400406837464907
2016-08-18,3.2379000186920166,3.228701608657837,0.009198410034179538
2016-08-19,3.2044999599456787,3.2156249799728394,-0.011125020027160648
2016-08-22,3.198699951171875,3.205595775127411,-0.006895823955535896
2016-08-23,3.2355000972747803,3.224645452976227,0.010854644298553318
2016-08-24,3.223299980163574,3.225114390850067,-0.0018144106864927956
2016-08-25,3.228300094604492,3.232538067340851,-0.0042379727363588415
2016-08-26,3.2641000747680664,3.2530546607971194,0.011045413970947049
2016-08-29,3.22760009765625,3.2362948532104494,-0.008694755554199407
2016-08-30,3.236799955368042,3.233437783718109,0.003362171649933021
2016-08-31,3.2260000705718994,3.230269040107727,-0.004268969535827782
2016-09-01,3.253200054168701,3.250849836349487,0.0023502178192140732
2016-09-02,3.256099939346313,3.2549933609962465,0.001106578350066556
2016-09-05,3.267199993133545,3.2561439895629882,0.011056003570556694
2016-09-06,3.1963000297546387,3.220500208377838,-0.024200178623199342
2016-09-07,3.190700054168701,3.1965758366584778,-0.005875782489776604
2016-09-08,3.214900016784668,3.208555211544037,0.0063448052406309685
2016-09-09,3.271699905395508,3.2623809432983397,0.009318962097168093
2016-09-12,3.246900081634521,3.2472520418167115,-0.0003519601821904139
2016-09-13,3.3141000270843506,3.2880124197006224,0.026087607383728173
2016-09-14,3.3434998989105225,3.320007537841797,0.023492361068725653
2016-09-15,3.299799919128418,3.3196087441444395,-0.019808825016021547
2016-09-16,3.265500068664551,3.272991039276123,-0.007490970611572223
2016-09-19,3.271199941635132,3.263668554782867,0.007531386852264621
2016-09-20,3.256099939346313,3.2575351619720454,-0.0014352226257323686
2016-09-21,3.20959997177124,3.223398388385773,-0.013798416614533071
2016-09-22,3.2170000076293945,3.2258298077583314,-0.00882980012893686
2016-09-23,3.2432000637054443,3.2469362449645995,-0.0037361812591552024
2016-09-26,3.240600109100342,3.2439450616836547,-0.00334495258331291
2016-09-27,3.232599973678589,3.2387223896980286,-0.006122416019439747
2016-09-28,3.2177999019622803,3.2303225474357604,-0.012522645473480143
2016-09-29,3.259299993515014,3.254844799041748,0.004455194473266033
2016-09-30,3.25979995727539,3.2492547674179075,0.01054518985748265
2016-10-03,3.208699941635132,3.2176641464233398,-0.008964204788207919
2016-10-04,3.254499912261963,3.241969745159149,0.012530167102813738
2016-10-05,3.2184998989105225,3.223625925064087,-0.005126026153564389
2016-10-06,3.2272000312805176,3.221469802379608,0.005730228900909573
2016-10-07,3.219300031661988,3.2209788098335266,-0.0016787781715383865
2016-10-10,3.202699899673462,3.209293343067169,-0.006593443393707155
2016-10-11,3.1958999633789062,3.19625497674942,-0.00035501337051391246
2016-10-12,3.200700044631958,3.1989164171218873,0.0017836275100706622
2016-10-13,3.177299976348877,3.1884977850914002,-0.011197808742523296
2016-10-14,3.20199990272522,3.196436743736267,0.005563158988953099
2016-10-17,3.204200029373169,3.199403212070465,0.004796817302703982
2016-10-18,3.1816999912261963,3.1889187908172607,-0.007218799591064418
2016-10-19,3.166100025177002,3.1760888113975523,-0.009988786220550327
2016-10-20,3.1391000747680664,3.1558164434432983,-0.016716368675231852
2016-10-21,3.148900032043457,3.146240810394287,0.002659221649170096
2016-10-24,3.124500036239624,3.1333152232170103,-0.008815186977386258
2016-10-25,3.1103999614715576,3.119502163410187,-0.009102201938629317
2016-10-26,3.138799905776977,3.1309437370300293,0.007856168746947834
2016-10-27,3.165299892425537,3.1579725394248963,0.007327353000640802
2016-10-28,3.2030999660491943,3.185383580684662,0.01771638536453235
2016-10-31,3.198199987411499,3.195445593357086,0.002754394054413023
2016-11-01,3.235100030899048,3.2257200260162353,0.009380004882812543
2016-11-02,3.2525999546051025,3.25030797958374,0.002291975021362358
2016-11-03,3.2583999633789062,3.2614859862327577,-0.0030860228538514
2016-11-04,3.232300043106079,3.245797821044922,-0.01349777793884277
2016-11-07,3.200900077819824,3.2372892575263976,-0.036389179706573405
2016-11-08,3.168100118637085,3.1837378792762756,-0.015637760639190645
2016-11-09,3.2330000400543213,3.213417824745178,0.01958221530914317
2016-11-10,3.3956000804901123,3.3339846544265748,0.06161542606353754
2016-11-11,3.390000104904175,3.407833462715149,-0.01783335781097417
2016-11-14,3.4402999877929688,3.420908791542053,0.019391196250915677
2016-11-15,3.441699981689453,3.4347165870666503,0.006983394622802841
2016-11-16,3.450700044631958,3.442546021461487,0.008154023170471092
2016-11-17,3.4323999881744385,3.4348353967666627,-0.002435408592224242
2016-11-18,3.382299900054932,3.401373743534088,-0.019073843479155972
2016-11-21,3.387399911880493,3.385629339694977,0.0017705721855163503
2016-11-22,3.363600015640259,3.375586597442627,-0.011986581802368335
2016-11-23,3.4310998916625977,3.407931326389313,0.023168565273284702
2016-11-24,3.390700101852417,3.396259271144867,-0.00555916929245015
2016-11-25,3.4210000038146973,3.4129911975860594,0.008008806228637866
2016-11-28,3.40720009803772,3.4053792719841005,0.0018208260536196619
2016-11-29,3.4537999629974365,3.437029981136322,0.01676998186111467
2016-11-30,3.406300067901612,3.4168578515052794,-0.010557783603667215
2016-12-01,3.572999954223633,3.5028865633010864,0.07011339092254643
2016-12-02,3.4746999740600586,3.50549417591095,-0.030794201850891323
2016-12-05,3.4200000762939453,3.4350900526046755,-0.015089976310730169
2016-12-06,3.406300067901612,3.4147452387809754,-0.00844517087936314
2016-12-07,3.381599903106689,3.406717140674591,-0.025117237567902073
2016-12-08,3.373699903488159,3.374889540672302,-0.0011896371841428888
2016-12-09,3.377000093460083,3.3761626482009888,0.0008374452590942383
2016-12-12,3.337300062179565,3.35394043302536,-0.01664037084579517
2016-12-13,3.334199905395508,3.334842743396759,-0.0006428380012510893
2016-12-14,3.36899995803833,3.353276562690735,0.015723395347595037
2016-12-15,3.3657000064849854,3.3684774017333985,-0.0027773952484131392
2016-12-16,3.390399932861328,3.378985973358154,0.01141395950317392
2016-12-19,3.363899946212769,3.389666762828827,-0.02576681661605784
2016-12-20,3.353100061416626,3.358581030845642,-0.005480969429016103
2016-12-21,3.325400114059448,3.333072070598602,-0.007671956539154312
2016-12-22,3.28629994392395,3.3071555585861208,-0.020855614662170563
2016-12-23,3.2695000171661377,3.2700934085845947,-0.0005933914184570455
2016-12-26,3.269599914550781,3.26967852306366,-7.860851287899706e-05
2016-12-27,3.269399881362915,3.270298111438751,-0.000898230075836004
2016-12-28,3.282500028610229,3.275024999141693,0.007475029468535954
2016-12-29,3.2523000240325928,3.2605374140739443,-0.008237390041351489
2016-12-30,3.253200054168701,3.259875422477722,-0.006675368309021046
2017-01-02,3.2839999198913574,3.2632549338340757,0.0207449860572817
2017-01-03,3.263499975204468,3.2647771830558776,-0.0012772078514093899
2017-01-04,3.214099884033203,3.2302131152153013,-0.016113231182098176
2017-01-05,3.197700023651123,3.2040005927085877,-0.006300569057464678
2017-01-06,3.2221999168396,3.2161613454818725,0.006038571357727562
2017-01-09,3.195499897003174,3.200261935710907,-0.004762038707732952
2017-01-10,3.194499969482422,3.196167381286621,-0.0016674118041990482
2017-01-11,3.1963000297546387,3.1965746088027953,-0.00027457904815664236
2017-01-12,3.186800003051758,3.180816389083862,0.005983613967895707
2017-01-13,3.186800003051758,3.1934461941719055,-0.006646191120147638
2017-01-16,3.240499973297119,3.209401572227478,0.031098401069641124
2017-01-17,3.2098000049591064,3.215516592025757,-0.005716587066650458
2017-01-18,3.229599952697754,3.2191197700500487,0.010480182647705227
2017-01-19,3.1949000358581543,3.2065746169090272,-0.011674581050872934
2017-01-20,3.1422998905181885,3.1585353331565855,-0.016235442638397046
2017-01-23,3.1617000102996826,3.1544748048782347,0.007225205421447889
2017-01-24,3.1686999797821045,3.1610977897644044,0.007602190017700128
2017-01-25,3.1684999465942383,3.160344976902008,0.008154969692230285
2017-01-26,3.176100015640259,3.160198614120483,0.015901401519775593
2017-01-27,3.109600067138672,3.130883234977722,-0.021283167839050154
2017-01-30,3.125499963760376,3.126427568912506,-0.0009276051521300843
2017-01-31,3.150099992752075,3.141997984409332,0.008102008342742995
2017-02-01,3.128000020980835,3.13829860830307,-0.010298587322234987
2017-02-02,3.122499942779541,3.1209901542663574,0.0015097885131836186
2017-02-03,3.119499921798706,3.119085543632507,0.0004143781661989365
2017-02-06,3.1136999130249023,3.116929332733154,-0.003229419708251857
2017-02-07,3.1166999340057373,3.116940145969391,-0.00024021196365353603
2017-02-08,3.115900039672852,3.1191956024169922,-0.0032955627441402235
2017-02-09,3.1287999153137207,3.1245031442642213,0.004296771049499437
2017-02-10,3.107100009918213,3.1108173899650575,-0.0037173800468446316
2017-02-13,3.110100030899048,3.108423999786377,0.0016760311126708949
2017-02-14,3.081199884414673,3.093617322921753,-0.012417438507080103
2017-02-15,3.0560998916625977,3.0695043354034426,-0.013404443740844929
2017-02-16,3.087500095367432,3.0850256519317627,0.0024744434356693823
2017-02-17,3.095499992370605,3.0890373907089232,0.006462601661681777
2017-02-20,3.0855000019073486,3.0867829942703247,-0.001282992362976021
2017-02-21,3.093899965286255,3.0865559730529784,0.007343992233276531
2017-02-22,3.062299966812134,3.0741807765960694,-0.011880809783935575
2017-02-23,3.06030011177063,3.0725542640686037,-0.012254152297973775
2017-02-24,3.094599962234497,3.089474991798401,0.005124970436096277
2017-02-27,3.105299949645996,3.1003743710517884,0.004925578594207725
2017-02-28,3.1080000400543213,3.1030956158638,0.004904424190521173
2017-03-01,3.088200092315674,3.101396658420563,-0.013196566104888952
2017-03-02,3.154599905014038,3.1300545511245725,0.02454535388946555
2017-03-03,3.119999885559082,3.1280291299819947,-0.00802924442291264
2017-03-06,3.137200117111206,3.1311442766189574,0.00605584049224861
2017-03-07,3.115900039672852,3.121461637020111,-0.0055615973472589175
2017-03-08,3.1593000888824463,3.1444708647727966,0.014829224109649708
2017-03-09,3.1912999153137207,3.1711339540481567,0.020165961265564025
2017-03-10,3.1475000381469727,3.1551060276031495,-0.007605989456176854
2017-03-13,3.152400016784668,3.1451988167762757,0.0072012000083923056
2017-03-14,3.1637001037597656,3.158891661643982,0.004808442115783684
2017-03-15,3.099900007247925,3.121287202835083,-0.021387195587158292
2017-03-16,3.11929988861084,3.113696937084198,0.0056029515266420304
2017-03-17,3.0866000652313232,3.102751652240753,-0.016151587009429758
2017-03-20,3.071000099182129,3.084703251838684,-0.013703152656554973
2017-03-21,3.086800098419189,3.1037312588691712,-0.01693116044998222
2017-03-22,3.0848000049591064,3.0928388023376465,-0.008038797378540075
2017-03-23,3.138099908828736,3.1197813596725466,0.018318549156189246
2017-03-24,3.1096999645233154,3.1256883916854856,-0.015988427162170193
2017-03-27,3.125200033187866,3.131857421875,-0.006657388687133725
2017-03-28,3.138400077819824,3.1325282588005066,0.005871819019317659
2017-03-29,3.122100114822388,3.1267810769081117,-0.00468096208572355
2017-03-30,3.147700071334839,3.142447057247162,0.005253014087676977
2017-03-31,3.121799945831299,3.129800371646881,-0.008000425815582357
2017-04-03,3.11299991607666,3.122585555553436,-0.009585639476775931
2017-04-04,3.095599889755249,3.1084323329925536,-0.012832443237304592
2017-04-05,3.1196000576019287,3.1183532266616822,0.0012468309402464683
2017-04-06,3.1414999961853027,3.1345991907119752,0.006900805473327498
2017-04-07,3.144700050354004,3.141319227695465,0.0033808226585390067
2017-04-10,3.131799936294556,3.1345987701416016,-0.00279883384704549
2017-04-11,3.1368000507354736,3.131752833366394,0.005047217369079426
2017-04-12,3.123500108718872,3.1260754599571228,-0.0025753512382507004
2017-04-13,3.142400026321411,3.1401338090896607,0.002266217231750467
2017-04-14,3.143699884414673,3.148149730682373,-0.004449846267700064
2017-04-17,3.130300045013428,3.1337362308502197,-0.0034361858367915055
2017-04-18,3.1064999103546143,3.115809745788574,-0.009309835433959801
2017-04-19,3.1482999324798584,3.1376783542633055,0.010621578216552852
2017-04-20,3.14709997177124,3.1529967794418337,-0.005896807670593862
2017-04-21,3.1468000411987305,3.1467674231529235,3.261804580700911e-05
2017-04-24,3.127000093460083,3.137818251609802,-0.010818158149719093
2017-04-25,3.147200107574463,3.139202649116516,0.007997458457946749
2017-04-26,3.171099901199341,3.1618869452476503,0.009212955951690471
2017-04-27,3.1810998916625977,3.172593330860138,0.008506560802459706
2017-04-28,3.176100015640259,3.1694816002845765,0.0066184153556823055
2017-05-01,3.175100088119507,3.1615036573410036,0.013596430778503255
2017-05-02,3.1501998901367188,3.155126338005066,-0.004926447868347061
2017-05-03,3.162100076675415,3.1610178542137146,0.0010822224617004217
2017-05-04,3.184900045394897,3.178152627944946,0.006747417449950888
2017-05-05,3.1777000427246094,3.177458606719971,0.00024143600463855108
2017-05-08,3.1963999271392822,3.1848933477401733,0.01150657939910893
2017-05-09,3.186800003051758,3.1834194040298462,0.003380599021911568
2017-05-10,3.165699958801269,3.1656205649375915,7.939386367761259e-05
2017-05-11,3.138999938964844,3.146717153072357,-0.007717214107513026
2017-05-12,3.1777000427246094,3.1650282330513,0.012671809673309387
2017-05-15,3.1082000732421875,3.1299314455986025,-0.02173137235641498
2017-05-16,3.0957999229431152,3.10491774892807,-0.00911782598495492
2017-05-17,3.1333999633789062,3.1227375741004946,0.010662389278411677
2017-05-18,3.36899995803833,3.281947181224823,0.0870527768135072
2017-05-19,3.2532999515533447,3.302799761772156,-0.04949981021881111
2017-05-22,3.265399932861328,3.260433364391327,0.00496656847000132
2017-05-23,3.2685999870300293,3.26512598323822,0.003474003791809288
2017-05-24,3.274199962615967,3.2681879711151125,0.006011991500854297
2017-05-25,3.2734999656677246,3.263730580329895,0.009769385337829561
2017-05-26,3.1777000427246094,3.2106834197044374,-0.032983376979828005
2017-05-29,3.255399942398072,3.2361787514686586,0.019221190929413545
2017-05-30,3.256200075149536,3.2504278450012207,0.005772230148315405
2017-05-31,3.225100040435791,3.237458433628082,-0.01235839319229104
2017-06-01,3.249000072479248,3.2411004490852355,0.007899623394012512
2017-06-02,3.2492001056671143,3.2580564470291136,-0.00885634136199931
2017-06-05,3.296099901199341,3.278430153846741,0.017669747352599963
2017-06-06,3.276000022888184,3.2739736161231994,0.0020264067649846673
2017-06-07,3.2672998905181885,3.2728085341453554,-0.005508643627166965
2017-06-08,3.2595999240875244,3.2502315554618835,0.009368368625640944
2017-06-09,3.1777000427246094,3.208568419933319,-0.030868377208709497
2017-06-12,3.316699981689453,3.2997371673583986,0.01696281433105451
2017-06-13,3.3143999576568604,3.3015119671821593,0.012887990474701017
2017-06-14,3.272599935531616,3.2823771538734436,-0.009777218341827432
2017-06-15,3.273600101470948,3.2703136644363404,0.0032864370346077365
2017-06-16,3.288599967956543,3.2759245896339415,0.01267537832260146
2017-06-19,3.281100034713745,3.282247427940369,-0.0011473932266237163
2017-06-20,3.325500011444092,3.305673411846161,0.019826599597930983
2017-06-21,3.333400011062622,3.325501001834869,0.007899009227752884
2017-06-22,3.3396999835968018,3.335695191860199,0.00400479173660262
2017-06-23,3.3415000438690186,3.3322438263893126,0.009256217479705953
2017-06-26,3.294800043106079,3.30889263343811,-0.01409259033203103
2017-06-27,3.312000036239624,3.298211832523346,0.01378820371627798
2017-06-28,3.2795000076293945,3.280975792884827,-0.0014757852554323492
2017-06-29,3.3027000427246094,3.291327830314636,0.011372212409973326
2017-06-30,3.1777000427246094,3.2192484321594237,-0.041548389434814315
2017-07-03,3.30049991607666,3.280515525341034,0.01998439073562608
2017-07-04,3.309200048446656,3.289660234928131,0.019539813518524962
2017-07-05,3.2869999408721924,3.2885741691589354,-0.001574228286743029
2017-07-06,3.297300100326538,3.283694471359253,0.01360562896728501
2017-07-07,3.1777000427246094,3.221383433818817,-0.043683391094207824
2017-07-10,3.2530999183654785,3.261407326221466,-0.008307407855987492
2017-07-12,3.2067999839782715,3.2227789907455446,-0.01597900676727315
2017-07-13,3.2100000381469727,3.207831632614136,0.0021684055328368146
2017-07-14,3.1777000427246094,3.1938982367515565,-0.01619819402694711
2017-07-17,3.1812000274658203,3.1705199913978577,0.01068003606796264
2017-07-18,3.1526999473571777,3.1594473567008974,-0.006747409343719646
2017-07-19,3.147700071334839,3.150936649799347,-0.0032365784645080886
2017-07-20,3.1184000968933105,3.133732874393463,-0.015332777500152606
2017-07-21,3.1777000427246094,3.165604238986969,0.01209580373764041
2017-07-24,3.144399881362915,3.149943521976471,-0.005543640613555834
2017-07-25,3.1712000370025635,3.1635274367332458,0.007672600269317709
2017-07-26,3.137500047683716,3.1446470246315004,-0.007146976947784545
2017-07-27,3.152600049972534,3.1416802463531495,0.010919803619384716
2017-07-28,3.1777000427246094,3.1668184251785276,0.010881617546081745
2017-07-31,3.1257998943328857,3.1374743323326113,-0.011674437999725562
2017-08-01,3.12280011177063,3.124823466300964,-0.0020233545303343092
2017-08-02,3.1122000217437744,3.1209852209091187,-0.00878519916534426
2017-08-03,3.111500024795532,3.114632823944092,-0.003132799148560128
2017-08-04,3.129300117492676,3.124689877510071,0.004610239982604902
2017-08-07,3.1242001056671143,3.1262692694664,-0.002069163799285789
2017-08-08,3.1259000301361084,3.128590218067169,-0.0026901879310607946
2017-08-09,3.1522998809814453,3.142230746269226,0.010069134712219263
2017-08-10,3.1735999584198,3.1689617881774903,0.004638170242309503
2017-08-11,3.1777000427246094,3.1724864377975464,0.00521360492706302
2017-08-14,3.1872000694274902,3.1757322454452517,0.011467823982238556
2017-08-15,3.16759991645813,3.1693035588264467,-0.0017036423683167712
2017-08-16,3.151400089263916,3.153282455921173,-0.0018823666572571618
2017-08-17,3.17330002784729,3.168941831111908,0.004358196735382069
2017-08-18,3.1777000427246094,3.1703506412506104,0.007349401473998984
2017-08-21,3.1630001068115234,3.1653058714866638,-0.0023057646751403205
2017-08-22,3.1605000495910645,3.1584986367225647,0.0020014128684997523
2017-08-23,3.1393001079559326,3.1484344725608824,-0.009134364604949763
2017-08-24,3.1465001106262207,3.1482996730804444,-0.0017995624542237465
2017-08-25,3.158699989318848,3.1565906133651733,0.0021093759536747747
2017-08-28,3.165800094604492,3.162367465019226,0.0034326295852662447
2017-08-29,3.1642000675201416,3.1630974469184876,0.001102620601654003
2017-08-30,3.158799886703491,3.162324146270752,-0.003524259567260657
2017-08-31,3.1459999084472656,3.1511337599754334,-0.00513385152816781
2017-09-01,3.1777000427246094,3.164837427139282,0.012862615585327308
2017-09-04,3.139400005340576,3.1404828023910523,-0.001082797050476092
2017-09-05,3.115799903869629,3.1275407481193542,-0.011740844249725324
2017-09-06,3.097899913787842,3.106118938446045,-0.008219024658203011
2017-09-07,3.097599983215332,3.104879183769226,-0.007279200553893972
2017-09-08,3.1777000427246094,3.1553864302635195,0.02231361246108987
2017-09-11,3.0996999740600586,3.1193449831008913,-0.01964500904083266
2017-09-12,3.121900081634521,3.119864448070526,0.002035633563994832
2017-09-13,3.131599903106689,3.129355742931366,0.002244160175322918
2017-09-14,3.1180999279022217,3.122051558971405,-0.003951631069183392
2017-09-15,3.1096999645233154,3.117251980304718,-0.00755201578140241
2017-09-18,3.1349000930786133,3.127501055717468,0.007399037361145222
2017-09-19,3.1328001022338867,3.13727347278595,-0.004473370552063205
2017-09-20,3.130599975585937,3.139708800315857,-0.009108824729919807
2017-09-21,3.134500026702881,3.1314446187019347,0.0030554080009461693
2017-09-22,3.123500108718872,3.133064279556274,-0.00956417083740213
2017-09-25,3.157299995422364,3.1442719917297364,0.013028003692627799
2017-09-26,3.1638998985290527,3.159135736942291,0.004764161586761517
2017-09-27,3.19190001487732,3.1790251936912535,0.01287482118606631
2017-09-28,3.1809000968933105,3.1777366499900817,0.0031634469032288948
2017-09-29,3.1633999347686768,3.1604711594581603,0.002928775310516496
2017-10-02,3.152899980545044,3.1575213866233827,-0.004621406078338719
2017-10-03,3.1407999992370605,3.149315586090088,-0.008515586853027557
2017-10-04,3.13319993019104,3.1414891576766966,-0.008289227485656525
2017-10-05,3.152400016784668,3.167718008518219,-0.015317991733550862
2017-10-06,3.1554999351501465,3.1601491599082947,-0.004649224758148218
2017-10-09,3.186800003051758,3.1742415914535522,0.012558411598205588
2017-10-10,3.177799940109253,3.1753805470466614,0.002419393062591535
2017-10-11,3.1696999073028564,3.1657147374153136,0.003985169887542828
2017-10-12,3.1689999103546143,3.1641941351890566,0.004805775165557691
2017-10-13,3.146199941635132,3.1550801453590394,-0.00888020372390752
2017-10-16,3.170300006866455,3.163435399532318,0.006864607334136963
2017-10-17,3.156100034713745,3.1619838256835937,-0.00588379096984859
2017-10-18,3.170099973678589,3.1702757844924925,-0.00017581081390360964
2017-10-19,3.164900064468384,3.164645040512085,0.0002550239562988388
2017-10-20,3.1909000873565674,3.18761506319046,0.00328502416610732
2017-10-23,3.2344000339508057,3.2110086216926574,0.023391412258148225
2017-10-24,3.2425999641418457,3.2515723857879637,-0.008972421646118
2017-10-25,3.2311999797821045,3.239619580745697,-0.008419600963592622
2017-10-26,3.2864999771118164,3.2709717864990235,0.01552819061279287
2017-10-27,3.234800100326538,3.249811047554016,-0.015010947227477978
2017-10-30,3.287300109863281,3.2739188561439514,0.013381253719329411
2017-10-31,3.269599914550781,3.266634558200836,0.00296535634994477
2017-11-01,3.266200065612793,3.2666374344825746,-0.00043736886978162914
2017-11-02,3.2646000385284424,3.2665050206184385,-0.0019049820899961212
2017-11-03,3.29259991645813,3.2785759463310242,0.014023970127105656
2017-11-06,3.247900009155273,3.2613299918174743,-0.0134299826622013
2017-11-07,3.2701001167297363,3.2679140734672547,0.0021860432624816184
2017-11-08,3.251300096511841,3.255424447059631,-0.0041243505477903675
2017-11-09,3.248699903488159,3.2540261478424073,-0.005326244354248111
2017-11-10,3.276400089263916,3.270905854701996,0.005494234561920219
2017-11-13,3.275899887084961,3.2778421149253845,-0.0019422278404235271
2017-11-14,3.3118999004364014,3.294880123138428,0.017019777297973437
2017-11-15,3.2706000804901123,3.2837900438308716,-0.013189963340759281
2017-11-17,3.254499912261963,3.2599105577468874,-0.005410645484924537
2017-11-20,3.253999948501587,3.256860149860382,-0.002860201358795056
2017-11-21,3.257299900054932,3.2546645255088804,0.002635374546051672
2017-11-22,3.222899913787842,3.2342967314720155,-0.011396817684173666
2017-11-23,3.22029995918274,3.223541159629822,-0.003241200447081649
2017-11-24,3.232899904251098,3.2285761413574217,0.0043237628936765304
2017-11-27,3.2263998985290527,3.2383621401786806,-0.011962241649627892
2017-11-28,3.209700107574463,3.218483654022217,-0.00878354644775392
2017-11-29,3.244800090789795,3.2367664642333986,0.008033626556396278
2017-11-30,3.271199941635132,3.26573477602005,0.005465165615081702
2017-12-01,3.2574000358581543,3.2612448205947877,-0.003844784736633411
2017-12-04,3.2425999641418457,3.2442311654090883,-0.001631201267242588
2017-12-05,3.240299940109253,3.245092148780823,-0.004792208671569931
2017-12-06,3.234299898147583,3.2391187233924867,-0.004818825244903735
2017-12-07,3.2871999740600586,3.2724529767036437,0.014746997356414937
2017-12-08,3.287800073623657,3.2907574424743653,-0.0029573688507085194
2017-12-11,3.303299903869629,3.299408347606659,0.0038915562629697753
2017-12-12,3.303100109100342,3.3051362600326537,-0.0020361509323119087
2017-12-13,3.3085999488830566,3.3083099875450133,0.0002899613380433763
2017-12-14,3.340399980545044,3.3278911995887754,0.012508780956268506
2017-12-15,3.2920000553131104,3.3066954345703126,-0.014695379257202212
2017-12-18,3.290499925613404,3.2910805506706238,-0.0005806250572195637
2017-12-19,3.2885000705718994,3.290933033466339,-0.0024329628944395054
2017-12-20,3.296499967575073,3.2972105646133425,-0.0007105970382697002
2017-12-21,3.30679988861084,3.2998571338653564,0.006942754745483448
2017-12-22,3.338000059127808,3.328552827835083,0.009447231292725178
2017-12-25,3.3355000019073486,3.326677604198456,0.008822397708892815
2017-12-26,3.3097000122070312,3.318134605884552,-0.008434593677520752
2017-12-27,3.3132998943328857,3.3163343472480773,-0.0030344529151915545
2017-12-28,3.311100006103516,3.311580394744873,-0.0004803886413569103
2017-12-29,3.3076000213623047,3.3107198066711425,-0.0031197853088378302
2018-01-01,3.311000108718872,3.297455093860626,0.013545014858245885
2018-01-02,3.2578001022338867,3.2712346873283384,-0.013434585094451723
2018-01-03,3.2355000972747803,3.238900061130524,-0.003399963855743593
2018-01-04,3.233099937438965,3.234469560146332,-0.0013696227073669576
2018-01-05,3.226599931716919,3.2334931640625,-0.006893232345581257
2018-01-08,3.239000082015991,3.232983645915985,0.006016436100006128
2018-01-09,3.246799945831299,3.2378353543281557,0.008964591503143104
2018-01-10,3.2263998985290527,3.235185544490814,-0.008785645961761457
2018-01-11,3.214200019836426,3.2181192293167116,-0.00391920948028579
2018-01-12,3.200700044631958,3.209835648536682,-0.009135603904724121
2018-01-15,3.213200092315674,3.213631880283356,-0.0004317879676820624
2018-01-16,3.2227001190185547,3.218902886390686,0.003797232627868574
2018-01-17,3.2221999168396,3.2173081665039063,0.004891750335693779
2018-01-18,3.2051000595092773,3.2107052278518675,-0.005605168342590172
2018-01-19,3.194700002670288,3.204293416976929,-0.009593414306640735
2018-01-22,3.200700044631958,3.200392442703247,0.0003076019287111542
2018-01-23,3.2355000972747803,3.222819083213806,0.012681014060974327
2018-01-24,3.1451001167297363,3.178205065250397,-0.03310494852066048
2018-01-25,3.146899938583374,3.150359366893768,-0.0034594283103941414
2018-01-26,3.151000022888184,3.1524436049461366,-0.001443582057952586
2018-01-29,3.153599977493286,3.159582394123077,-0.005982416629791043
2018-01-30,3.179500102996826,3.173559863090515,0.0059402399063110956
2018-01-31,3.1847000122070312,3.181577425956726,0.0031225862503050372
2018-02-01,3.1637001037597656,3.1762226634025574,-0.012522559642791808
2018-02-02,3.215399980545044,3.1966560049057007,0.01874397563934327
2018-02-05,3.2611000537872314,3.2488294405937195,0.01227061319351197
2018-02-06,3.2334001064300537,3.2390802679061887,-0.005680161476135037
2018-02-07,3.26990008354187,3.2590682530403137,0.01083183050155645
2018-02-08,3.284600019454956,3.2738434162139893,0.010756603240966722
2018-02-09,3.290800094604492,3.2866800479888916,0.004120046615600614
2018-02-12,3.2939999103546143,3.290316345691681,0.003683564662933403
2018-02-13,3.2941999435424805,3.285970766544342,0.00822917699813841
2018-02-14,3.216200113296509,3.241769069671631,-0.02556895637512202
2018-02-15,3.2263998985290527,3.229993332386017,-0.00359343385696409
2018-02-16,3.228199958801269,3.2303623647689816,-0.002162405967712555
2018-02-19,3.233099937438965,3.2361647663116453,-0.0030648288726804473
2018-02-20,3.254300117492676,3.250171874046326,0.004128243446349877
2018-02-21,3.2676000595092773,3.259013250827789,0.0085868086814882
2018-02-22,3.248699903488159,3.250497751235962,-0.0017978477478028942
2018-02-23,3.2372000217437744,3.239710021495819,-0.0025099997520445783
2018-02-26,3.2225000858306885,3.226356261730194,-0.0038561758995054873
2018-02-27,3.248500108718872,3.242053069591522,0.006447039127349896
2018-02-28,3.244800090789795,3.2479792675971986,-0.0031791768074036497
2018-03-01,3.25,3.2519479813575747,-0.0019479813575746796
2018-03-02,3.249599933624268,3.251479749202728,-0.0018798155784600645
2018-03-05,3.240999937057495,3.243379949092865,-0.0023800120353700827
2018-03-06,3.2079999446868896,3.2208065519332885,-0.012806607246398816
2018-03-07,3.2428998947143555,3.2369999413490294,0.005899953365326116
2018-03-08,3.2660999298095703,3.25453414106369,0.011565788745880212
2018-03-09,3.256099939346313,3.2570633573532106,-0.0009634180068975873
2018-03-12,3.2602999210357666,3.257263942718506,0.003035978317260657
2018-03-13,3.258699893951416,3.2561895432472228,0.002510350704193254
2018-03-14,3.258500099182129,3.2610318388938904,-0.0025317397117614604
2018-03-15,3.282099962234497,3.271250781059265,0.010849181175232037
2018-03-16,3.280100107192993,3.2835230889320375,-0.0034229817390443174
2018-03-19,3.28410005569458,3.284741662502289,-0.000641606807708861
2018-03-20,3.30870008468628,3.298511878967285,0.010188205718995036
2018-03-21,3.272700071334839,3.28631046295166,-0.013610391616821094
2018-03-22,3.3141000270843506,3.293823224067688,0.02027680301666246
2018-03-23,3.314500093460083,3.314769462108612,-0.0002693686485288893
2018-03-26,3.31030011177063,3.3093478713035585,0.0009522404670714302
2018-03-27,3.3229000568389893,3.3189036498069764,0.003996407032012872
2018-03-28,3.319299936294556,3.3165961632728576,0.0027037730216985523
2018-03-29,3.303499937057495,3.30826797914505,-0.004768042087555102
2018-03-30,3.302000045776367,3.3043684449195863,-0.0023683991432190687
2018-04-02,3.309400081634521,3.3017050652503968,0.007695016384124287
2018-04-03,3.339400053024292,3.330614244937897,0.008785808086395175
2018-04-04,3.327699899673462,3.3349563336372374,-0.00725643396377551
2018-04-05,3.341599941253662,3.3434103651046754,-0.0018104238510132653
2018-04-06,3.367500066757202,3.3500358395576475,0.01746422719955465
2018-04-09,3.4210000038146973,3.4058394050598144,0.015160598754882848
2018-04-10,3.407299995422364,3.409409809589386,-0.0021098141670217174
2018-04-11,3.37310004234314,3.3908316240310667,-0.017731581687926656
2018-04-12,3.4110000133514404,3.404984820842743,0.006015192508697531
2018-04-13,3.424299955368042,3.415358985424042,0.008940969944000177
2018-04-16,3.416100025177002,3.413449627399445,0.0026503977775571563
2018-04-17,3.405800104141236,3.4081158671379095,-0.002315762996673687
2018-04-18,3.3770999908447266,3.4015595922470094,-0.02445960140228287
2018-04-19,3.382699966430664,3.3915179958343504,-0.008818029403686367
2018-04-20,3.4137001037597656,3.4066302614212036,0.007069842338562005
2018-04-23,3.448899984359741,3.434373800754547,0.014526183605194198
2018-04-24,3.4714999198913574,3.4617999544143676,0.009699965476989814
2018-04-25,3.4809000492095947,3.4723394322395325,0.008560616970062274
2018-04-26,3.4742000102996826,3.4770176148414613,-0.0028176045417787066
2018-04-27,3.4581000804901123,3.4639934558868406,-0.005893375396728295
2018-04-30,3.505800008773804,3.4883078050613405,0.017492203712463628
2018-05-01,3.506099939346313,3.5162615437507627,-0.010161604404449687
2018-05-02,3.549599885940552,3.5340465178489686,0.015553368091583586
2018-05-03,3.526599884033203,3.5414109144210815,-0.014811030387878343
2018-05-04,3.525500059127808,3.53088983297348,-0.0053897738456720745
2018-05-07,3.5492000579833984,3.5425524396896364,0.0066476182937620365
2018-05-08,3.5618999004364014,3.5597163343429568,0.002183566093444611
2018-05-09,3.5903000831604004,3.5782860412597657,0.012014041900634709
2018-05-10,3.549499988555908,3.572911593914032,-0.02341160535812392
2018-05-11,3.60290002822876,3.5852544050216677,0.01764562320709251
2018-05-14,3.6215999126434326,3.6083065514564514,0.013293361186981212
2018-05-15,3.648699998855591,3.6534927945137023,-0.004792795658111526
2018-05-16,3.6744000911712646,3.668108856678009,0.006291234493255526
2018-05-17,3.695100069046021,3.6886718287467954,0.006428240299225507
2018-05-18,3.7383999824523926,3.7156339874267577,0.022765995025634922
2018-05-21,3.6756999492645264,3.6933669676780703,-0.0176670184135439
2018-05-22,3.6459999084472656,3.6657033553123473,-0.01970344686508163
2018-05-23,3.625600099563599,3.6379980487823484,-0.012397949218749371
2018-05-24,3.648099899291992,3.6485719456672667,-0.0004720463752745374
2018-05-25,3.626199960708618,3.6478535733222963,-0.021653612613678153
2018-05-28,3.73420000076294,3.7055805888175963,0.028619411945343565
2018-05-29,3.724100112915039,3.7293390679359435,-0.0052389550209044344
2018-05-30,3.722100019454956,3.7207128038406374,0.0013872156143186487
2018-05-31,3.721999883651733,3.7229875326156616,-0.0009876489639286667
2018-06-01,3.761600017547608,3.753743613243103,0.00785640430450485
2018-06-04,3.744499921798706,3.7529689536094666,-0.00846903181076053
2018-06-05,3.80430006980896,3.783343831539154,0.020956238269806082
2018-06-06,3.843400001525879,3.8165471873283385,0.026852814197540376
2018-06-07,3.900700092315674,3.881243062496185,0.019457029819488714
2018-06-08,3.704900026321411,3.7833844108581545,-0.07848438453674333
2018-06-11,3.7088000774383545,3.7153608322143556,-0.006560754776001154
2018-06-12,3.714999914169312,3.718955762863159,-0.0039558486938471304
2018-06-13,3.7188000679016113,3.7262320380210876,-0.007431970119476272
2018-06-14,3.803999900817871,3.774669945716858,0.029329955101013105
2018-06-15,3.7286999225616455,3.7712457566261293,-0.042545834064483756
2018-06-18,3.7462000846862793,3.7573898363113405,-0.011189751625061195
2018-06-19,3.744999885559082,3.7542995252609255,-0.009299639701843443
2018-06-20,3.769099950790405,3.7652667670249937,0.0038331837654110856
2018-06-21,3.7651000022888175,3.7738211913108826,-0.00872118902206509
2018-06-22,3.78629994392395,3.7809319596290587,0.005367984294891492
2018-06-25,3.775099992752075,3.779758587837219,-0.0046585950851438795
2018-06-26,3.795799970626831,3.7881013770103453,0.007698593616485727
2018-06-27,3.860100030899048,3.8351972184181213,0.024902812480926517
2018-06-28,3.859499931335449,3.8612277827262877,-0.0017278513908385307
2018-06-29,3.875600099563599,3.861063648223877,0.014536451339722145
2018-07-02,3.912600040435791,3.8941764369010925,0.01842360353469852
2018-07-03,3.8963000774383545,3.9016488375663756,-0.005348760128021102
2018-07-04,3.91100001335144,3.8995574126243593,0.011442600727080698
2018-07-05,3.931299924850464,3.918509563922882,0.0127903609275819
2018-07-06,3.865900039672852,3.8818216280937197,-0.01592158842086766
2018-07-09,3.871299982070923,3.8582243847846986,0.013075597286224205
2018-07-10,3.815099954605103,3.8345031776428224,-0.019403223037719464
2018-07-11,3.876100063323975,3.848542660713196,0.027557402610779214
2018-07-12,3.88070011138916,3.874634069919586,0.006066041469574124
2018-07-13,3.849400043487549,3.858418040275574,-0.009017996788025062
2018-07-16,3.8559999465942383,3.853012576580048,0.0029873700141904713
2018-07-17,3.835900068283081,3.84492063999176,-0.009020571708679093
2018-07-18,3.8492000102996826,3.8421250257492066,0.00707498455047606
2018-07-19,3.828500032424927,3.8371282215118407,-0.00862818908691354
2018-07-20,3.7708001136779785,3.7977124800682067,-0.026912366390228204
2018-07-23,3.780400037765503,3.7724582056999205,0.00794183206558241
2018-07-24,3.7460999488830566,3.758590570449829,-0.012490621566772386
2018-07-25,3.6863999366760254,3.7050789775848387,-0.018679040908813338
2018-07-26,3.74429988861084,3.733859332561493,0.010440556049347016
2018-07-27,3.7111001014709473,3.7177456612586974,-0.006645559787750166
2018-07-30,3.728100061416626,3.7273394298553466,0.0007606315612793679
2018-07-31,3.753000020980835,3.742271622180939,0.010728398799896066
2018-08-01,3.746999979019165,3.7476840062141417,-0.0006840271949766219
2018-08-02,3.7483999729156494,3.7418677911758422,0.006532181739807186
2018-08-03,3.7023000717163086,3.7186306414604187,-0.01633056974411007
2018-08-06,3.734499931335449,3.7345895524024963,-8.96210670471298e-05
2018-08-07,3.750499963760376,3.740904378890991,0.009595584869384943
2018-08-08,3.770100116729736,3.7597210779190062,0.010379038810729657
2018-08-09,3.799599885940552,3.7936443338394166,0.0059555521011356305
2018-08-10,3.865400075912476,3.8385076422691347,0.026892433643341374
2018-08-13,3.881999969482422,3.879350172996521,0.0026497964859006906
2018-08-14,3.864399909973145,3.8727865443229677,-0.008386634349822675
2018-08-15,3.900599956512451,3.8892387685775756,0.011361187934875616
2018-08-16,3.903899908065796,3.886538744926453,0.017361163139343105
2018-08-17,3.9098000526428223,3.920929838180542,-0.011129785537719705
2018-08-20,3.9660000801086426,3.947259051322937,0.018741028785705716
2018-08-21,4.048500061035156,4.01752105140686,0.030979009628295806
2018-08-22,4.036900043487549,4.05898043012619,-0.02208038663864098
2018-08-23,4.112299919128418,4.0864065618515015,0.02589335727691644
2018-08-24,4.102799892425537,4.102701482772827,9.840965271035174e-05
2018-08-27,4.077499866485596,4.086933125495911,-0.009433259010314998
2018-08-28,4.133900165557861,4.106942144393921,0.026958021163940415
2018-08-29,4.105500221252441,4.106081944465637,-0.0005817232131954952
2018-08-30,4.148600101470947,4.129629664421081,0.018970437049866007
2018-08-31,4.053699970245361,4.086758403778076,-0.03305843353271509
2018-09-03,4.154799938201904,4.125030541419983,0.02976939678192103
2018-09-04,4.15369987487793,4.159130508422852,-0.005430633544921903
2018-09-05,4.143099784851074,4.145874873161316,-0.002775088310241536
2018-09-06,4.057300090789795,4.090429843902588,-0.0331297531127932
2018-09-07,4.043799877166748,4.066310842514038,-0.02251096534728969
2018-09-10,4.08459997177124,4.074616384983063,0.009983586788177234
2018-09-11,4.151599884033203,4.137281312942505,0.014318571090698562
2018-09-12,4.159800052642822,4.151906798362732,0.007893254280090467
2018-09-13,4.204999923706055,4.181098331451416,0.023901592254638615
2018-09-14,4.171999931335449,4.178617354393006,-0.006617423057556415
2018-09-17,4.1321001052856445,4.139626858711242,-0.007526753425597832
2018-09-18,4.158400058746338,4.139777466773987,0.018622591972350833
2018-09-19,4.130300045013428,4.134603837966919,-0.004303792953491481
2018-09-20,4.076000213623047,4.100286750793457,-0.024286537170410405
2018-09-21,4.050000190734863,4.054648915290833,-0.00464872455596943
2018-09-24,4.091300010681152,4.072610929965973,0.018689080715179607
2018-09-25,4.073599815368652,4.067825477600097,0.005774337768555071
2018-09-26,4.030799865722656,4.042880097389221,-0.012080231666565133
2018-09-27,4.01200008392334,4.0283300862312315,-0.01633000230789161
2018-09-28,4.052700042724609,4.03931248998642,0.013387552738189257
2018-10-01,4.01639986038208,4.0327731161117555,-0.016373255729675407
2018-10-02,3.939500093460083,3.9777666568756103,-0.038266563415527255
2018-10-03,3.900399923324585,3.91319495010376,-0.01279502677917499
2018-10-04,3.8738999366760254,3.8781957530975344,-0.004295816421509002
2018-10-05,3.8357999324798575,3.840971154212952,-0.005171221733094367
2018-10-08,3.7771999835968018,3.790854797363281,-0.013654813766479368
2018-10-09,3.714799880981445,3.7371589303016663,-0.02235904932022148
2018-10-10,3.754800081253052,3.735478853225708,0.01932122802734426
2018-10-11,3.7815001010894775,3.7578570561408995,0.02364304494857805
2018-10-12,3.781599998474121,3.7683364124298095,0.013263586044311548
2018-10-15,3.7339000701904297,3.7479630398750303,-0.014062969684600635
2018-10-16,3.723599910736084,3.7208125405311585,0.0027873702049254767
2018-10-17,3.686199903488159,3.702343940258026,-0.016144036769866865
2018-10-18,3.7202999591827393,3.714846981048584,0.005452978134155462
2018-10-19,3.710900068283081,3.713336847782135,-0.002436779499054076
2018-10-22,3.682300090789795,3.692308464050293,-0.010008373260498082
2018-10-23,3.6923999786376953,3.697948588371277,-0.005548609733581511
2018-10-24,3.731100082397461,3.7196970472335815,0.011403035163879416
2018-10-25,3.704900026321411,3.7205128293037415,-0.015612802982330365
2018-10-26,3.6415998935699454,3.664365547180176,-0.02276565361023053
2018-10-29,3.715800046920776,3.7168112258911132,-0.001011178970337312
2018-10-30,3.694600105285645,3.6974588685035705,-0.002858763217925553
2018-10-31,3.720700025558472,3.713030426025391,0.007669599533081328
2018-11-01,3.6949000358581534,3.7130462412834166,-0.01814620542526324
2018-11-02,3.700000047683716,3.7134934458732607,-0.01349339818954487
2018-11-05,3.724600076675415,3.7212748589515687,0.0033252177238463076
2018-11-06,3.759900093078613,3.7537640767097473,0.006136016368865516
2018-11-07,3.7304000854492174,3.7347260460853575,-0.004325960636140103
2018-11-08,3.759200096130371,3.7567004742622374,0.0024996218681336835
2018-11-09,3.729399919509888,3.7382465534210203,-0.008846633911132162
2018-11-12,3.766400098800659,3.7615952768325807,0.004804821968078521
2018-11-13,3.801399946212769,3.789260154247284,0.012139791965485092
2018-11-14,3.782399892807007,3.7861299443244936,-0.003730051517486732
2018-11-15,3.782399892807007,3.774403144836426,0.00799674797058092
2018-11-16,3.742500066757202,3.756954617500305,-0.014454550743102867
2018-11-19,3.7544000148773193,3.7558916234970092,-0.0014916086196898881
2018-11-20,3.75570011138916,3.764095250606537,-0.00839513921737689
2018-11-21,3.796099901199341,3.7781621408462525,0.01793776035308836
2018-11-22,3.803100109100342,3.796721460342407,0.006378648757934702
2018-11-23,3.67300009727478,3.715152060508728,-0.04215196323394821
2018-11-26,3.93969988822937,3.8446215448379517,0.09507834339141841
2018-11-27,3.873500108718872,3.885446671485901,-0.01194656276702899
2018-11-28,3.8492000102996826,3.8561808190345763,-0.0069808087348937065
2018-11-29,3.8510000705718994,3.854364850997925,-0.0033647804260255043
2018-11-30,3.86520004272461,3.8625380368232727,0.002662005901337139
2018-12-03,3.840800046920776,3.85232923746109,-0.011529190540314094
2018-12-04,3.851099967956543,3.852120975971222,-0.0010210080146788592
2018-12-05,3.86739993095398,3.869884768009186,-0.0024848370552059684
2018-12-06,3.8777999877929688,3.873338801383972,0.004461186408996731
2018-12-07,3.9058001041412354,3.9002558765411375,0.005544227600097873
2018-12-10,3.9166998863220215,3.9093727226257324,0.007327163696289052
2018-12-11,3.902600049972534,3.8997824120521547,0.002817637920379479
2018-12-12,3.854099988937378,3.8761127815246583,-0.022012792587280394
2018-12-13,3.890700101852417,3.88469286775589,0.0060072340965269255
2018-12-14,3.9154999256134033,3.9016831760406494,0.013816749572753917
2018-12-17,3.897599935531616,3.8987419633865357,-0.0011420278549194585
2018-12-18,3.910900115966797,3.904202073097229,0.006698042869567988
2018-12-19,3.896199941635132,3.8995327467918397,-0.003332805156707863
2018-12-20,3.838900089263916,3.8650602712631223,-0.026160181999206333
2018-12-21,3.843400001525879,3.8473314065933226,-0.003931405067443716
2018-12-24,3.902600049972534,3.885365041255951,0.017235008716583344
2018-12-25,3.9028000831604,3.8941002550125123,0.008699828147887612
2018-12-26,3.920599937438965,3.905246177196503,0.015353760242462045
2018-12-27,3.871500015258789,3.8808026056289675,-0.009302590370178443
2018-12-28,3.874200105667114,3.873663688182831,0.0005364174842830138
2018-12-31,3.880000114440918,3.877095690727234,0.0029044237136841566
2019-01-01,3.8798999786376953,3.853776779651642,0.02612319898605353
2019-01-02,3.78629994392395,3.8204661674499514,-0.03416622352600118
2019-01-03,3.7551000118255615,3.7470598149299623,0.008040196895599205
2019-01-04,3.661200046539306,3.691911825180054,-0.03071177864074759
2019-01-07,3.734100103378296,3.7225538725852965,0.011546230792999435
2019-01-08,3.712399959564209,3.7110199813842772,0.00137997817993174
2019-01-09,3.680000066757202,3.6880898332595824,-0.008089766502380247
2019-01-10,3.707900047302246,3.7017630338668823,0.0061370134353637695
2019-01-11,3.659600019454956,3.6815256066322326,-0.02192558717727655
2019-01-14,3.697499990463257,3.704493004798889,-0.006993014335632264
2019-01-15,3.716399908065796,3.7138905415534973,0.0025093665122986053
2019-01-16,3.734299898147583,3.7229643397331236,0.011335558414459435
2019-01-17,3.7488999366760254,3.751477153778076,-0.0025772171020506107
2019-01-18,3.750200033187866,3.74837601852417,0.001824014663696083
2019-01-21,3.751399993896485,3.751737400531769,-0.00033740663528414316
2019-01-22,3.812000036239624,3.786583010196686,0.02541702604293805
2019-01-23,3.7623000144958496,3.7869338040351868,-0.024633789539337148
2019-01-24,3.769799947738648,3.754412350177765,0.015387597560883037
2019-01-25,3.769599914550781,3.7668837294578554,0.0027161850929253717
2019-01-28,3.759599924087525,3.7636405358314513,-0.004040611743926448
2019-01-29,3.7184998989105225,3.7309337277412413,-0.012433828830718863
2019-01-30,3.681400060653688,3.69594663476944,-0.014546574115751998
2019-01-31,3.642800092697144,3.6601474628448485,-0.01734737014770449
2019-02-01,3.6572999954223633,3.663009003639221,-0.005709008216857825
2019-02-04,3.6670000553131104,3.6684390230178834,-0.001438967704773031
2019-02-05,3.668299913406372,3.6728223581314086,-0.00452244472503649
2019-02-06,3.694700002670288,3.699036599159241,-0.004336596488952793
2019-02-07,3.714900016784668,3.716044212818146,-0.0011441960334779289
2019-02-08,3.728600025177002,3.726572021007538,0.002028004169464026
2019-02-11,3.755199909210205,3.748315535068512,0.006884374141693073
2019-02-12,3.7079999446868896,3.7193639516830443,-0.011364006996154696
2019-02-13,3.753200054168701,3.735757439613342,0.017442614555359004
2019-02-14,3.721999883651733,3.7273467259407043,-0.00534684228897131
2019-02-15,3.6468000411987305,3.677930220603943,-0.031130179405212566
2019-02-18,3.731699943542481,3.7098159732818603,0.02188397026062061
2019-02-19,3.721999883651733,3.723801727294922,-0.0018018436431890272
2019-02-20,3.723999977111816,3.7223027877807615,0.0016971893310544495
2019-02-21,3.766499996185303,3.7464851937294013,0.020014802455901926
2019-02-22,3.746299982070923,3.755518178462982,-0.00921819639205923
2019-02-25,3.750400066375733,3.744219647884369,0.006180418491363859
2019-02-26,3.747100114822388,3.740381456375122,0.006718658447266268
2019-02-27,3.727299928665161,3.734009962081909,-0.006710033416748029
2019-02-28,3.747499942779541,3.7460199546813966,0.0014799880981444247
2019-03-01,3.721400022506714,3.7352242193222045,-0.01382419681549063
2019-03-04,3.7741000652313232,3.7547510356903078,0.019349029541015472
2019-03-05,3.774399995803833,3.7870004091262817,-0.012600413322448656
2019-03-06,3.8368000984191895,3.8158828558921813,0.020917242527008106
2019-03-07,3.86929988861084,3.8561519255638124,0.013147963047027478
2019-03-08,3.813400030136109,3.842634214401245,-0.029234184265136243
2019-03-11,3.837300062179565,3.832977042198181,0.004323019981383958
2019-03-12,3.811599969863892,3.822468180656433,-0.010868210792541078
2019-03-13,3.8132998943328857,3.8129121375083925,0.0003877568244932128
2019-03-14,3.8405001163482666,3.8341966586112974,0.006303457736969165
2019-03-15,3.812999963760376,3.820803178310394,-0.0078032145500182
2019-03-18,3.7899999618530273,3.806401188850403,-0.016401226997375673
2019-03-19,3.7876999378204346,3.803522740840912,-0.015822803020477227
2019-03-20,3.774199962615967,3.780568958282471,-0.006368995666504063
2019-03-21,3.7909998893737793,3.7873393235206603,0.0036605658531190244
2019-03-22,3.9059998989105225,3.865739724636078,0.040260174274444616
2019-03-25,3.853600025177002,3.875828601360321,-0.02222857618331897
2019-03-26,3.875,3.8705035972595216,0.004496402740478356
2019-03-27,3.9881999492645264,3.9391453700065613,0.04905457925796508
2019-03-28,3.897700071334839,3.9269237914085386,-0.029223720073699777
2019-03-29,3.922499895095825,3.90791353559494,0.014586359500885049
2019-04-01,3.84850001335144,3.886716415882111,-0.03821640253067082
2019-04-02,3.852299928665161,3.8513861484527587,0.0009137802124024041
2019-04-03,3.868299961090088,3.867611376285553,0.0006885848045348197
2019-04-04,3.8559000492095934,3.8575728397369384,-0.001672790527345036
2019-04-05,3.874000072479248,3.8683582525253297,0.005641819953918326
2019-04-08,3.84820008277893,3.8601018509864806,-0.0119017682075504
2019-04-09,3.848000049591065,3.84919721698761,-0.0011971673965449625
2019-04-10,3.8239998817443848,3.8368211364746094,-0.012821254730224663
2019-04-11,3.855799913406372,3.846430342197418,0.009369571208953875
2019-04-12,3.880300045013428,3.880919033050537,-0.000618988037108803
2019-04-15,3.8703999519348153,3.884480370998383,-0.014080419063567717
2019-04-16,3.903800010681152,3.887383017539978,0.01641699314117373
2019-04-17,3.936700105667114,3.9282472672462463,0.008452838420867526
2019-04-18,3.9267001152038574,3.927833065986633,-0.0011329507827757546
2019-04-19,3.934499979019165,3.934233783245087,0.00026619577407815953
2019-04-22,3.9340999126434326,3.9341047534942626,-4.840850829967991e-06
2019-04-23,3.918299913406372,3.932573729991913,-0.014273816585540722
2019-04-24,3.9895999431610094,3.9668305492401124,0.022769393920897052
2019-04-25,3.952699899673462,3.9632547430992124,-0.010554843425750526
2019-04-26,3.929199934005737,3.931871943950653,-0.0026720099449160095
2019-04-29,3.944299936294556,3.9373091435432435,0.006990792751312647
2019-04-30,3.916899919509888,3.922818334102631,-0.005918414592742671
2019-05-01,3.919300079345703,3.932229266643524,-0.012929187297820999
2019-05-02,3.966200113296509,3.9569670734405515,0.009233039855957248
2019-05-03,3.936599969863892,3.944310580253601,-0.007710610389708883
2019-05-06,3.9681999683380127,3.958183193206787,0.010016775131225675
2019-05-07,3.9686999320983887,3.964183175086975,0.004516757011413741
2019-05-08,3.926300048828125,3.9396196308135987,-0.013319581985473672
2019-05-09,3.9453999996185294,3.9404724168777467,0.004927582740782643
2019-05-10,3.959700107574463,3.9570794744491575,0.0026206331253053605
2019-05-13,3.990499973297119,3.987573404788971,0.0029265685081480974
2019-05-14,3.975100040435791,3.9893872227668763,-0.01428718233108528
2019-05-15,3.999900102615357,3.9853642702102663,0.014535832405090598
2019-05-16,4.046199798583984,4.031414885044098,0.014784913539886091
2019-05-17,4.097400188446045,4.070647136211395,0.026753052234649743
2019-05-20,4.094900131225586,4.086736267089844,0.008163864135742216
2019-05-21,4.036799907684326,4.0582085733413695,-0.021408665657043358
2019-05-23,4.038700103759766,4.034153515815735,0.004546587944030733
2019-05-24,4.021200180053711,4.026800940513611,-0.005600760459899767
2019-05-27,4.042099952697754,4.030825764656067,0.011274188041687339
2019-05-28,4.023600101470947,4.0311953010559085,-0.007595199584961243
2019-05-29,3.973400115966797,3.9947448511123658,-0.021344735145568894
2019-05-30,3.9800000190734863,3.9714626250267027,0.008537394046783664
2019-05-31,3.9242000579833984,3.943866041660309,-0.019665983676910415
2019-06-03,3.884099960327149,3.8835425853729246,0.0005573749542242545
2019-06-04,3.853600025177002,3.858432806015015,-0.004832780838012862
2019-06-05,3.8794000148773193,3.873730620384216,0.005669394493103219
2019-06-06,3.878400087356568,3.877880644798279,0.0005194425582888407
2019-06-07,3.876499891281128,3.8747385330200195,0.0017613582611084588
2019-06-10,3.884500026702881,3.8808302154541017,0.0036698112487791867
2019-06-11,3.85509991645813,3.8589311423301695,-0.0038312258720396564
2019-06-12,3.865900039672852,3.8662856369018557,-0.00038559722900366467
2019-06-13,3.84820008277893,3.85475386428833,-0.00655378150939967
2019-06-14,3.8945000171661377,3.8751376218795777,0.01936239528656003
2019-06-17,3.88700008392334,3.883765652179718,0.003234431743621702
2019-06-18,3.859499931335449,3.861703149318695,-0.002203217983245853
2019-06-19,3.835400104522705,3.8455130705833436,-0.010112966060638495
2019-06-20,3.837699890136719,3.8359827189445497,0.0017171711921695199
2019-06-21,3.820499897003174,3.8246349172592162,-0.004135020256042399
2019-06-24,3.825599908828736,3.829748519897461,-0.0041486110687252165
2019-06-25,3.8454999923706055,3.8418747749328612,0.0036252174377442437
2019-06-26,3.842900037765503,3.8420636219978332,0.0008364157676696848
2019-06-27,3.815999984741211,3.8263425970077516,-0.010342612266540652
2019-06-28,3.849499940872192,3.842317744255066,0.0071821966171259355
2019-07-01,3.839600086212158,3.840904664039612,-0.0013045778274536346
2019-07-02,3.843899965286255,3.8360057783126833,0.007894186973571582
2019-07-03,3.825000047683716,3.8299820370674134,-0.004981989383697538
2019-07-04,3.800800085067749,3.8056696348190306,-0.004869549751281621
2019-07-05,3.8190999031066895,3.8084289422035216,0.010670960903167881
2019-07-08,3.799099922180176,3.8063019547462464,-0.00720203256607066
2019-07-09,3.799000024795532,3.7969422025680544,0.0020578222274774127
2019-07-10,3.7502999305725098,3.772904350757599,-0.022604420185089236
2019-07-11,3.754800081253052,3.75223605298996,0.0025640282630923217
2019-07-12,3.7344000339508057,3.741862627029419,-0.007462593078613189
2019-07-15,3.753700017929077,3.754677000999451,-0.0009769830703736382
2019-07-16,3.767199993133545,3.7590762042999266,0.008123788833618306
2019-07-17,3.7618000507354736,3.7660814385414123,-0.0042813878059386745
2019-07-18,3.717400074005127,3.7307742476463317,-0.013374173641204745
2019-07-19,3.7458999156951904,3.730409149646759,0.015490766048431581
2019-07-22,3.739799976348877,3.7450079860687255,-0.005208009719848583
2019-07-23,3.77239990234375,3.7636995453834534,0.008700356960296585
2019-07-24,3.7713000774383545,3.7732064476013183,-0.0019063701629637997
2019-07-25,3.775199890136719,3.775434946537018,-0.00023505640029863883
2019-07-26,3.7734999656677246,3.7768561835289,-0.003356217861175459
2019-07-29,3.780100107192993,3.776952471733093,0.0031476354599000445
2019-07-30,3.789299964904785,3.782953790664673,0.006346174240112301
2019-07-31,3.811700105667114,3.7995308589935304,0.012169246673583434
2019-08-01,3.837300062179565,3.8289182262420653,0.008381835937499638
2019-08-02,3.883899927139282,3.865591748714447,0.018308178424834676
2019-08-05,3.973099946975708,3.9303625612258912,0.04273738574981678
2019-08-06,3.958699941635132,3.9602841629981995,-0.0015842213630676838
2019-08-07,3.967400074005127,3.9626936359405516,0.00470643806457538
2019-08-08,3.91759991645813,3.9320865426063536,-0.014486626148223714
2019-08-09,3.940200090408325,3.9426304650306703,-0.0024303746223450773
2019-08-12,3.9839000701904297,3.9657098526954653,0.01819021749496441
2019-08-13,3.962399959564209,3.9750399889945984,-0.012640029430389443
2019-08-14,4.050300121307373,4.020115284442902,0.030184836864471265
2019-08-15,3.9900999069213854,4.023158585071564,-0.03305867815017871
2019-08-16,4.0046000480651855,4.001975035190582,0.002625012874603705
2019-08-19,4.073200225830078,4.045960142612457,0.02724008321762117
2019-08-20,4.051700115203857,4.063607698440552,-0.011907583236694386
2019-08-21,4.02400016784668,4.032478691577912,-0.008478523731231924
2019-08-22,4.067999839782715,4.049631910324097,0.018367929458618093
2019-08-23,4.126200199127197,4.102062942504883,0.02413725662231414
2019-08-26,4.151500225067139,4.141076633453369,0.010423591613769823
2019-08-27,4.122799873352051,4.125606538772583,-0.002806665420532539
2019-08-28,4.167699813842773,4.15058019733429,0.01711961650848348
2019-08-29,4.168099880218506,4.15848131942749,0.009618560791015973
2019-08-30,4.143899917602539,4.146179357528687,-0.002279439926147653
2019-09-02,4.1844000816345215,4.163982656478882,0.020417425155639712
2019-09-03,4.16510009765625,4.156227690696716,0.00887240695953384
2019-09-04,4.093200206756592,4.11693692779541,-0.02373672103881841
2019-09-05,4.105999946594238,4.093171352386475,0.012828594207763722
2019-09-06,4.061299800872803,4.0871656837463375,-0.02586588287353475
2019-09-09,4.093400001525879,4.088242178916931,0.005157822608947704
2019-09-10,4.079500198364258,4.081389302253723,-0.0018891038894652823
2019-09-11,4.064199924468994,4.069610067367554,-0.005410142898560011
2019-09-12,4.058899879455566,4.0698861360549925,-0.010986256599426092
2019-09-13,4.0854997634887695,4.0816569519042964,0.0038428115844730826
2019-09-16,4.0792999267578125,4.076103915214539,0.003196011543273869
2019-09-17,4.076000213623047,4.079303677558899,-0.0033034639358522355
2019-09-18,4.1072998046875,4.095817163467407,0.011482641220093015
2019-09-19,4.166600227355957,4.144542778015137,0.02205744934081988
2019-09-20,4.1483001708984375,4.148873916625977,-0.000573745727539432
2019-09-23,4.161499977111816,4.158233191490173,0.0032667856216432867
2019-09-24,4.161699771881104,4.156517269134522,0.005182502746582607
2019-09-25,4.14709997177124,4.147121192932129,-2.1221160888984514e-05
2019-09-26,4.1691999435424805,4.164512361526489,0.004687582015991509
2019-09-27,4.157100200653076,4.153096950531006,0.00400325012207059
2019-09-30,4.154799938201904,4.153067173957825,0.001732764244079199
2019-10-01,4.154600143432617,4.1439983291625975,0.010601814270019716
2019-10-02,4.1244001388549805,4.137331880569458,-0.012931741714477418
2019-10-03,4.082900047302246,4.105508484840393,-0.022608437538147008
2019-10-04,4.054599761962891,4.070515102386475,-0.015915340423584112
2019-10-07,4.105100154876709,4.078528478145599,0.02657167673110994
2019-10-08,4.09089994430542,4.098332702636719,-0.00743275833129875
2019-10-09,4.10830020904541,4.0980635194778445,0.010236689567565627
2019-10-10,4.108399868011475,4.110418982505799,-0.0020191144943240147
2019-10-11,4.108500003814697,4.112837735176086,-0.004337731361388819
2019-10-14,4.123700141906738,4.122359753608704,0.0013403882980345116
2019-10-15,4.178599834442139,4.149256498336792,0.029343336105347007
2019-10-16,4.148600101470947,4.14594081401825,0.002659287452697612
2019-10-17,4.161099910736084,4.148509346008301,0.012590564727783082
2019-10-18,4.111100196838379,4.124975069999695,-0.013874873161316081
2019-10-21,4.1247639656066895,4.128731053352356,-0.00396708774566612
2019-10-22,4.078400135040283,4.101769034385681,-0.023368899345397764
2019-10-23,4.033100128173828,4.049086122512818,-0.015985994338989507
2019-10-24,4.039299964904785,4.032869372367859,0.006430592536926127
2019-10-25,4.002900123596191,4.017260077953338,-0.014359954357146876
2019-10-28,3.988800048828125,3.9998836359977723,-0.011083587169647302
2019-10-29,3.9967000484466553,3.99833061504364,-0.001630566596984906
2019-10-30,3.9862000942230233,3.995566502571106,-0.009366408348082444
2019-10-31,4.015999794006348,3.9953360776901246,0.020663716316223102
2019-11-01,3.989399909973145,4.002780022621155,-0.0133801126480102
2019-11-04,4.010799884796143,4.0082097406387325,0.0025901441574101014
2019-11-05,3.992000102996826,4.00694193649292,-0.014941833496093793
2019-11-06,4.082300186157227,4.05174990606308,0.030550280094146842
2019-11-07,4.099500179290772,4.095151267051697,0.004348912239075631
2019-11-08,4.133399963378906,4.114998739242553,0.018401224136352923
2019-11-11,4.151299953460693,4.152790001869201,-0.0014900484085078602
2019-11-12,4.167900085449219,4.166862166404724,0.001037919044494906
2019-11-13,4.168600082397461,4.171003288269043,-0.002403205871582159
2019-11-14,4.194300174713135,4.183424535751342,0.010875638961792333
2019-11-15,4.194799900054932,4.199099366188049,-0.004299466133117491
2019-11-18,4.216400146484375,4.209053087234497,0.007347059249878107
2019-11-19,4.191699981689453,4.197115006446839,-0.005415024757385645
2019-11-20,4.195000171661377,4.196541126251221,-0.0015409545898439347
2019-11-21,4.191699981689453,4.1949722137451175,-0.0032722320556644036
2019-11-22,4.195000171661377,4.197640725135804,-0.00264055347442671
2019-11-25,4.225399971008301,4.218338201522827,0.007061769485473768
2019-11-26,4.231800079345703,4.223595860481262,0.008204218864441337
2019-11-27,4.262700080871582,4.247084876060486,0.015615204811096461
2019-11-28,4.188000202178955,4.2134585409164425,-0.025458338737487374
2019-11-29,4.236100196838379,4.222501146316528,0.013599050521850842
2019-12-02,4.222300052642822,4.2230432510375975,-0.000743198394775213
2019-12-03,4.203999996185303,4.206125411987305,-0.0021254158020020952
2019-12-04,4.206099987030029,4.200554570198059,0.005545416831970407
2019-12-05,4.184599876403809,4.190767723083496,-0.006167846679687727
2019-12-06,4.118899822235107,4.133873575210571,-0.014973752975463661
2019-12-09,4.14109992980957,4.127999749183655,0.01310018062591567
2019-12-10,4.144599914550781,4.135592824935913,0.009007089614867958
2019-12-11,4.123700141906738,4.129576017379761,-0.005875875473022596
2019-12-12,4.087247848510742,4.103980764389038,-0.016732915878296062
2019-12-13,4.0858001708984375,4.079668294906616,0.00613187599182119
2019-12-16,4.0619001388549805,4.070015940666199,-0.008115801811218404
2019-12-17,4.070199966430664,4.069516801834107,0.0006831645965572619
2019-12-18,4.059662818908691,4.064985844612122,-0.00532302570343024
2019-12-19,4.06879997253418,4.070154897689819,-0.001354925155639286
2019-12-20,4.079899787902832,4.075702560424805,0.004197227478027088
2019-12-23,4.081999778747559,4.079580271720887,0.00241950702667193
2019-12-24,4.082799911499023,4.080075342178345,0.0027245693206783272
2019-12-25,4.083000183105469,4.077929252624512,0.005070930480957081
2019-12-26,4.054699897766113,4.065867196083069,-0.01116729831695551
2019-12-27,4.022299766540527,4.037123466491699,-0.014823699951171498
2019-12-30,4.015710830688477,4.019308635234832,-0.0035978045463558317
2019-12-31,4.016786098480225,4.015711351394653,0.0010747470855712038
2020-01-01,4.016300201416016,4.021933326244354,-0.005633124828338332
2020-01-02,4.023399829864502,4.024253680706024,-0.000853850841521897
2020-01-03,4.057000160217285,4.044826543807983,0.012173616409302035
2020-01-06,4.060400009155273,4.058007686614991,0.0023923225402828763
2020-01-07,4.066199779510498,4.065876972198486,0.0003228073120116193
2020-01-08,4.06279993057251,4.06997221660614,-0.007172286033630293
2020-01-09,4.092100143432617,4.086224898338318,0.005875245094299153
2020-01-10,4.070499897003174,4.078490494728088,-0.007990597724914394
2020-01-13,4.1458001136779785,4.123445521354675,0.02235459232330328
2020-01-14,4.13129997253418,4.146354176521301,-0.01505420398712154
2020-01-15,4.174200057983398,4.160816181182861,0.013383876800537209
2020-01-16,4.183599948883057,4.179394773483276,0.004205175399780714
2020-01-17,4.161600112915039,4.168710111618042,-0.007109998703002773
2020-01-20,4.188499927520752,4.178038369178772,0.010461558341980037
2020-01-21,4.210899829864502,4.209207637786865,0.0016921920776367116
2020-01-22,4.181300163269043,4.18971240901947,-0.008412245750426983
2020-01-23,4.169099807739258,4.171045293807984,-0.001945486068725799
2020-01-24,4.1595001220703125,4.168474261283874,-0.008974139213561827
2020-01-27,4.206099987030029,4.192756924629212,0.013343062400817729
2020-01-28,4.193399906158447,4.2030513362884525,-0.009651430130005245
2020-01-29,4.228899955749512,4.221978549003601,0.006921406745910907
2020-01-30,4.242199897766113,4.249028512001038,-0.006828614234924757
2020-01-31,4.282599925994873,4.26830512714386,0.014294798851013368
2020-02-03,4.246799945831299,4.259871838569641,-0.013071892738341973
2020-02-04,4.253699779510498,4.252036720275879,0.0016630592346187356
2020-02-05,4.23360013961792,4.247029505729675,-0.013429366111755492
2020-02-06,4.280799865722656,4.28859338092804,-0.007793515205383628
2020-02-07,4.320400238037109,4.30263612651825,0.017764111518859593
2020-02-10,4.320974826812744,4.3206892051696775,0.00028562164306666915
2020-02-11,4.327530860900879,4.33036945438385,-0.002838593482970886
2020-02-12,4.354499816894531,4.348940780639649,0.005559036254882521
2020-02-13,4.346766948699951,4.346699222564697,6.772613525374283e-05
2020-02-14,4.296999931335449,4.317978345870972,-0.020978414535522738
2020-02-17,4.326499938964844,4.327047308921814,-0.000547369956970023
2020-02-18,4.354800224304199,4.344520482063293,0.010279742240905776
2020-02-19,4.363999843597412,4.339915740966797,0.024084102630615334
2020-02-20,4.392300128936768,4.360582848548889,0.03171728038787869
2020-02-21,4.389800071716309,4.391778725624085,-0.0019786539077761844
2020-02-24,4.386600017547607,4.392654335021972,-0.006054317474364801
2020-02-25,4.386799812316895,4.402729521751404,-0.015929709434508332
2020-02-26,4.449100017547607,4.434145004272461,0.014955013275146811
2020-02-27,4.484799861907959,4.474732295036316,0.01006756687164323
2020-02-28,4.441299915313721,4.465138705253601,-0.0238387899398802
2020-03-02,4.472400188446045,4.49715105342865,-0.024750864982604703
2020-03-03,4.513199806213379,4.508929498672486,0.004270307540893192
2020-03-04,4.583399772644043,4.544055667877197,0.03934410476684569
2020-03-05,4.606200218200684,4.620126092910767,-0.013925874710083441
2020-03-06,4.589799880981445,4.627888906478882,-0.038089025497436424
2020-03-09,4.722899913787842,4.704600116729736,0.018299797058105582
2020-03-10,4.642099857330322,4.685912763595581,-0.043812906265258356
2020-03-11,4.813799858093262,4.769883277893066,0.04391658020019573
2020-03-12,4.790200233459473,4.822107970237732,-0.0319077367782592
2020-03-13,4.85260009765625,4.831704535484314,0.020895562171936
2020-03-16,4.999000072479248,4.956542698860169,0.04245737361907942
2020-03-17,5.009699821472168,5.018353686332703,-0.008653864860534988
2020-03-18,5.103961944580078,5.0897873039245605,0.014174640655517656
2020-03-19,5.094200134277344,5.093339075088501,0.0008610591888427166
2020-03-20,5.045499801635742,5.067932481765747,-0.02243268013000499
2020-03-23,5.14169979095459,5.113403692245483,0.028296098709106765
2020-03-24,5.098100185394287,5.120926732063293,-0.022826546669006298
2020-03-25,5.033699989318848,5.061231808662415,-0.027531819343566966
2020-03-26,5.022600173950195,5.053459904670715,-0.030859730720520062
2020-03-27,5.104629039764404,5.087573162078858,0.017055877685546506
2020-03-30,5.192699909210205,5.161280902862549,0.031419006347656264
2020-03-31,5.203499794006348,5.206157047271729,-0.002657253265381243
2020-04-01,5.248199939727783,5.217501732826233,0.03069820690155023
2020-04-02,5.255300045013428,5.239867902755737,0.015432142257690629
2020-04-03,5.348499774932861,5.317886878967285,0.030612895965576037
2020-04-06,5.285299777984619,5.328309121131897,-0.04300934314727822
2020-04-07,5.221700191497803,5.261295497894287,-0.03959530639648445
2020-04-08,5.123499870300293,5.174013300895691,-0.050513430595398034
2020-04-09,5.105800151824951,5.132034633636475,-0.026234481811523658
2020-04-10,5.105500221252441,5.121600820541381,-0.016100599288940032
2020-04-13,5.198500156402588,5.163538920402527,0.03496123600006129
2020-04-14,5.162000179290772,5.177120306968689,-0.015120127677916706
2020-04-15,5.236999988555908,5.224460959434509,0.012539029121398926
2020-04-16,5.230899810791016,5.233443068504333,-0.002543257713317537
2020-04-17,5.232699871063232,5.239439401626587,-0.006739530563354634
2020-04-20,5.315400123596191,5.281329228401184,0.03407089519500772
2020-04-21,5.315000057220459,5.350346469879151,-0.03534641265869176
2020-04-22,5.456900119781494,5.41422329902649,0.04267682075500456
2020-04-23,5.533100128173828,5.493938852310181,0.03916127586364748
2020-04-24,5.5725998878479,5.565161832809448,0.007438055038452518
2020-04-27,5.652599811553955,5.635535807609558,0.01706400394439722
2020-04-28,5.497399806976318,5.5593912887573245,-0.06199148178100611
2020-04-29,5.334799766540527,5.405911262512207,-0.07111149597167987
2020-04-30,5.486000061035156,5.448384835243225,0.03761522579193155
2020-05-01,5.477000236511231,5.487092131614685,-0.010091895103453652
2020-05-04,5.540599822998047,5.58840470790863,-0.04780488491058321
2020-05-05,5.578100204467773,5.561345204353333,0.016755000114440755
2020-05-06,5.715199947357178,5.6699287824630735,0.04527116489410421
2020-05-07,5.828719139099121,5.795685403823852,0.03303373527526876
2020-05-08,5.477000236511231,5.5964563369750975,-0.11945610046386612
2020-05-11,5.8171000480651855,5.687121193885803,0.1299788541793827
2020-05-12,5.884799957275391,5.851070241928101,0.03372971534728997
2020-05-13,5.88640022277832,5.862756826400757,0.02364339637756352
2020-05-14,5.8094000816345215,5.8194461441040035,-0.010046062469482031
2020-05-15,5.855199813842773,5.847824597358704,0.007375216484069469
2020-05-18,5.718999862670898,5.715303300857544,0.0036965618133546485
2020-05-19,5.755199909210205,5.703039788246155,0.052160120964050094
2020-05-20,5.690499782562256,5.700800144195557,-0.010300361633301058
2020-05-21,5.5524001121521,5.613582327842712,-0.06118221569061255
2020-05-22,5.52869987487793,5.536218531608582,-0.007518656730652218
2020-05-25,5.443399906158447,5.479353136062622,-0.03595322990417493
2020-05-26,5.343999862670898,5.364691071510315,-0.02069120883941622
2020-05-27,5.27269983291626,5.303495268821717,-0.03079543590545697
2020-05-28,5.403600215911865,5.357275271415711,0.04632494449615443
2020-05-29,5.334799766540527,5.354738813400268,-0.019939046859740905
2020-06-01,5.366499900817871,5.344898727416992,0.02160117340087897
2020-06-02,5.199299812316895,5.2593744192123415,-0.06007460689544608
2020-06-03,5.061600208282471,5.1327891397476195,-0.07118893146514882
2020-06-04,5.117199897766113,5.113132899284363,0.004066998481750517
2020-06-05,4.959499835968018,5.047984501838684,-0.08848466587066639
2020-06-08,4.821599960327148,4.891565150260925,-0.06996518993377698
2020-06-09,4.898399829864502,4.870952429771424,0.027447400093078222
2020-06-10,4.9721999168396,4.970333346366882,0.0018665704727176546
2020-06-11,4.974999904632568,4.992955620765686,-0.01795571613311786
2020-06-12,5.047800064086914,5.019454479217529,0.028345584869384766
2020-06-15,5.153206825256348,5.127965929985046,0.02524089527130169
2020-06-16,5.243599891662598,5.239674936294556,0.003924955368042049
2020-06-17,5.22790002822876,5.23816069984436,-0.010260671615600181
2020-06-18,5.377200126647949,5.310466499328613,0.06673362731933619
2020-06-19,5.309999942779541,5.342564150810242,-0.032564208030700925
2020-06-22,5.25190019607544,5.285491330146789,-0.03359113407134906
2020-06-23,5.151000022888184,5.214870925903321,-0.06387090301513698
2020-06-24,5.34660005569458,5.2811862020492555,0.0654138536453246
2020-06-25,5.359499931335449,5.352094534873962,0.007405396461487079
2020-06-26,5.480899810791016,5.420559949874878,0.06033986091613741
2020-06-29,5.402100086212158,5.42590567111969,-0.023805584907531596
2020-06-30,5.461699962615967,5.430708853721619,0.030991108894347974
2020-07-01,5.316199779510498,5.385229850769043,-0.06903007125854455
2020-07-02,5.35890007019043,5.352073570251465,0.006826499938965114
2020-07-03,5.311399936676025,5.330387439727783,-0.01898750305175767
2020-07-06,5.354300022125244,5.342181943893433,0.012118078231811324
2020-07-07,5.377799987792969,5.360269636154174,0.01753035163879435
2020-07-08,5.342599868774414,5.345537590026855,-0.0029377212524410723
2020-07-09,5.337800025939941,5.341669233322143,-0.003869207382201978
2020-07-10,5.326900005340576,5.334587026596069,-0.007687021255493143
2020-07-13,5.401500225067139,5.370937419891358,0.030562805175780916
2020-07-14,5.366799831390381,5.365442230224609,0.0013576011657718823
2020-07-15,5.366948127746582,5.3530884418487545,0.01385968589782749
2020-07-16,5.330699920654297,5.333748225212097,-0.00304830455780003
2020-07-17,5.385300159454346,5.356810368537903,0.028489790916442992
2020-07-20,5.327700138092041,5.350413904190064,-0.02271376609802278
2020-07-21,5.1697998046875,5.24277820777893,-0.07297840309143044
2020-07-22,5.118100166320801,5.131765119552612,-0.013664953231811161
2020-07-23,5.210599899291992,5.1754882574081424,0.03511164188384974
2020-07-24,5.229100227355957,5.215111105918885,0.013989121437072427
2020-07-27,5.141421794891357,5.198587161064148,-0.05716536617279022
2020-07-28,5.152299880981445,5.157855632781982,-0.00555575180053669
2020-07-29,5.168799877166748,5.17237843132019,-0.003578554153442326
2020-07-30,5.153900146484375,5.151932554244995,0.0019675922393798118
2020-07-31,5.221199989318848,5.199368188858032,0.021831800460815565
2020-08-03,5.318699836730957,5.272570043563843,0.04612979316711385
2020-08-04,5.290200233459473,5.317609573364257,-0.02740933990478478
2020-08-05,5.290900230407715,5.3021188802719115,-0.011218649864196628
2020-08-06,5.331299781799316,5.318526681900025,0.012773099899291651
2020-08-07,5.43720006942749,5.399714169502258,0.037485899925232324
2020-08-10,5.480500221252441,5.453599135398865,0.026901085853576312
2020-08-11,5.38040018081665,5.40891372013092,-0.02851353931426992
2020-08-12,5.434999942779541,5.43311789226532,0.0018820505142214117
2020-08-13,5.367000102996826,5.409892481803894,-0.042892378807067644
2020-08-14,5.42080020904541,5.398734128952026,0.022066080093384066
2020-08-17,5.508299827575684,5.479997625350952,0.028302202224731232
2020-08-18,5.465400218963623,5.497481753349304,-0.03208153438568129
2020-08-19,5.556399822235107,5.506085297584534,0.050314524650573844
2020-08-20,5.555900096893311,5.563015248298645,-0.007115151405333364
2020-08-21,5.618599891662598,5.5939499502182,0.02464994144439725
2020-08-24,5.610599994659424,5.5942927131652835,0.01630728149414029
2020-08-25,5.507400035858154,5.535051600456238,-0.02765156459808349
2020-08-26,5.607200145721436,5.557238120079041,0.0499620256423956
2020-08-27,5.568699836730957,5.555310699462891,0.013389137268066342
2020-08-28,5.389999866485596,5.459346413612366,-0.06934654712677002
2020-08-31,5.490900039672852,5.475827205657959,0.015072834014892678
2020-09-01,5.397299766540527,5.424394680976867,-0.027094914436339934
2020-09-02,5.338699817657471,5.371314754486084,-0.032614936828613494
2020-09-03,5.289899826049805,5.305037364959717,-0.015137538909912429
2020-09-04,5.301000118255615,5.299731359481812,0.0012687587738033912
2020-09-07,5.298299789428711,5.30489767742157,-0.006597887992858986
2020-09-08,5.360599994659424,5.335998574256897,0.024601420402526664
2020-09-09,5.308499813079834,5.324429081916809,-0.015929268836974764
2020-09-10,5.320499897003174,5.31641933631897,0.004080560684204038
2020-09-11,5.316199779510498,5.315797610282898,0.0004021692276001687
2020-09-14,5.26830005645752,5.287050419807434,-0.018750363349913535
2020-09-15,5.2743000984191895,5.271194915771485,0.003105182647704652
2020-09-16,5.236000061035156,5.2540240545272825,-0.018023993492126245
2020-09-17,5.237800121307373,5.264587701797486,-0.02678758049011254
2020-09-18,5.389800071716309,5.339638010025024,0.05016206169128434
2020-09-21,5.412600040435791,5.412217226028442,0.0003828144073487749
2020-09-22,5.469900131225586,5.443215491294861,0.026684639930724785
2020-09-23,5.592400074005127,5.522006202697754,0.07039387130737307
2020-09-24,5.508399963378906,5.5418336935043335,-0.033433730125427275
2020-09-25,5.561100006103516,5.550251014709473,0.010848991394042606
2020-09-28,5.660200119018555,5.623989998817444,0.03621012020111092
2020-09-29,5.630499839782715,5.624747303009033,0.005752536773681705
2020-09-30,5.608399868011475,5.622732592582703,-0.014332724571228361
2020-10-01,5.642000198364258,5.631779537200928,0.010220661163329758
2020-10-02,5.681600093841553,5.662588263511657,0.019011830329895396
2020-10-05,5.573400020599365,5.619727512359619,-0.046327491760253636
2020-10-06,5.593800067901611,5.597574361801147,-0.0037742938995357633
2020-10-07,5.611299991607666,5.604154392242432,0.00714559936523429
2020-10-08,5.598599910736084,5.604191235542297,-0.005591324806212938
2020-10-09,5.52899980545044,5.561691095352173,-0.032691289901732645
2020-10-12,5.529699802398682,5.53994867515564,-0.010248872756958072
2020-10-13,5.56850004196167,5.557819780349732,0.010680261611938136
2020-10-14,5.590499877929688,5.565881100654602,0.024618777275086323
2020-10-15,5.611199855804443,5.608292876243591,0.0029069795608522853
2020-10-16,5.644800186157227,5.625471369743347,0.0193288164138794
2020-10-19,5.605599880218506,5.625589951515198,-0.019990071296692058
2020-10-20,5.6041998863220215,5.602296006202698,0.001903880119323631
2020-10-21,5.607800006866455,5.6033948163986205,0.004405190467834608
2020-10-22,5.591300010681152,5.597342799186706,-0.006042788505554064
2020-10-23,5.616199970245361,5.606155044555664,0.01004492568969706
2020-10-26,5.622700214385986,5.626965033531189,-0.004264819145202381
2020-10-27,5.7052001953125,5.678136276245117,0.027063919067383146
2020-10-28,5.744900226593018,5.7353332319259644,0.00956699466705313
2020-10-29,5.7778000831604,5.763165432929993,0.014634650230407331
2020-10-30,5.741399765014648,5.733039843559265,0.008359921455383557
2020-11-02,5.741099834442139,5.739332902908325,0.001766931533813576
2020-11-03,5.754899978637695,5.743420770645142,0.01147920799255342
2020-11-04,5.663000106811523,5.6950698595047,-0.032069752693176135
2020-11-05,5.523399829864502,5.559010343551636,-0.03561051368713386
2020-11-06,5.36269998550415,5.437008375167847,-0.07430838966369624
2020-11-09,5.384699821472168,5.36887007522583,0.015829746246337706
2020-11-10,5.413899898529053,5.408670394897461,0.00522950363159147
2020-11-11,5.389999866485596,5.3906151523590085,-0.000615285873412752
2020-11-12,5.456699848175049,5.435124125480652,0.021575722694397115
2020-11-13,5.456999778747559,5.439588815689087,0.017410963058472007
2020-11-16,5.414899826049805,5.419294041633606,-0.004394215583801042
2020-11-17,5.327199935913086,5.354899765014649,-0.027699829101562656
2020-11-18,5.361700057983398,5.351712384223938,0.009987673759460414
2020-11-19,5.304500102996826,5.330069121360779,-0.025569018363952978
2020-11-20,5.378099918365479,5.357104349136352,0.020995569229127042
2020-11-23,5.440599918365479,5.410451137542725,0.030148780822754517
2020-11-24,5.372600078582764,5.382766739845276,-0.0101666612625122
2020-11-25,5.3225998878479,5.3495023193359375,-0.02690243148803706
2020-11-26,5.335299968719482,5.337146315574646,-0.0018463468551637163
2020-11-27,5.34250020980835,5.345632647514344,-0.003132437705994029
2020-11-30,5.331099987030029,5.334859127044678,-0.0037591400146483878
2020-12-01,5.204899787902832,5.257088849067688,-0.052189061164855666
2020-12-02,5.216300010681152,5.209296391487122,0.007003619194030364
2020-12-03,5.151000022888184,5.172378121376037,-0.02137809848785377
2020-12-04,5.154399871826172,5.145846057891846,0.008553813934326193
2020-12-07,5.098299980163574,5.120756211280823,-0.022456231117248926
2020-12-08,5.119699954986572,5.115448271751403,0.0042516832351688905
2020-12-09,5.169700145721436,5.154130049705506,0.015570096015930623
2020-12-10,5.024199962615967,5.075938013076782,-0.051738050460815366
2020-12-11,5.064199924468994,5.073868185043335,-0.009668260574341225
2020-12-14,5.117700099945068,5.107633588790893,0.010066511154175117
2020-12-15,5.078884124755859,5.102836442947388,-0.023952318191528654
2020-12-16,5.083199977874756,5.086110470771789,-0.0029104928970333788
2020-12-17,5.056900024414063,5.070995058059692,-0.014095033645628696
2020-12-18,5.100599765777588,5.095023735046387,0.005576030731201165
2020-12-21,5.118937969207764,5.111801070213318,0.007136898994446028
2020-12-22,5.1566548347473145,5.14407732963562,0.012577505111694087
2020-12-23,5.2153000831604,5.178873759269714,0.03642632389068634
2020-12-24,5.2153000831604,5.215174241065979,0.00012584209442145777
2020-12-25,5.2153000831604,5.217348092079162,-0.002048008918762001
2020-12-28,5.2459001541137695,5.231855821609497,0.014044332504272283
2020-12-29,5.208600044250488,5.229465964317321,-0.020865920066833077
2020-12-30,5.190838813781738,5.200620467185974,-0.009781653404235868
2020-12-31,5.1921000480651855,5.20052640914917,-0.00842636108398409
2021-01-01,5.19189977645874,5.217052247047424,-0.025152470588683862
2021-01-04,5.295300006866455,5.2641103591918945,0.03118964767456056
2021-01-05,5.28410005569458,5.304891828536987,-0.020791772842406964
2021-01-06,5.312900066375732,5.310577622413636,0.0023224439620967985
2021-01-07,5.40880012512207,5.373595550537109,0.03520457458496118
2021-01-08,5.412188053131104,5.426345928192139,-0.014157875061034275
2021-01-11,5.48769998550415,5.457338928222656,0.030361057281494297
2021-01-12,5.321400165557861,5.356273044586182,-0.03487287902832037
2021-01-13,5.297500133514404,5.325817109107971,-0.02831697559356705
2021-01-14,5.195799827575684,5.2439706945419315,-0.04817086696624795
2021-01-15,5.291299819946289,5.258170589447022,0.033129230499267415
2021-01-18,5.2947998046875,5.310330888748169,-0.015531084060668832
2021-01-19,5.3566999435424805,5.337179559707642,0.01952038383483856
2021-01-20,5.290500164031982,5.334604419708252,-0.04410425567626941
2021-01-21,5.349500179290772,5.338224563598633,0.011275615692139418
2021-01-22,5.465499877929688,5.428193568229675,0.03730630970001325
2021-01-25,5.465499877929688,5.432343857765198,0.033156020164490485
2021-01-26,5.353799819946289,5.388848834991455,-0.03504901504516589
2021-01-27,5.412600040435791,5.402984243392944,0.009615797042846985
2021-01-28,5.437989234924316,5.441535584449768,-0.0035463495254512978
2021-01-29,5.4608001708984375,5.441779353141785,0.019020817756652875
2021-02-01,5.430500030517578,5.4279238300323485,0.0025762004852296627
2021-02-02,5.366899967193604,5.380153903961181,-0.013253936767577024
2021-02-03,5.352000236511231,5.3583524150848385,-0.006352178573607148
2021-02-04,5.4257001876831055,5.397580827713012,0.028119359970093072
2021-02-05,5.369200229644775,5.3752417573928835,-0.0060415277481080665
2021-02-08,5.364299774169922,5.367708655357361,-0.0034088811874388725
2021-02-09,5.376699924468994,5.37244800567627,0.004251918792724574
2021-02-10,5.384900093078613,5.384934229850769,-3.4136772155690664e-05
2021-02-11,5.3653998374938965,5.378903853416443,-0.013504015922546131
2021-02-12,5.368599891662598,5.372783336639404,-0.004183444976806783
2021-02-15,5.368000030517578,5.369234198570251,-0.00123416805267329
2021-02-16,5.369400024414063,5.370075823783875,-0.0006757993698114362
2021-02-17,5.409800052642822,5.3951612043380734,0.01463884830474882
2021-02-18,5.42579984664917,5.419359142303467,0.006440704345703097
2021-02-19,5.38070011138916,5.3843432722091675,-0.003643160820007374
2021-02-22,5.463399887084961,5.439544207572937,0.02385567951202372
2021-02-23,5.439599990844727,5.43755892086029,0.0020410699844362057
2021-02-24,5.402964115142822,5.413437537193298,-0.010473422050475634
2021-02-25,5.528025150299072,5.485336282730103,0.04268886756896961
2021-02-26,5.597599983215332,5.546285135269165,0.05131484794616714
2021-03-01,5.640699863433838,5.622831406593323,0.017868456840514746
2021-03-02,5.675099849700928,5.671184198379517,0.00391565132141114
2021-03-03,5.617499828338623,5.634210069656372,-0.016710241317748675
2021-03-04,5.668300151824951,5.655393836021424,0.012906315803527413
2021-03-05,5.689499855041504,5.656378232002258,0.033121623039245485
2021-03-08,5.874599933624268,5.782055383682251,0.09254454994201655
2021-03-09,5.801499843597412,5.769156908988952,0.03234293460845983
2021-03-10,5.67110013961792,5.712185030937195,-0.04108489131927495
2021-03-11,5.534800052642822,5.593601036071777,-0.0588009834289549
2021-03-12,5.495155811309815,5.517543504714966,-0.022387693405150344
2021-03-15,5.614500045776367,5.560121766090393,0.05437827968597375
2021-03-16,5.6234002113342285,5.6188692255020145,0.004530985832214007
2021-03-17,5.583099842071533,5.617628028869629,-0.034528186798095994
2021-03-18,5.558700084686279,5.580886455535889,-0.022186370849609283
2021-03-19,5.493563175201416,5.520877079963684,-0.027313904762268137
2021-03-22,5.505499839782715,5.513364922523499,-0.007865082740783791
2021-03-23,5.520400047302246,5.535887277603149,-0.015487230300903043
2021-03-24,5.61959981918335,5.588964106559754,0.03063571262359588
2021-03-25,5.648399829864502,5.651991950035095,-0.0035921201705928496
2021-03-26,5.752399921417236,5.703589912414551,0.048810009002685284
2021-03-29,5.780799865722656,5.747149488449097,0.033650377273559684
2021-03-30,5.771599769592285,5.744193637847901,0.027406131744384332
2021-03-31,5.63129997253418,5.674501136779785,-0.043201164245605383
2021-04-01,5.707399845123291,5.684176487922668,0.02322335720062263
2021-04-02,5.710599899291992,5.697457178115845,0.013142721176147454
2021-04-05,5.662700176239014,5.673785104751587,-0.011084928512572922
2021-04-06,5.593200206756592,5.618163666725159,-0.02496345996856686
2021-04-07,5.612100124359131,5.601467048645019,0.010633075714111762
2021-04-08,5.566599845886231,5.584871727943421,-0.018271882057189437
2021-04-09,5.679299831390381,5.6197129278182985,0.059586903572082406
2021-04-12,5.732200145721436,5.690658566474915,0.041541579246521465
2021-04-13,5.716300010681152,5.704747636795044,0.011552373886108747
2021-04-14,5.652900218963623,5.673697658538819,-0.020797439575195753
2021-04-15,5.614999771118164,5.626377890586853,-0.01137811946868883
2021-04-16,5.5858001708984375,5.5962237358093265,-0.010423564910889027
2021-04-19,5.545300006866455,5.558350155830383,-0.013050148963928088
2021-04-20,5.56790018081665,5.544959095954895,0.02294108486175528
2021-04-21,5.56790018081665,5.538460766792297,0.02943941402435346
2021-04-22,5.44320011138916,5.489252331733703,-0.04605222034454304
2021-04-23,5.477200031280518,5.437448556900025,0.03975147438049298
2021-04-26,5.435299873352051,5.447304896354675,-0.012005023002624071
2021-04-27,5.451000213623047,5.43496043586731,0.016039777755737283
2021-04-28,5.341400146484375,5.377411047935486,-0.03601090145111119
2021-04-29,5.336400032043457,5.343282751083374,-0.006882719039916552
2021-04-30,5.439700126647949,5.397963698387146,0.04173642826080304
2021-05-03,5.43809986114502,5.424804362297058,0.013295498847962328
2021-05-04,5.442599773406982,5.4270647401809695,0.015535033226012906
2021-05-05,5.352700233459473,5.379974011421203,-0.027273777961730694
2021-05-06,5.273430824279785,5.292770782470703,-0.01933995819091816
2021-05-07,5.235499858856201,5.254965796470642,-0.019465937614440598
2021-05-10,5.2221999168396,5.225036545753479,-0.00283662891387948
2021-05-11,5.221199989318848,5.231882056236267,-0.010682066917419242
2021-05-12,5.303100109100342,5.274119434356689,0.028980674743652735
2021-05-13,5.307700157165527,5.305681608200073,0.002018548965454059
2021-05-14,5.269499778747559,5.2814604139328,-0.011960635185241486
2021-05-17,5.271500110626221,5.269802834510803,0.0016972761154177007
2021-05-18,5.259500026702881,5.2637273874282835,-0.00422736072540264
2021-05-19,5.308000087738037,5.297442074775696,0.010558012962341046
2021-05-20,5.281300067901611,5.289805339813232,-0.00850527191162076
2021-05-21,5.361800193786621,5.329068609237671,0.032731584548949755
2021-05-24,5.31850004196167,5.319179286956787,-0.0006792449951174007
2021-05-25,5.330699920654297,5.319404905319214,0.011295015335083036
2021-05-26,5.310500144958496,5.309427400588989,0.001072744369507106
2021-05-27,5.2382001876831055,5.256872330665589,-0.01867214298248321
2021-05-28,5.23799991607666,5.233478935241699,0.004520980834961108
2021-05-31,5.216599941253662,5.221350558280945,-0.004750617027283077
2021-06-01,5.149700164794922,5.167909013748169,-0.018208848953246815
2021-06-02,5.07450008392334,5.096206336021424,-0.021706252098083745
2021-06-03,5.076300144195557,5.065326781272888,0.010973362922668706
2021-06-04,5.044600009918213,5.052021381378174,-0.007421371459961357
2021-06-07,5.045199871063232,5.046298748970032,-0.0010988779067995225
2021-06-08,5.034900188446045,5.043483306884766,-0.008583118438720838
2021-06-09,5.061500072479248,5.048773310661316,0.012726761817932086
2021-06-10,5.054500102996826,5.060413055419922,-0.005912952423095419
2021-06-11,5.117000102996826,5.091098278999328,0.025901823997497964
2021-06-14,5.058599948883057,5.070563057899475,-0.011963109016418727
2021-06-15,5.043799877166748,5.053357266426087,-0.009557389259338578
2021-06-16,5.054299831390381,5.047536505699158,0.006763325691222732
2021-06-17,5.007400035858154,5.0340794506073,-0.026679414749145813
2021-06-18,5.0960001945495605,5.061065139770508,0.034935054779052344
2021-06-21,5.0131001472473145,5.0414364013671875,-0.02833625411987306
2021-06-22,4.957099914550781,4.990314774513244,-0.033214859962463095
2021-06-23,4.965199947357178,4.955163408279419,0.01003653907775881
2021-06-24,4.912700176239014,4.937589232444763,-0.024889056205749327
2021-06-25,4.91540002822876,4.9175316524505615,-0.0021316242218016868
2021-06-28,4.924799919128418,4.925454057693481,-0.0006541385650633558
2021-06-29,4.955100059509277,4.941718927383423,0.013381132125854123
2021-06-30,4.969200134277344,4.957452835083008,0.011747299194335703
2021-07-01,5.045102119445801,5.021043864250183,0.02405825519561766
2021-07-02,5.059199810028076,5.063155457496643,-0.003955647468567136
2021-07-05,5.088459014892578,5.0817759408950804,0.006683073997497679
2021-07-06,5.195300102233887,5.164196798324585,0.03110330390930205
2021-07-07,5.231200218200684,5.2157158117294316,0.015484406471252044
2021-07-08,5.257999897003174,5.240972882270813,0.01702701473236079
2021-07-09,5.257900238037109,5.237204685211181,0.020695552825928054
2021-07-12,5.172699928283691,5.203379961013794,-0.030680032730102447
2021-07-13,5.162399768829346,5.165916025161743,-0.0035162563323973828
2021-07-14,5.069900035858154,5.1038245630264285,-0.03392452716827421
2021-07-15,5.110000133514404,5.1024946165084835,0.0075055170059208365
2021-07-16,5.1153998374938965,5.118421160697937,-0.0030213232040408045
2021-07-19,5.250899791717529,5.206515920639038,0.044383871078490955
2021-07-20,5.219900131225586,5.223638392448425,-0.0037382612228391565
2021-07-21,5.187300205230713,5.208202421188354,-0.020902215957641523
2021-07-22,5.1996002197265625,5.198258940696716,0.0013412790298463761
2021-07-23,5.19789981842041,5.194265265464782,0.0036345529556278677
2021-07-26,5.1753997802734375,5.183689061164856,-0.008289280891418116
2021-07-27,5.169099807739258,5.174982296943664,-0.0058824892044064825
2021-07-28,5.114799976348877,5.1331617612838745,-0.018361784934997516
2021-07-29,5.080399990081787,5.106545079231262,-0.026145089149474998
2021-07-30,5.208700180053711,5.1695836763381955,0.03911650371551545
2021-08-02,5.174600124359131,5.181475655555725,-0.006875531196594231
2021-08-03,5.196800231933594,5.19597755241394,0.0008226795196533132
2021-08-04,5.1682000160217285,5.176843179702759,-0.008643163681030686
2021-08-05,5.245200157165527,5.2138054676055905,0.03139468955993685
2021-08-06,5.23199987411499,5.225274460792542,0.006725413322448581
2021-08-09,5.231800079345703,5.22897245979309,0.0028276195526126813
2021-08-10,5.188300132751465,5.205424593925476,-0.017124461174010897
2021-08-11,5.218200206756592,5.206097539901734,0.012102666854858057
2021-08-12,5.252200126647949,5.241235977172852,0.010964149475097607
2021-08-13,5.247499942779541,5.24606515789032,0.0014347848892208859
2021-08-16,5.259699821472168,5.2435617332458495,0.01613808822631846
2021-08-17,5.294300079345703,5.2857377576828,0.008562321662902939
2021-08-18,5.378600120544434,5.347836504936218,0.03076361560821539
2021-08-19,5.414100170135498,5.3960287427902225,0.01807142734527556
2021-08-20,5.379000186920166,5.389555532455445,-0.010555345535278704
2021-08-23,5.379899978637695,5.362911684036255,0.01698829460144058
2021-08-24,5.245800018310547,5.297561075210571,-0.051761056900024194
2021-08-25,5.210999965667725,5.215231575012207,-0.004231609344482301
2021-08-26,5.251599788665772,5.230525959968568,0.021073828697204533
2021-08-27,5.2027997970581055,5.215456164360046,-0.01265636730194064
2021-08-30,5.182899951934815,5.184833337783814,-0.0019333858489982703
2021-08-31,5.1493000984191895,5.16778022480011,-0.018480126380920225
2021-09-01,5.184599876403809,5.178184406280518,0.006415470123291023
2021-09-02,5.18179988861084,5.192456072807312,-0.010656184196472296
2021-09-03,5.189799785614014,5.191950263977051,-0.0021504783630375
2021-09-06,5.169300079345703,5.179062447547913,-0.009762368202209437
2021-09-07,5.169600009918213,5.1935239562988285,-0.02392394638061557
2021-09-08,5.3206000328063965,5.265207521438598,0.055392511367798214
2021-09-09,5.196499824523926,5.237977999687195,-0.04147817516326935
2021-09-10,5.247000217437744,5.2307607412338255,0.016239476203918635
2021-09-13,5.213200092315674,5.2222715730667115,-0.009071480751037697
2021-09-14,5.238900184631348,5.225260819435119,0.013639365196228326
2021-09-15,5.221700191497803,5.2264084644317625,-0.004708272933959812
2021-09-16,5.256800174713135,5.2436620807647705,0.013138093948364293
2021-09-17,5.289700031280518,5.281530396461487,0.008169634819030769
2021-09-20,5.323200225830078,5.313099789619446,0.010100436210632502
2021-09-21,5.268899917602539,5.284861616134643,-0.01596169853210405
2021-09-22,5.287700176239014,5.2837442111968995,0.003955965042114151
2021-09-23,5.3018999099731445,5.301959106445312,-5.919647216767743e-05
2021-09-24,5.336999893188477,5.323604891777038,0.013395001411438123
2021-09-27,5.390399932861328,5.355129481315613,0.035270451545715176
2021-09-28,5.427599906921387,5.429453039169312,-0.00185313224792516
2021-09-29,5.414299964904785,5.416950606346131,-0.002650641441345414
2021-09-30,5.441699981689453,5.433657259941101,0.0080427217483523
2021-10-01,5.367899894714356,5.393810839653015,-0.02591094493865853
2021-10-04,5.453199863433838,5.417031320571899,0.03616854286193849
2021-10-05,5.475500106811523,5.457806839942932,0.01769326686859163
2021-10-06,5.491899967193604,5.490705882072449,0.001194085121155375
2021-10-07,5.517000198364258,5.498192169189453,0.01880802917480473
2021-10-08,5.506899833679199,5.5150667695999145,-0.008166935920715268
2021-10-11,5.535999774932861,5.534171841621399,0.0018279333114623597
2021-10-12,5.531499862670898,5.534257843971252,-0.0027579813003537623
2021-10-13,5.512499809265137,5.5175100440979,-0.005010234832763416
2021-10-14,5.512199878692627,5.510565664291382,0.0016342144012453375
2021-10-15,5.458399772644043,5.480500353813172,-0.02210058116912883
2021-10-18,5.511300086975098,5.488441672325134,0.02285841464996352
2021-10-19,5.5833001136779785,5.561666654586792,0.021633459091186857
2021-10-20,5.59630012512207,5.59481088256836,0.0014892425537107457
2021-10-21,5.657800197601318,5.628213156700134,0.029587040901184025
2021-10-22,5.649199962615967,5.628509537696838,0.020690424919128425
2021-10-25,5.554399967193604,5.590475846290588,-0.036075879096983954
2021-10-26,5.564799785614014,5.555410270690918,0.00938951492309581
2021-10-27,5.534999847412109,5.551327322006226,-0.01632747459411643
2021-10-28,5.644899845123291,5.608031281471252,0.036868563652038944
2021-10-29,5.633699893951416,5.631519394874573,0.0021804990768430343
2021-11-01,5.678899765014648,5.658900729179383,0.019999035835265744
2021-11-02,5.678599834442139,5.653753499984742,0.024846334457397035
2021-11-03,5.5524001121521,5.595162583351136,-0.04276247119903598
2021-11-04,5.6016998291015625,5.583358083724976,0.018341745376586616
2021-11-05,5.541100025177002,5.557409384727478,-0.016309359550476188
2021-11-08,5.543099880218506,5.543853449821472,-0.000753569602966131
2021-11-09,5.479100227355957,5.511928106307983,-0.03282787895202599
2021-11-10,5.4899001121521,5.472744128227234,0.017155983924865836
2021-11-11,5.3979997634887695,5.434669357299804,-0.03666959381103485
2021-11-12,5.457600116729736,5.434205163002014,0.023394953727722267
2021-11-15,5.456299781799316,5.467881110191345,-0.011581328392028745
2021-11-16,5.502200126647949,5.485863055229187,0.016337071418762505
2021-11-17,5.52869987487793,5.536126502990722,-0.007426628112792599
2021-11-18,5.556399822235107,5.555273972511292,0.0011258497238157972
2021-11-19,5.611599922180176,5.596097041130066,0.015502881050109885
2021-11-22,5.585599899291992,5.5915754032135006,-0.005975503921508363
2021-11-23,5.570400238037109,5.5783180227279665,-0.007917784690857133
2021-11-24,5.605199813842773,5.592869471549988,0.012330342292785623
2021-11-25,5.565100193023682,5.575598521232605,-0.010498328208923269
2021-11-26,5.607800006866455,5.603965030670166,0.0038349761962894746
2021-11-29,5.6006999015808105,5.599026827812195,0.001673073768615474
2021-11-30,5.620871067047119,5.610872612953186,0.009998454093933518
2021-12-01,5.6915669441223145,5.673815147399902,0.017751796722412116
2021-12-02,5.643321990966797,5.6679919767379765,-0.024669985771179626
2021-12-03,5.65009880065918,5.659773827552796,-0.009675026893615879
2021-12-06,5.688000202178955,5.676910116195678,0.011090085983276765
2021-12-07,5.611800193786621,5.63927691078186,-0.027476716995239236
2021-12-08,5.531599998474121,5.56997241973877,-0.03837242126464879
2021-12-09,5.571100234985352,5.5656472606658935,0.005452974319458015
2021-12-10,5.60866117477417,5.607388702392578,0.0012724723815917827
2021-12-13,5.679699897766113,5.648933839797974,0.03076605796813947
2021-12-14,5.680600166320801,5.682606072425842,-0.002005906105041255
2021-12-15,5.679399967193604,5.676099129676819,0.0033008375167851156
2021-12-16,5.687399864196777,5.6760881814956665,0.011311682701110826
2021-12-17,5.693059921264648,5.6863435401916504,0.00671638107299799
2021-12-20,5.741300106048584,5.714835938453675,0.026464167594909327
2021-12-21,5.74399995803833,5.721566303253174,0.022433654785156243
2021-12-22,5.652999877929688,5.676037615776062,-0.02303773784637375
2021-12-23,5.671795845031738,5.663847008705139,0.00794883632659893
2021-12-24,5.67110013961792,5.657439395904541,0.013660743713378665
2021-12-27,5.624100208282471,5.636280921936035,-0.012180713653564545
2021-12-28,5.627500057220459,5.639618322372437,-0.01211826515197778
2021-12-29,5.702700138092041,5.673864240646362,0.028835897445678604
2021-12-30,5.570199966430664,5.618203509330749,-0.04800354290008535
2021-12-31,5.569300174713135,5.593707537651062,-0.02440736293792689
2022-01-03,5.68120002746582,5.627341159820556,0.05385886764526404
2022-01-04,5.676199913024902,5.661246863365173,0.01495304965972899
2022-01-05,5.705635070800781,5.673265378952026,0.032369691848755267
2022-01-06,5.682400226593018,5.674880721092224,0.0075195055007935
2022-01-07,5.632199764251709,5.643807535171509,-0.011607770919799698
2022-01-10,5.662199974060059,5.657806725502014,0.004393248558044682
2022-01-11,5.567299842834473,5.597716464042664,-0.03041662120819133
2022-01-12,5.533199787139893,5.543311326026917,-0.010111538887024096
2022-01-13,5.526700019836426,5.535381190299987,-0.00868117046356165
2022-01-14,5.533299922943115,5.533563976287842,-0.0002640533447264559
2022-01-17,5.5157999992370605,5.525695208549499,-0.009895209312438702
2022-01-18,5.565700054168701,5.5474389438629155,0.0182611103057857
2022-01-19,5.43720006942749,5.482103933334351,-0.04490386390686041
2022-01-20,5.418099880218506,5.413809480667115,0.004290399551391211
2022-01-21,5.457099914550781,5.436939739227295,0.02016017532348613
2022-01-24,5.486100196838379,5.470657382965088,0.015442813873290717
2022-01-25,5.440703868865967,5.442257342338562,-0.001553473472594824
2022-01-26,5.429166793823242,5.4190231866836545,0.01014360713958773
2022-01-27,5.40348482131958,5.408679507255554,-0.005194685935974164
2022-01-28,5.362599849700928,5.3897932386398315,-0.027193388938903773
2022-01-31,5.303100109100342,5.308779052734375,-0.005678943634032763
2022-02-01,5.264500141143799,5.275467361450195,-0.010967220306396186
2022-02-02,5.260900020599365,5.260637945175171,0.00026207542419420804
2022-02-03,5.282899856567383,5.276774699211121,0.006125157356262179
2022-02-04,5.326900005340576,5.310084282875061,0.016815722465515215
2022-02-07,5.262599945068359,5.271199626922607,-0.008599681854247976
2022-02-08,5.258399963378906,5.263657434463501,-0.005257471084594734
2022-02-09,5.234499931335449,5.248173324584961,-0.01367339324951189
2022-02-10,5.248700141906738,5.243024656295776,0.005675485610962205
2022-02-11,5.249956130981445,5.239876238822937,0.01007989215850813
2022-02-14,5.214000225067139,5.223042368888855,-0.009042143821716309
2022-02-15,5.157899856567383,5.175358425140381,-0.01745856857299799
2022-02-16,5.135799884796143,5.146491833686829,-0.010691948890686476
2022-02-17,5.170599937438965,5.154647054672242,0.015952882766723242
2022-02-18,5.137499809265137,5.151519671440124,-0.01401986217498763
2022-02-21,5.102700233459473,5.116409888267517,-0.013709654808044647
2022-02-22,5.05709981918335,5.0787330961227415,-0.021633276939391877
2022-02-23,5.008699893951416,5.035748775482178,-0.027048881530761903
2022-02-24,5.122200012207031,5.085780285835266,0.03641972637176494
2022-02-25,5.15939998626709,5.147206745147705,0.012193241119384801
2022-02-28,5.158400058746338,5.150009368896485,0.008390689849853139
2022-03-01,5.158999919891357,5.1387430267333984,0.020256893157958977
2022-03-02,5.096502780914307,5.108145767211914,-0.011642986297607294
2022-03-03,5.030900001525879,5.055105109214782,-0.024205107688903382
2022-03-04,5.06056022644043,5.037988468170166,0.022571758270263587
2022-03-07,5.110499858856201,5.079934889793396,0.030564969062805147
2022-03-08,5.058800220489502,5.066906063079834,-0.008105842590332202
2022-03-09,5.011499881744385,5.027276156425476,-0.015776274681090996
2022-03-10,5.009699821472168,5.015119782447815,-0.005419960975647342
2022-03-11,5.073500156402588,5.0563896970748905,0.01711045932769739
2022-03-14,5.121399879455566,5.094278520584107,0.027121358871459833
2022-03-15,5.1631999015808105,5.139777234077454,0.023422667503356642
2022-03-16,5.073874950408936,5.100528011322021,-0.026653060913084836
2022-03-17,5.039400100708008,5.052266918182373,-0.012866817474365355
2022-03-18,5.0177998542785645,5.0230305271148685,-0.005230672836304073
2022-03-21,4.935200214385986,4.965655145645141,-0.030454931259154883
2022-03-22,4.909999847412109,4.917506674766541,-0.007506827354431422
2022-03-23,4.82420015335083,4.854934371948242,-0.03073421859741199
2022-03-24,4.826300144195557,4.809176122665405,0.0171240215301518
2022-03-25,4.7368998527526855,4.7730145893096925,-0.03611473655700692
2022-03-28,4.764100074768066,4.754686391830444,0.009413682937622347
2022-03-29,4.756199836730957,4.755557007789612,0.0006428289413449306
2022-03-30,4.769700050354004,4.757742771148681,0.011957279205322635
2022-03-31,4.737800121307373,4.74944146156311,-0.011641340255737376
2022-04-01,4.657199859619141,4.680818122863769,-0.02361826324462868
2022-04-04,4.593800067901611,4.6213258352279665,-0.027525767326355144
2022-04-05,4.650700092315674,4.65926104927063,-0.00856095695495629
2022-04-06,4.715199947357178,4.701526580810547,0.013673366546631094
2022-04-07,4.752099990844727,4.7293696146011355,0.02273037624359109
2022-04-08,4.698100090026856,4.7017179193496705,-0.003617829322814181
2022-04-11,4.693600177764893,4.698031314849853,-0.004431137084960568
2022-04-12,4.673099994659424,4.679055027008056,-0.005955032348632372
2022-04-13,4.690199851989746,4.676627346038819,0.013572505950927294
2022-04-14,4.701000213623047,4.6911001396179195,0.00990007400512738
2022-04-15,4.7006001472473145,4.686569487571716,0.014030659675598578
2022-04-18,4.651999950408936,4.666659810066223,-0.014659859657286667
2022-04-19,4.664999961853027,4.656576577186584,0.008423384666443212
2022-04-20,4.620800018310547,4.633750203132629,-0.0129501848220821
2022-04-21,4.620800018310547,4.652690789222717,-0.031890770912170296
2022-04-22,4.795199871063232,4.737309919357299,0.05788995170593303
2022-04-25,4.876200199127197,4.848013812065124,0.028186387062072882
2022-04-26,4.997799873352051,4.957213008880616,0.04058686447143511
2022-04-27,4.963600158691406,4.980301997184753,-0.016701838493347054
2022-04-28,4.93779993057251,4.950383797645569,-0.012583867073058919
2022-04-29,4.97130012512207,4.9653669481277465,0.00593317699432383
2022-05-02,5.084700107574463,5.044560447692871,0.04013965988159196
2022-05-03,4.958099842071533,5.022869012832642,-0.06476917076110844
2022-05-04,4.918799877166748,4.933751118659973,-0.014951241493225353
2022-05-05,5.027999877929688,4.990809329032898,0.03719054889679008
2022-05-06,5.080399990081787,5.058081575393677,0.02231841468810991
2022-05-09,5.160900115966797,5.128880753517151,0.032019362449646316
2022-05-10,5.13129997253418,5.1366999797821045,-0.005400007247924776
2022-05-11,5.134252071380615,5.132655944824219,0.0015961265563966265
2022-05-12,5.133399963378906,5.133369087219238,3.087615966812507e-05
2022-05-13,5.058300018310547,5.079344271659851,-0.021044253349304043
2022-05-16,5.059700012207031,5.061048491477966,-0.0013484792709350657
2022-05-17,4.93809986114502,4.987529472351074,-0.049429611206053714
2022-05-18,4.96750020980835,4.9681461219787595,-0.0006459121704098791
2022-05-19,4.929999828338623,4.9671834287643435,-0.03718360042572044
2022-05-20,4.880199909210205,4.901330625534057,-0.021130716323852106
2022-05-23,4.813499927520752,4.844656886100769,-0.031156958580017324
2022-05-24,4.817800045013428,4.81662578201294,0.0011742630004878407
2022-05-25,4.822800159454346,4.818649380683899,0.0041507787704464505
2022-05-26,4.768199920654297,4.784808962821961,-0.0166090421676639
2022-05-27,4.729599952697754,4.742388666152954,-0.012788713455200273
2022-05-30,4.752399921417236,4.750181550979614,0.0022183704376219637
2022-05-31,4.730400085449219,4.7385418329238895,-0.00814174747467078
2022-06-01,4.815499782562256,4.796215268135071,0.01928451442718515
2022-06-02,4.795700073242188,4.801945678710937,-0.0062456054687487494
2022-06-03,4.775000095367432,4.79551178073883,-0.02051168537139869
2022-06-06,4.7941999435424805,4.795173889160156,-0.000973945617675831
2022-06-07,4.867526054382324,4.839852143287659,0.02767391109466555
2022-06-08,4.898099899291992,4.889420225143432,0.008679674148559968
2022-06-09,4.903299808502197,4.918945298194886,-0.015645489692688308
2022-06-10,4.984000205993652,4.9723615007400515,0.01163870525360089
2022-06-13,5.113399982452393,5.088166509628296,0.02523347282409638
2022-06-14,5.116099834442139,5.103848261833191,0.012251572608947825
2022-06-15,5.052000045776367,5.08740740776062,-0.03540736198425254
2022-06-16,5.052199840545654,5.077516702651978,-0.025316862106323335
2022-06-17,5.152100086212158,5.11974415397644,0.032355932235717866
2022-06-20,5.18720006942749,5.178239246368408,0.008960823059082301
2022-06-21,5.122799873352051,5.167177091598511,-0.044377218246459904
2022-06-22,5.193600177764893,5.171324913978577,0.022275263786315946
2022-06-23,5.23799991607666,5.223694276809693,0.014305639266967596
2022-06-24,5.241399765014648,5.251339274406433,-0.009939509391784895
2022-06-27,5.236800193786621,5.236984909057617,-0.0001847152709961719
2022-06-28,5.266600131988525,5.253401090621948,0.013199041366577013
2022-06-29,5.180900096893311,5.219409167289734,-0.038509070396422374
2022-06-30,5.251999855041504,5.231032513618469,0.02096734142303447
2022-07-01,5.330999851226807,5.302979360580444,0.02802049064636236
2022-07-04,5.3282999992370605,5.337713121414184,-0.009413122177123867
2022-07-05,5.385200023651123,5.360836240768433,0.024363782882690366
2022-07-06,5.427999973297119,5.423327642440796,0.004672330856323015
2022-07-07,5.338200092315674,5.365480346679687,-0.0272802543640136
2022-07-08,5.254000186920166,5.280612265586853,-0.02661207866668658
2022-07-11,5.377200126647949,5.345900868415833,0.03129925823211632
2022-07-12,5.436500072479248,5.414330346107483,0.022169726371765286
2022-07-13,5.390900135040283,5.402498501777649,-0.011598366737366028
2022-07-14,5.422800064086914,5.423537882804871,-0.0007378187179565288
2022-07-15,5.410099983215332,5.413315204620361,-0.0032152214050293892
2022-07-18,5.436800003051758,5.429408315658569,0.0073916873931887395
2022-07-19,5.413099765777588,5.409101329803467,0.003998435974120973
2022-07-20,5.470200061798096,5.450708810806274,0.019491250991821474
2022-07-21,5.497799873352051,5.4826240062713625,0.015175867080688299
2022-07-22,5.496699810028076,5.471415069580078,0.02528474044799811
2022-07-25,5.356299877166748,5.408860227584839,-0.05256035041809071
2022-07-26,5.350100040435791,5.334010902404785,0.0160891380310062
2022-07-27,5.243000030517578,5.27710688495636,-0.034106854438781475
2022-07-28,5.182700157165527,5.21407468509674,-0.03137452793121298
2022-07-29,5.171199798583984,5.191812291145324,-0.020612492561340012
2022-08-01,5.184000015258789,5.173189596176147,0.010810419082641687
2022-08-02,5.277699947357178,5.246173762321472,0.03152618503570537
2022-08-03,5.282700061798096,5.273306702613831,0.00939335918426476
2022-08-04,5.211100101470947,5.243080745697021,-0.03198064422607416
2022-08-05,5.164599895477295,5.174829885482788,-0.010229990005493406
2022-08-08,5.110099792480469,5.1311335344314575,-0.021033741950988727
2022-08-09,5.123700141906738,5.116910784721375,0.006789357185363443
2022-08-10,5.093699932098389,5.107785726547241,-0.014085794448852162
2022-08-11,5.1570000648498535,5.133850317955017,0.02314974689483673
2022-08-12,5.074900150299072,5.097122096061707,-0.022221945762634476
2022-08-15,5.095600128173828,5.0852225275039675,0.010377600669860598
2022-08-16,5.1417388916015625,5.129781087875366,0.011957803726196481
2022-08-17,5.164999961853027,5.147223462104797,0.017776499748229924
2022-08-18,5.166999816894531,5.1557291221618655,0.011270694732665731
2022-08-19,5.168399810791016,5.155446764945984,0.012953045845031319
2022-08-22,5.156099796295166,5.154923456192017,0.0011763401031492648
2022-08-23,5.103499889373779,5.107856531143188,-0.004356641769408753
2022-08-24,5.110099792480469,5.106120051383972,0.0039797410964963476
2022-08-25,5.108699798583984,5.104859010696411,0.0038407878875732493
2022-08-26,5.0625,5.079828518867493,-0.01732851886749298
2022-08-29,5.027200222015381,5.0495384397506715,-0.022338217735290655
2022-08-30,5.1219000816345215,5.0960135135650635,0.025886568069457994
2022-08-31,5.181700229644775,5.170894633293152,0.010805596351623592
2022-09-01,5.2403998374938965,5.2211188192367555,0.019281018257141014
2022-09-02,5.171000003814697,5.1878242034912105,-0.016824199676513274
2022-09-05,5.153900146484375,5.159564039230347,-0.005663892745971566
2022-09-06,5.247200012207031,5.226085663795471,0.021114348411559902
2022-09-07,5.246699810028076,5.235591058731079,0.011108751296997177
2022-09-08,5.2133002281188965,5.218714613914489,-0.005414385795592835
2022-09-09,5.146299839019775,5.163982734680176,-0.01768289566040071
2022-09-12,5.0920000076293945,5.111988751411438,-0.019988743782043628
2022-09-13,5.189799785614014,5.170938451766967,0.018861333847046247
2022-09-14,5.162700176239014,5.183188714981079,-0.020488538742065465
2022-09-15,5.246099948883057,5.233730719566346,0.012369229316711028
2022-09-16,5.250699996948242,5.236797918319702,0.013902078628539982
2022-09-19,5.170899868011475,5.1886035318374635,-0.01770366382598887
2022-09-20,5.141499996185303,5.151424207687378,-0.00992421150207523
2022-09-21,5.170400142669678,5.1696599578857425,0.0007401847839352271
2022-09-22,5.115499973297119,5.129404582977295,-0.013904609680175817
2022-09-23,5.258800029754639,5.2138719663619995,0.04492806339263922
2022-09-26,5.389400005340576,5.345933658599853,0.043466346740722805
2022-09-27,5.378099918365479,5.384696448326111,-0.0065965299606318695
2022-09-28,5.374199867248535,5.382843746185303,-0.00864387893676799
2022-09-29,5.396200180053711,5.3888063163757325,0.007393863677978452
2022-09-30,5.414299964904785,5.398181879043579,0.016118085861205778
2022-10-03,5.16349983215332,5.241048021316528,-0.07754818916320794
2022-10-04,5.17579984664917,5.199127683639526,-0.023327836990356232
2022-10-05,5.195199966430664,5.193644067764282,0.0015558986663819496
2022-10-06,5.220099925994873,5.20897852230072,0.011121403694152932
2022-10-07,5.198400020599365,5.2167810564041135,-0.018381035804748258
2022-10-10,5.186800003051758,5.205220194816589,-0.01842019176483145
2022-10-11,5.292099952697754,5.257540640830993,0.034559311866760645
2022-10-12,5.291500091552734,5.286101488113403,0.005398603439330962
2022-10-13,5.259799957275391,5.262864296913147,-0.0030643396377563192
2022-10-14,5.327400207519531,5.302912364959717,0.02448784255981451
2022-10-17,5.277359008789063,5.294786587715149,-0.017427578926085374
2022-10-18,5.239799976348877,5.244180704116821,-0.004380727767943959
2022-10-19,5.269199848175049,5.248735865592956,0.020463982582092477
2022-10-20,5.216599941253662,5.229993909835815,-0.013393968582152915
2022-10-21,5.163400173187256,5.179331702232361,-0.015931529045104753
2022-10-24,5.30620002746582,5.251501188278199,0.05469883918762175
2022-10-25,5.315199851989746,5.309484336853028,0.00571551513671853
2022-10-26,5.383900165557861,5.354486821174621,0.02941334438324006
2022-10-27,5.339200019836426,5.321070344924927,0.018129674911499194
2022-10-28,5.28849983215332,5.294461577415467,-0.005961745262146323
2022-10-31,5.178800106048584,5.213993411064148,-0.03519330501556439
2022-11-01,5.142399787902832,5.18599652671814,-0.04359673881530757
2022-11-02,5.142600059509277,5.139104294776916,0.0034957647323610175
2022-11-03,5.1149001121521,5.129549946784973,-0.014649834632873393
2022-11-04,5.078132152557373,5.092879910469055,-0.014747757911681703
2022-11-07,5.153326988220215,5.13594515991211,0.017381828308105085
2022-11-08,5.14300012588501,5.154140454292297,-0.011140328407287292
2022-11-09,5.185200214385986,5.16815016746521,0.01705004692077594
2022-11-10,5.341579914093018,5.288647329330444,0.052932584762573676
2022-11-11,5.279058933258057,5.294001465797424,-0.014942532539367726
2022-11-14,5.331200122833252,5.293039470672608,0.038160652160644126
2022-11-15,5.331699848175049,5.336137735366822,-0.004437887191772738
2022-11-16,5.39900016784668,5.36875112915039,0.030249038696289254
2022-11-17,5.422100067138672,5.393615242958069,0.028484824180602608
2022-11-18,5.38129997253418,5.373476021766662,0.007823950767517296
2022-11-21,5.318600177764893,5.342401711463928,-0.023801533699035815
2022-11-22,5.357699871063232,5.355969298362732,0.0017305727005005878
2022-11-23,5.35830020904541,5.345798085212707,0.012502123832702772
2022-11-24,5.320000171661377,5.3241128282547,-0.004112656593322939
2022-11-25,5.4085001945495605,5.3756904668807985,0.032809727668762
2022-11-28,5.364699840545654,5.367027298927307,-0.002327458381652825
2022-11-29,5.268199920654297,5.301207592964173,-0.03300767230987578
2022-11-30,5.181589126586914,5.227704437255859,-0.04611531066894514
2022-12-01,5.183599948883057,5.191640246391296,-0.008040297508239647
2022-12-02,5.2179999351501465,5.215282464981079,0.0027174701690677594
2022-12-05,5.28000020980835,5.263483267784118,0.016516942024231263
2022-12-06,5.234000205993652,5.250628527641297,-0.016628321647644384
2022-12-07,5.203999996185303,5.2225811567306515,-0.01858116054534875
2022-12-08,5.224299907684326,5.214036999702453,0.010262907981872793
2022-12-09,5.235000133514404,5.242567730903626,-0.007567597389221525
2022-12-12,5.321300029754639,5.2784544382095335,0.042845591545105144
2022-12-13,5.292799949645996,5.301421969413758,-0.008622019767761557
2022-12-14,5.277200222015381,5.274401149749756,0.0027990722656250355
2022-12-15,5.311800003051758,5.288088243484497,0.023711759567261126
2022-12-16,5.306509017944336,5.308185524940491,-0.0016765069961550694
2022-12-19,5.291600227355957,5.288850484848022,0.002749742507934805
2022-12-20,5.198400020599365,5.234017944335937,-0.03561792373657191
2022-12-21,5.199900150299072,5.198308676719665,0.0015914735794071433
2022-12-22,5.165599822998047,5.18405811214447,-0.018458289146423112
2022-12-23,5.164299964904785,5.179708409309387,-0.015408444404601873
2022-12-26,5.21750020980835,5.204561923980713,0.012938285827636342
2022-12-27,5.292300224304199,5.270705600738525,0.021594623565674098
2022-12-28,5.2667999267578125,5.267729549407959,-0.0009296226501467331
2022-12-29,5.284599781036377,5.274879452705384,0.009720328330993233
2022-12-30,5.2855000495910645,5.275559966087341,0.00994008350372333
2023-01-02,5.360130786895752,5.319299836158752,0.04083095073699994
2023-01-03,5.478499889373779,5.416962503433227,0.061537385940551914
2023-01-04,5.430099964141846,5.435004553794861,-0.004904589653015101
2023-01-05,5.349800109863281,5.361223459243774,-0.011423349380493164
2023-01-06,5.224400043487549,5.289292729377746,-0.06489268589019748
2023-01-09,5.253699779510498,5.246679932594299,0.007019846916199057
2023-01-10,5.198299884796143,5.227631799697876,-0.029331914901733036
2023-01-11,5.1585001945495605,5.170326066017151,-0.01182587146759051
2023-01-12,5.107699871063232,5.128308465957642,-0.02060859489440947
2023-01-13,5.080699920654297,5.098945008277893,-0.01824508762359578
2023-01-16,5.145999908447266,5.137023211479187,0.008976696968078457
2023-01-17,5.099599838256836,5.117458494186401,-0.01785865592956526
2023-01-18,5.185299873352051,5.1580668125152584,0.027233060836792333
2023-01-19,5.172999858856201,5.18538617515564,-0.012386316299438427
2023-01-20,5.206299781799316,5.18936244392395,0.01693733787536633
2023-01-23,5.205900192260742,5.189585335731507,0.016314856529235477
2023-01-24,5.138400077819824,5.15548067855835,-0.017080600738525575
2023-01-25,5.072199821472168,5.091209545135498,-0.01900972366332976
2023-01-26,5.062745094299316,5.071777540206909,-0.009032445907593
2023-01-27,5.107200145721436,5.088548890113831,0.0186512556076055
2023-01-30,5.1149001121521,5.108098613739013,0.006801498413086193
2023-01-31,5.072199821472168,5.08143692111969,-0.009237099647521951
2023-02-01,5.053500175476074,5.066800013542175,-0.01329983806610091
2023-02-02,5.049200057983398,5.063849148750305,-0.014649090766906347
2023-02-03,5.149799823760986,5.106321660995484,0.04347816276550276
2023-02-06,5.145699977874756,5.154442378997802,-0.008742401123046584
2023-02-07,5.2093000411987305,5.189847628593445,0.019452412605285296
2023-02-08,5.19950008392334,5.203190028190613,-0.003689944267272871
2023-02-09,5.289500236511231,5.256788078308105,0.03271215820312623
2023-02-10,5.213482856750488,5.246511258125305,-0.033028401374816774
2023-02-13,5.158400058746338,5.174819553375245,-0.016419494628906683
2023-02-14,5.191500186920166,5.179310851097107,0.012189335823059366
2023-02-15,5.2179999351501465,5.216743847846985,0.0012560873031617348
2023-02-16,5.216800212860107,5.229391492843628,-0.012591279983520387
2023-02-17,5.165168762207031,5.17847057056427,-0.013301808357239153
2023-02-20,5.1666998863220215,5.1641289319992065,0.0025709543228149556
2023-02-21,5.166500091552734,5.164582221984864,0.001917869567870767
2023-02-22,5.151199817657471,5.155243890762329,-0.004044073104858548
2023-02-23,5.136199951171875,5.152879779815674,-0.0166798286437988
2023-02-24,5.207799911499023,5.185528244018554,0.02227166748046905
2023-02-27,5.199699878692627,5.207603588104248,-0.007903709411620774
2023-02-28,5.235899925231934,5.23032359790802,0.005576327323913333
2023-03-01,5.178299903869629,5.20660424041748,-0.02830433654785125
2023-03-02,5.1996002197265625,5.1953000593185426,0.0043001604080199485
2023-03-03,5.194399833679199,5.190722699165344,0.003677134513854874
2023-03-06,5.152200222015381,5.166249646186829,-0.014049424171448166
2023-03-07,5.190000057220459,5.179644152641297,0.010355904579162356
2023-03-08,5.144400119781494,5.162167536735534,-0.01776741695404027
2023-03-09,5.163700103759766,5.1680209875106815,-0.004320883750915883
2023-03-10,5.21560001373291,5.206368242263794,0.009231771469115913
2023-03-13,5.245699882507324,5.227231211662293,0.018468670845031454
2023-03-14,5.251699924468994,5.243754776000976,0.007945148468017749
2023-03-15,5.287099838256836,5.270086067199707,0.017013771057128757
2023-03-16,5.229599952697754,5.236005973815918,-0.00640602111816424
2023-03-17,5.2778000831604,5.266079139709473,0.011720943450927557
2023-03-20,5.235700130462647,5.240411938667298,-0.004711808204650225
2023-03-21,5.240900039672852,5.2432042474746705,-0.002304207801818947
2023-03-22,5.236100196838379,5.234906334877014,0.0011938619613651724
2023-03-23,5.29670000076294,5.277843614578247,0.01885638618469354
2023-03-24,5.245100021362305,5.263036616325379,-0.017936594963074093
2023-03-27,5.197100162506104,5.217695734977722,-0.020595572471617807
2023-03-28,5.164400100708008,5.179389625549317,-0.014989524841308999
2023-03-29,5.134200096130371,5.147107007980346,-0.012906911849975167
2023-03-30,5.092700004577637,5.110168716430664,-0.01746871185302723
2023-03-31,5.062300205230713,5.0789200191497805,-0.01661981391906764
2023-04-03,5.06309986114502,5.058308215141296,0.004791646003724281
2023-04-04,5.070700168609619,5.0598751745224,0.010824994087219153
2023-04-05,5.033199787139893,5.040420503616333,-0.007220716476440181
2023-04-06,5.058300018310547,5.046200028419495,0.012099989891051877
2023-04-07,5.054399967193604,5.053897691726685,0.0005022754669194995
2023-04-10,5.065299987792969,5.058721599578857,0.006578388214111719
2023-04-11,5.004000186920166,5.026337516784668,-0.02233732986450221
2023-04-12,4.916900157928467,4.951006830215454,-0.03410667228698738
2023-04-13,4.926700115203857,4.927444048881531,-0.0007439336776737804
2023-04-14,4.908699989318848,4.921868767738342,-0.013168778419494487
2023-04-17,4.939799785614014,4.93918188381195,0.0006179018020633364
2023-04-18,4.984300136566162,4.97906962966919,0.005230506896972464
2023-04-19,5.074299812316895,5.039427132606506,0.03487267971038932
2023-04-20,5.047699928283691,5.049141514778137,-0.0014415864944457013
2023-04-21,5.047900199890137,5.04203554725647,0.005864652633666978
2023-04-24,5.033400058746338,5.0361336851119995,-0.0027336263656616566
2023-04-25,5.053100109100342,5.043220492362976,0.009879616737365815
2023-04-26,5.043000221252441,5.040408371925354,0.0025918493270875587
2023-04-27,4.976200103759766,4.99998149394989,-0.023781390190124263
2023-04-28,4.986000061035156,4.99797407245636,-0.011974011421203912
2023-05-01,4.9878997802734375,4.995340689659119,-0.007440909385681316
2023-05-02,5.038400173187256,5.017019227981567,0.021380945205688562
2023-05-03,4.994400024414063,5.0107002382278445,-0.016300213813781106
2023-05-04,4.982600212097168,4.993621618270874,-0.011021406173705728
2023-05-05,4.951700210571289,4.968404141426086,-0.016703930854797377
2023-05-08,5.007999897003174,4.9921933441162105,0.01580655288696331
2023-05-09,4.985899925231934,4.996548054695129,-0.010648129463195488
2023-05-10,4.94290018081665,4.955633393287659,-0.01273321247100867
2023-05-11,4.929500102996826,4.943807648658752,-0.014307545661925936
2023-05-12,4.920199871063232,4.918609279632569,0.001590591430663757
2023-05-15,4.887899875640869,4.900704033851624,-0.012804158210754757
2023-05-16,4.93940019607544,4.929454918861389,0.009945277214050918
2023-05-17,4.937699794769287,4.949905261039734,-0.01220546627044694
2023-05-18,4.964399814605713,4.961612057685852,0.002787756919860662
2023-05-19,4.996799945831299,4.992794974327087,0.004004971504211419
2023-05-22,4.966100215911865,4.975048914909363,-0.008948698997497395
2023-05-23,4.971199989318848,4.975033073425293,-0.003833084106445561
2023-05-24,4.958600044250488,4.96178450679779,-0.0031844625473018695
2023-05-25,5.035200119018555,5.007927659988403,0.02727245903015163
2023-05-26,4.992800235748291,5.004791254043579,-0.011991018295288036
2023-05-29,5.018099784851074,5.000993189811706,0.017106595039368067
2023-05-30,5.034800052642822,5.025317775726318,0.009482276916504162
2023-05-31,5.054800033569336,5.037891860961914,0.016908172607421612
2023-06-01,5.0131001472473145,5.022539469718933,-0.009439322471618716
2023-06-02,4.956600189208984,4.974636318206787,-0.018036128997803047
2023-06-05,4.925600051879883,4.9410311832427976,-0.01543113136291474
2023-06-06,4.912000179290772,4.914921875953675,-0.0029216966629022068
2023-06-07,4.922399997711182,4.919476522445679,0.0029234752655025176
2023-06-08,4.922100067138672,4.914901566505432,0.0071985006332395685
2023-06-09,4.877900123596191,4.890528336524963,-0.01262821292877181
2023-06-12,4.860599994659424,4.861960693359375,-0.0013606986999512571
2023-06-13,4.861000061035156,4.854511142730713,0.006488918304443203
2023-06-14,4.815000057220459,4.8275054397583,-0.012505382537841392
2023-06-15,4.809199810028076,4.812525491714478,-0.0033256816864017935
2023-06-16,4.807000160217285,4.8071195449829105,-0.00011938476562534106
2023-06-19,4.776899814605713,4.7921030874252315,-0.01520327281951861
2023-06-20,4.789299964904785,4.785969330787658,0.0033306341171268627
2023-06-21,4.76230001449585,4.778083589553833,-0.015783575057983334
2023-06-22,4.7697367668151855,4.773260999679565,-0.0035242328643798615
2023-06-23,4.7855000495910645,4.78058880329132,0.004911246299744043
2023-06-26,4.767300128936768,4.780626245498658,-0.013326116561890089
2023-06-27,4.810500144958496,4.793776880264282,0.016723264694213924
2023-06-28,4.850500106811523,4.834362657546997,0.016137449264526538
2023-06-29,4.855599880218506,4.844062237739563,0.011537642478942622
2023-06-30,4.784200191497803,4.807706402778625,-0.02350621128082242
2023-07-03,4.80649995803833,4.794663889884949,0.01183606815338134
2023-07-04,4.839900016784668,4.826181790351868,0.013718226432800407
2023-07-05,4.8471999168396,4.853710758209228,-0.0065108413696286505
2023-07-06,4.918700218200684,4.89131411075592,0.02738610744476322
2023-07-07,4.8709001541137695,4.879818866729736,-0.008918712615966662
2023-07-10,4.898200035095215,4.882939824104309,0.015260210990906131
2023-07-11,4.851500034332275,4.865662586212158,-0.014162551879882912
2023-07-12,4.81689977645874,4.834149544715881,-0.017249768257141085
2023-07-13,4.7947998046875,4.802090459823608,-0.0072906551361082705
2023-07-14,4.788099765777588,4.795296975135804,-0.007197209358215773
2023-07-17,4.805799961090088,4.797484585762024,0.008315375328064256
2023-07-18,4.809299945831299,4.803730513572693,0.005569432258606177
2023-07-19,4.789899826049805,4.794835253715515,-0.0049354276657105345
2023-07-20,4.796899795532227,4.79756352519989,-0.0006637296676634818
2023-07-21,4.777400016784668,4.7837687730789185,-0.006368756294250488
2023-07-24,4.725500106811523,4.746180919647217,-0.020680812835693452
2023-07-25,4.748899936676025,4.742587423324585,0.006312513351440785
2023-07-26,4.736199855804443,4.736387386322021,-0.00018753051757780526
2023-07-27,4.741600036621094,4.741450030326844,0.0001500062942501046
2023-07-28,4.723299980163574,4.732249581336975,-0.008949601173401156
2023-07-31,4.724699974060059,4.725738971710205,-0.0010389976501468112
2023-08-01,4.791999816894531,4.770613576889038,0.021386240005493384
2023-08-02,4.810400009155273,4.825177399635315,-0.014777390480041674
2023-08-03,4.916399955749512,4.8809931640625,0.035406791687011996
2023-08-04,4.88539981842041,4.892216049194336,-0.006816230773925902
2023-08-07,4.89900016784668,4.8928607578277585,0.006139410018921154
2023-08-08,4.898600101470947,4.897570858001709,0.0010292434692384944
2023-08-09,4.901700019836426,4.902064399719238,-0.00036437988281257105
2023-08-10,4.891499996185303,4.895147389411926,-0.003647393226623663
2023-08-11,4.910999774932861,4.9033645877838135,0.007635187149047873
2023-08-14,4.962100028991699,4.937912605285645,0.024187423706054645
2023-08-15,4.983200073242188,4.9719296607971195,0.011270412445068878
2023-08-16,4.9868998527526855,4.975279146194458,0.011620706558227667
2023-08-17,4.975500106811523,4.973342368125915,0.0021577386856082015
2023-08-18,4.966899871826172,4.970507367134094,-0.0036074953079223704
2023-08-21,4.978700160980225,4.977185501098633,0.0015146598815913848
2023-08-22,4.937099933624268,4.949630295753479,-0.012530362129210992
2023-08-23,4.855100154876709,4.890544680595398,-0.03544452571868906
2023-08-24,4.880300045013428,4.8813590278625485,-0.0010589828491207598
2023-08-25,4.870399951934815,4.884894369125366,-0.014494417190550557
2023-08-28,4.872600078582764,4.873655999183655,-0.0010559206008915467
2023-08-29,4.85129976272583,4.86460941696167,-0.013309654235840185
2023-08-30,4.888400077819824,4.881183319091797,0.007216758728027628
2023-08-31,4.953800201416016,4.93384211063385,0.019958090782165705
2023-09-01,4.97629976272583,4.961079021453857,0.015220741271972926
2023-09-04,4.936200141906738,4.947659756660461,-0.011459614753722924
2023-09-05,4.966700077056885,4.956461301803589,0.010238775253295529
2023-09-06,4.977000236511231,4.976123339653015,0.0008768968582160142
2023-09-07,4.976099967956543,4.970456824302674,0.005643143653869309
2023-09-08,4.982999801635742,4.977554737091064,0.005445064544677969
2023-09-11,4.929399967193604,4.940971336364746,-0.011571369171141654
2023-09-12,4.946599960327148,4.931905026435852,0.01469493389129628
2023-09-13,4.91540002822876,4.930089521408081,-0.014689493179321111
2023-09-14,4.868199825286865,4.884871233940125,-0.016671408653259334
2023-09-15,4.867000102996826,4.867293710708618,-0.00029360771179209877
2023-09-18,4.853700160980225,4.861194494247436,-0.007494333267211495
2023-09-19,4.865799903869629,4.865477014541626,0.000322889328002951
2023-09-20,4.878799915313721,4.8777077102661135,0.0010922050476072087
2023-09-21,4.934899806976318,4.917470382690429,0.017429424285889006
2023-09-22,4.933899879455566,4.940251251220703,-0.006351371765136449
2023-09-25,4.968299865722656,4.955657529830932,0.01264233589172381
2023-09-26,4.986199855804443,4.986603176116943,-0.00040332031249956657
2023-09-27,5.042200088500977,5.015786967277527,0.026413121223449743
2023-09-28,5.032800197601318,5.039705639839172,-0.006905442237854054
2023-09-29,5.042799949645996,5.037657279014588,0.005142670631408386
2023-10-02,5.061500072479248,5.054518855094909,0.006981217384338656
2023-10-03,5.166299819946289,5.1189081754684445,0.04739164447784461
2023-10-04,5.154600143432617,5.154296514511109,0.00030362892150836984
2023-10-05,5.164999961853027,5.15407008934021,0.010929872512817518
2023-10-06,5.145699977874756,5.145722999572754,-2.302169799772713e-05
2023-10-09,5.135200023651123,5.126495673179626,0.00870435047149698
2023-10-10,5.051000118255615,5.084545150756836,-0.03354503250122054
2023-10-11,5.049600124359131,5.047433769226074,0.002166355133057074
2023-10-12,5.045899868011475,5.045384556770324,0.0005153112411502292
2023-10-13,5.048200130462647,5.0471104764938355,0.0010896539688118878
2023-10-16,5.037600040435791,5.041581431388855,-0.003981390953064157
2023-10-17,5.037399768829346,5.039154584884644,-0.0017548160552980363
2023-10-18,5.056099891662598,5.0514709768295285,0.004628914833069153
2023-10-19,5.062900066375732,5.062957637786865,-5.757141113260644e-05
2023-10-20,5.031300067901611,5.058781291007995,-0.0274812231063839
2023-10-23,5.01230001449585,5.018443841934204,-0.006143827438354066
2023-10-24,4.991000175476074,4.996598686218261,-0.005598510742187202
2023-10-25,4.994699954986572,4.987832213401794,0.006867741584778209
2023-10-26,4.985300064086914,4.983000286102295,0.0022997779846187782
2023-10-27,4.952030181884766,4.963951622962951,-0.011921441078185602
2023-10-30,5.04610013961792,5.011411960601807,0.034688179016113097
2023-10-31,5.03410005569458,5.035041521072388,-0.0009414653778074822
2023-11-01,4.953700065612793,4.983930886268616,-0.030230820655822832
2023-11-02,4.952899932861328,4.9479944648742675,0.004905467987060597
2023-11-03,4.899199962615967,4.915014004707336,-0.015814042091369274
2023-11-06,4.884099960327148,4.889878995895386,-0.005779035568237667
2023-11-07,4.871500015258789,4.881846223831177,-0.010346208572387994
2023-11-08,4.909299850463867,4.895983166694641,0.01331668376922579
2023-11-09,4.933899879455566,4.914701457977295,0.01919842147827122
2023-11-10,4.893379211425781,4.904707501411438,-0.011328289985656603
2023-11-13,4.906199932098389,4.898420708656311,0.0077792234420774875
2023-11-14,4.864500045776367,4.878183951377869,-0.013683905601501678
2023-11-15,4.860899925231934,4.861339537620545,-0.0004396123886110104
2023-11-16,4.862199783325195,4.863067584991455,-0.000867801666259993
2023-11-17,4.819177150726318,4.842317274093628,-0.02314012336730986
2023-11-20,4.851799964904785,4.845848850250244,0.005951114654541456
2023-11-21,4.8993000984191895,4.885709447860718,0.01359065055847175
2023-11-22,4.9054999351501465,4.901219269752502,0.004280665397644157
2023-11-23,4.902500152587891,4.904562331199646,-0.002062178611755172
2023-11-24,4.900899887084961,4.904186742782593,-0.003286855697631985
2023-11-27,4.895500183105469,4.896849155426025,-0.0013489723205566406
2023-11-28,4.869800090789795,4.883809766769409,-0.014009675979614222
2023-11-29,4.904099941253662,4.893967600822449,0.010132340431213471
2023-11-30,4.923099994659424,4.917153795242309,0.005946199417114606
2023-12-01,4.902159214019775,4.906645857810974,-0.004486643791199008
2023-12-04,4.9430999755859375,4.930519461631775,0.012580513954162598
2023-12-05,4.927700042724609,4.93305157661438,-0.005351533889770721
2023-12-06,4.901199817657471,4.906540874481201,-0.005341056823730206
2023-12-07,4.910099983215332,4.910983734130859,-0.0008837509155270595
2023-12-08,4.893286228179932,4.903623332023621,-0.010337103843689022
2023-12-11,4.936699867248535,4.922460753440857,0.014239113807677839
2023-12-12,4.964499950408936,4.946006838798523,0.01849311161041367
2023-12-13,4.918399810791016,4.935758744239807,-0.017358933448791802
2023-12-14,4.914599895477295,4.91005840587616,0.004541489601135318
2023-12-15,4.919657230377197,4.91499551486969,0.004661715507507047
2023-12-18,4.895899772644043,4.8998358554840085,-0.0039360828399654935
2023-12-19,4.866499900817871,4.872369389533997,-0.005869488716125915
2023-12-20,4.914599895477295,4.894351543426514,0.020248352050781016
2023-12-21,4.881800174713135,4.889346342086792,-0.007546167373657653
2023-12-22,4.86984395980835,4.872814024925232,-0.002970065116882026
2023-12-25,4.869743824005127,4.867327180862427,0.002416643142700181
2023-12-26,4.813499927520752,4.835309522628784,-0.021809595108032376
2023-12-27,4.826099872589111,4.832588664054871,-0.006488791465759647
2023-12-28,4.850200176239014,4.841712447166443,0.008487729072570893
2023-12-29,4.850500106811523,4.850863495826721,-0.00036338901519794575
2024-01-01,4.852399826049805,4.862598450660705,-0.010198624610900708
2024-01-02,4.922500133514404,4.903361553192139,0.019138580322265675
2024-01-03,4.9191999435424805,4.913476719856262,0.0057232236862185815
2024-01-04,4.895599842071533,4.901994354248047,-0.006394512176513878
2024-01-05,4.8606672286987305,4.870997842788697,-0.010330614089966161
2024-01-08,4.86899995803833,4.8774694786071775,-0.008469520568847422
2024-01-09,4.905099868774414,4.894875486373901,0.010224382400513043
2024-01-10,4.89139986038208,4.898061693191528,-0.00666183280944832
2024-01-11,4.869699954986572,4.88060765838623,-0.010907703399658075
2024-01-12,4.85290002822876,4.8661984167099,-0.0132983884811404
2024-01-15,4.862199783325195,4.869897072792053,-0.007697289466857882
2024-01-16,4.924900054931641,4.9034666242599485,0.021433430671692122
2024-01-17,4.934000015258789,4.92594119644165,0.008058818817138658
2024-01-18,4.92609977722168,4.9280814342498775,-0.0019816570281978585
2024-01-19,4.904642105102539,4.916347017288208,-0.011704912185669158
2024-01-22,4.98829984664917,4.957769989013672,0.030529857635498203
2024-01-23,4.952199935913086,4.9584429054260255,-0.006242969512939567
2024-01-24,4.932499885559082,4.937228580474853,-0.004728694915771214
2024-01-25,4.915800094604492,4.924851997375488,-0.0090519027709961
2024-01-26,4.913599967956543,4.921224388122559,-0.007624420166015611
2024-01-29,4.950200080871582,4.939178924560547,0.01102115631103473
2024-01-30,4.950300216674805,4.948270783424378,0.0020294332504269263
2024-01-31,4.951900005340576,4.9444201993942265,0.007479805946349671
2024-02-01,4.914999961853027,4.929896395683288,-0.014896433830260847
2024-02-02,4.932938098907471,4.93822682094574,-0.005288722038269356
2024-02-05,4.949943065643311,4.948339471817016,0.0016035938262950467
2024-02-06,4.962299823760986,4.952461285591125,0.009838538169860911
2024-02-07,4.969299793243408,4.965849255561829,0.0034505376815792133
2024-02-08,4.991899967193604,4.982082004547119,0.009817962646485157
2024-02-09,4.953100204467773,4.961770886421204,-0.008670681953430126
2024-02-12,4.952199935913086,4.954395964622497,-0.0021960287094113795
2024-02-13,4.952000141143799,4.951168652534485,0.0008314886093137019
2024-02-14,4.968299865722656,4.964840460777283,0.0034594049453735565
2024-02-15,4.972400188446045,4.973868304252624,-0.001468115806579462
2024-02-16,4.965099811553955,4.964469913482666,0.0006298980712893254
2024-02-19,4.956399917602539,4.958338547706604,-0.00193863010406492
2024-02-20,4.926400184631348,4.937479702949524,-0.01107951831817644
2024-02-21,4.934899806976318,4.9359664621353145,-0.001066655158996177
2024-02-22,4.962399959564209,4.9609155807495116,0.001484378814697429
2024-02-23,4.993500232696533,4.981789207458496,0.011711025238037465
2024-02-26,4.978899955749512,4.971068185806274,0.007831769943237532
2024-02-27,4.932400226593018,4.944862137794495,-0.012461911201476994
2024-02-28,4.967299938201904,4.959054676055908,0.00824526214599608
2024-02-29,4.969799995422363,4.970030028343201,-0.00023003292083778604
2024-03-01,4.952700138092041,4.961811855316162,-0.009111717224120852
2024-03-04,4.944900035858154,4.945361742973327,-0.0004617071151731267
2024-03-05,4.957099914550781,4.953484605789185,0.0036153087615966584
2024-03-06,4.943600177764893,4.946444669723511,-0.002844491958618356
2024-03-07,4.933800220489502,4.940709313392639,-0.006909092903137015
2024-03-08,4.977540016174316,4.96451016330719,0.013029852867126657
2024-03-11,4.977399826049805,4.973284223556519,0.004115602493286019
2024-03-12,4.968699932098389,4.971676511764526,-0.0029765796661376243
2024-03-13,4.969200134277344,4.9737658672332765,-0.004565732955932766
2024-03-14,4.992700099945068,4.986103807449341,0.006596292495727241
2024-03-15,4.968047142028809,4.971682928085327,-0.0036357860565185973
2024-03-18,5.029399871826172,5.011725266456604,0.01767460536956822
2024-03-19,5.03000020980835,5.018678198814392,0.011322010993957576
2024-03-20,4.96619987487793,4.985370121955872,-0.019170247077942015
2024-03-21,4.974500179290772,4.97794132900238,-0.003441149711608027
2024-03-22,5.000899791717529,4.993260896682739,0.007638895034790316
2024-03-25,4.9721999168396,4.979660443305969,-0.007460526466369188
2024-03-26,4.9756999015808105,4.980798524856567,-0.0050986232757566086
2024-03-27,4.990300178527832,4.99034008026123,-3.990173339829539e-05
2024-03-28,5.014100074768066,5.004830822944641,0.009269251823424973
2024-03-29,5.013199806213379,5.012113881111145,0.001085925102233709
2024-04-01,5.053599834442139,5.038052274703979,0.015547559738159578
2024-04-02,5.06440019607544,5.057335547447204,0.007064648628236192
2024-04-03,5.038599967956543,5.053213719367981,-0.014613751411437725
2024-04-04,5.057400226593018,5.050706337928772,0.006693888664245584
2024-04-05,5.054900169372559,5.053558888435364,0.0013412809371944334
2024-04-08,5.023900032043457,5.036716940879821,-0.012816908836364327
2024-04-09,5.007599830627441,5.020244130134582,-0.012644299507140744
2024-04-10,5.066199779510498,5.0514176692962645,0.01478211021423359
2024-04-11,5.090400218963623,5.075381839752198,0.015018379211425348
2024-04-12,5.117099761962891,5.112711114883423,0.0043886470794678445
2024-04-15,5.183700084686279,5.157948921203613,0.02575116348266615
2024-04-16,5.2855000495910645,5.252473693847656,0.03302635574340851
2024-04-17,5.232600212097168,5.239186995506286,-0.006586783409118446
2024-04-18,5.241700172424316,5.231628781318665,0.010071391105651806
2024-04-19,5.206200122833252,5.214931445121765,-0.008731322288513255
2024-04-22,5.1656999588012695,5.181716578483582,-0.01601661968231216
2024-04-23,5.130499839782715,5.149141269683838,-0.018641429901123274
2024-04-24,5.145500183105469,5.144662380218506,0.0008378028869628906
