Data,Real,Previsto,Residuo
2016-06-10,3.415800094604492,3.4724958,-0.05669569969177246
2016-06-13,3.477299928665161,3.472631,0.0046689510345458984
2016-06-14,3.475100040435791,3.4726143,0.0024857521057128906
2016-06-15,3.469300031661988,3.4726422,-0.003342151641844815
2016-06-16,3.461199998855591,3.4723933,-0.011193275451660156
2016-06-17,3.412800073623657,3.4729645,-0.06016445159912154
2016-06-20,3.391700029373169,3.4739246,-0.08222460746765137
2016-06-21,3.412100076675415,3.4748163,-0.06271624565124512
2016-06-22,3.374300003051758,3.4757266,-0.10142660140991211
2016-06-23,3.336999893188477,3.4768715,-0.13987159729003862
2016-06-24,3.3677000999450684,3.4774551,-0.10975503921508789
2016-06-27,3.3893001079559326,3.4774215,-0.08812141418457031
2016-06-28,3.302500009536743,3.4776511,-0.17515110969543457
2016-06-29,3.237600088119507,3.478497,-0.24089694023132324
2016-06-30,3.205899953842163,3.4788432,-0.27294325828552246
2016-07-01,3.230600118637085,3.4809163,-0.25031614303588867
2016-07-04,3.2885000705718994,3.4818254,-0.19332528114318848
2016-07-05,3.299099922180176,3.4817543,-0.18265438079833984
2016-07-06,3.32699990272522,3.4815724,-0.15457248687744096
2016-07-07,3.3610999584198,3.480585,-0.11948513984680176
2016-07-08,3.2976999282836914,3.479797,-0.1820969581604004
2016-07-11,3.3071999549865723,3.4790246,-0.17182469367980957
2016-07-12,3.2934999465942383,3.478877,-0.1853771209716797
2016-07-13,3.2616000175476074,3.478044,-0.2164440155029297
2016-07-14,3.2483999729156494,3.477735,-0.22933506965637207
2016-07-15,3.276599884033203,3.4775274,-0.2009274959564209
2016-07-18,3.2493999004364014,3.4771981,-0.2277982234954834
2016-07-19,3.247900009155273,3.476849,-0.22894906997680708
2016-07-20,3.252700090408325,3.4765303,-0.2238302230834961
2016-07-21,3.2685999870300293,3.4762204,-0.20762038230895996
2016-07-22,3.251499891281128,3.4757676,-0.22426772117614746
2016-07-25,3.282099962234497,3.4751546,-0.1930546760559082
2016-07-26,3.2699999809265137,3.4745603,-0.2045602798461914
2016-07-27,3.2585999965667725,3.4737902,-0.21519017219543457
2016-07-28,3.281899929046631,3.4729044,-0.19100451469421387
2016-07-29,3.24620008468628,3.4724164,-0.22621631622314364
2016-08-01,3.2583999633789062,3.4711952,-0.21279525756835938
2016-08-02,3.2527999877929688,3.4706771,-0.21787714958190918
2016-08-03,3.234600067138672,3.4710996,-0.23649954795837402
2016-08-04,3.1868999004364014,3.472179,-0.2852790355682373
2016-08-05,3.1607000827789307,3.4732063,-0.31250619888305664
2016-08-08,3.168600082397461,3.474711,-0.30611085891723633
2016-08-09,3.142899990081787,3.4760172,-0.3331172466278076
2016-08-10,3.1247000694274902,3.4768531,-0.35215306282043457
2016-08-11,3.138999938964844,3.4782958,-0.33929586410522417
2016-08-12,3.190500020980835,3.4799335,-0.28943347930908203
2016-08-15,3.184799909591675,3.4818158,-0.297015905380249
2016-08-16,3.201200008392334,3.4837453,-0.2825453281402588
2016-08-17,3.2047998905181885,3.4854555,-0.2806556224822998
2016-08-18,3.2379000186920166,3.4873064,-0.2494063377380371
2016-08-19,3.2044999599456787,3.4888957,-0.284395694732666
2016-08-22,3.198699951171875,3.4895172,-0.2908172607421875
2016-08-23,3.2355000972747803,3.490305,-0.2548048496246338
2016-08-24,3.223299980163574,3.4904683,-0.2671682834625244
2016-08-25,3.228300094604492,3.490724,-0.2624239921569824
2016-08-26,3.2641000747680664,3.4909568,-0.22685670852661133
2016-08-29,3.22760009765625,3.4909925,-0.26339244842529297
2016-08-30,3.236799955368042,3.490914,-0.25411415100097656
2016-08-31,3.2260000705718994,3.4902186,-0.2642185688018799
2016-09-01,3.253200054168701,3.4843352,-0.23113512992858887
2016-09-02,3.256099939346313,3.4801748,-0.22407484054565474
2016-09-05,3.267199993133545,3.4767675,-0.20956754684448242
2016-09-06,3.1963000297546387,3.4740825,-0.2777824401855469
2016-09-07,3.190700054168701,3.4721813,-0.2814812660217285
2016-09-08,3.214900016784668,3.4713788,-0.25647878646850586
2016-09-09,3.271699905395508,3.470313,-0.19861316680908203
2016-09-12,3.246900081634521,3.4693837,-0.2224836349487309
2016-09-13,3.3141000270843506,3.468383,-0.1542830467224121
2016-09-14,3.3434998989105225,3.4672015,-0.12370157241821289
2016-09-15,3.299799919128418,3.466475,-0.16667509078979492
2016-09-16,3.265500068664551,3.4657135,-0.20021343231201172
2016-09-19,3.271199941635132,3.465237,-0.19403696060180664
2016-09-20,3.256099939346313,3.4650261,-0.20892620086669966
2016-09-21,3.20959997177124,3.465448,-0.25584793090820357
2016-09-22,3.2170000076293945,3.4662445,-0.24924445152282715
2016-09-23,3.2432000637054443,3.466571,-0.22337102890014648
2016-09-26,3.240600109100342,3.4672732,-0.22667312622070312
2016-09-27,3.232599973678589,3.4673696,-0.23476958274841309
2016-09-28,3.2177999019622803,3.4683013,-0.2505013942718506
2016-09-29,3.259299993515014,3.4692717,-0.20997166633606001
2016-09-30,3.25979995727539,3.4699993,-0.210199356079102
2016-10-03,3.208699941635132,3.4733646,-0.2646646499633789
2016-10-04,3.254499912261963,3.4755187,-0.22101879119873047
2016-10-05,3.2184998989105225,3.477096,-0.25859618186950684
2016-10-06,3.2272000312805176,3.478284,-0.2510838508605957
2016-10-07,3.219300031661988,3.4789228,-0.2596228122711173
2016-10-10,3.202699899673462,3.479383,-0.27668309211730957
2016-10-11,3.1958999633789062,3.4797628,-0.283862829208374
2016-10-12,3.200700044631958,3.4795778,-0.27887773513793945
2016-10-13,3.177299976348877,3.4794228,-0.3021228313446045
2016-10-14,3.20199990272522,3.4791968,-0.277196884155273
2016-10-17,3.204200029373169,3.4790034,-0.27480340003967285
2016-10-18,3.1816999912261963,3.478961,-0.29726099967956543
2016-10-19,3.166100025177002,3.4792023,-0.31310224533081055
2016-10-20,3.1391000747680664,3.4789295,-0.3398294448852539
2016-10-21,3.148900032043457,3.4787912,-0.3298912048339844
2016-10-24,3.124500036239624,3.4784667,-0.35396671295166016
2016-10-25,3.1103999614715576,3.478054,-0.36765408515930176
2016-10-26,3.138799905776977,3.4774551,-0.33865523338317916
2016-10-27,3.165299892425537,3.4771745,-0.3118746280670166
2016-10-28,3.2030999660491943,3.4766862,-0.2735862731933594
2016-10-31,3.198199987411499,3.4759076,-0.277707576751709
2016-11-01,3.235100030899048,3.473669,-0.23856902122497559
2016-11-02,3.2525999546051025,3.4716935,-0.21909356117248535
2016-11-03,3.2583999633789062,3.470088,-0.21168804168701172
2016-11-04,3.232300043106079,3.4687788,-0.2364788055419922
2016-11-07,3.200900077819824,3.4682364,-0.267336368560791
2016-11-08,3.168100118637085,3.468226,-0.3001258373260498
2016-11-09,3.2330000400543213,3.468226,-0.23522591590881348
2016-11-10,3.3956000804901123,3.4678602,-0.07226014137268066
2016-11-11,3.390000104904175,3.4670691,-0.07706904411315918
2016-11-14,3.4402999877929688,3.4662733,-0.02597332000732422
2016-11-15,3.441699981689453,3.4664288,-0.024728775024414062
2016-11-16,3.450700044631958,3.4666898,-0.01598978042602539
2016-11-17,3.4323999881744385,3.4667778,-0.0343778133392334
2016-11-18,3.382299900054932,3.4670248,-0.08472490310668901
2016-11-21,3.387399911880493,3.4678679,-0.08046793937683105
2016-11-22,3.363600015640259,3.4689553,-0.10535526275634766
2016-11-23,3.4310998916625977,3.4699268,-0.038826942443847656
2016-11-24,3.390700101852417,3.4703467,-0.07964658737182617
2016-11-25,3.4210000038146973,3.4703736,-0.049373626708984375
2016-11-28,3.40720009803772,3.4709425,-0.0637423992156978
2016-11-29,3.4537999629974365,3.4704971,-0.016697168350219727
2016-11-30,3.406300067901612,3.471465,-0.06516504287719638
2016-12-01,3.572999954223633,3.4735029,0.09949707984924316
2016-12-02,3.4746999740600586,3.4752634,-0.0005633831024169922
2016-12-05,3.4200000762939453,3.4765968,-0.05659675598144531
2016-12-06,3.406300067901612,3.4775348,-0.07123470306396396
2016-12-07,3.381599903106689,3.4778624,-0.09626245498657271
2016-12-08,3.373699903488159,3.4782772,-0.10457730293273926
2016-12-09,3.377000093460083,3.4784863,-0.1014862060546875
2016-12-12,3.337300062179565,3.4787471,-0.14144706726074263
2016-12-13,3.334199905395508,3.4787188,-0.14451885223388672
2016-12-14,3.36899995803833,3.4780183,-0.10901832580566406
2016-12-15,3.3657000064849854,3.4772408,-0.1115407943725586
2016-12-16,3.390399932861328,3.476855,-0.08645510673522949
2016-12-19,3.363899946212769,3.4762597,-0.11235976219177202
2016-12-20,3.353100061416626,3.4757419,-0.12264180183410645
2016-12-21,3.325400114059448,3.4754739,-0.15007376670837447
2016-12-22,3.28629994392395,3.4753175,-0.18901753425598145
2016-12-23,3.2695000171661377,3.475251,-0.2057509422302246
2016-12-26,3.269599914550781,3.4754593,-0.20585942268371626
2016-12-27,3.269399881362915,3.47578,-0.20638012886047363
2016-12-28,3.282500028610229,3.4763377,-0.19383764266967818
2016-12-29,3.2523000240325928,3.476769,-0.22446894645690918
2016-12-30,3.253200054168701,3.4771059,-0.2239058017730713
2017-01-02,3.2839999198913574,3.4778376,-0.19383764266967773
2017-01-03,3.263499975204468,3.4787104,-0.21521043777465776
2017-01-04,3.214099884033203,3.4797177,-0.26561784744262695
2017-01-05,3.197700023651123,3.4806666,-0.28296661376953125
2017-01-06,3.2221999168396,3.48134,-0.25914001464843706
2017-01-09,3.195499897003174,3.4812832,-0.2857832908630371
2017-01-10,3.194499969482422,3.4809732,-0.28647327423095703
2017-01-11,3.1963000297546387,3.4811296,-0.28482961654663086
2017-01-12,3.186800003051758,3.4813757,-0.29457569122314453
2017-01-13,3.186800003051758,3.481142,-0.294342041015625
2017-01-16,3.240499973297119,3.4810693,-0.2405693531036377
2017-01-17,3.2098000049591064,3.48108,-0.27128005027770996
2017-01-18,3.229599952697754,3.480622,-0.2510221004486084
2017-01-19,3.1949000358581543,3.4803574,-0.2854573726654053
2017-01-20,3.1422998905181885,3.4803934,-0.33809351921081543
2017-01-23,3.1617000102996826,3.4807568,-0.31905674934387207
2017-01-24,3.1686999797821045,3.4811733,-0.3124732971191406
2017-01-25,3.1684999465942383,3.4813614,-0.31286144256591797
2017-01-26,3.176100015640259,3.4819095,-0.30580949783325195
2017-01-27,3.109600067138672,3.4821281,-0.372528076171875
2017-01-30,3.125499963760376,3.4819655,-0.35646557807922363
2017-01-31,3.150099992752075,3.4818087,-0.3317086696624756
2017-02-01,3.128000020980835,3.4801273,-0.3521273136138916
2017-02-02,3.122499942779541,3.4781923,-0.35569238662719727
2017-02-03,3.119499921798706,3.4764457,-0.3569457530975342
2017-02-06,3.1136999130249023,3.4745684,-0.3608684539794922
2017-02-07,3.1166999340057373,3.4727023,-0.3560023307800293
2017-02-08,3.115900039672852,3.471322,-0.35542201995849565
2017-02-09,3.1287999153137207,3.4703555,-0.3415555953979492
2017-02-10,3.107100009918213,3.4699914,-0.36289143562316895
2017-02-13,3.110100030899048,3.469591,-0.35949087142944336
2017-02-14,3.081199884414673,3.4693837,-0.3881838321685791
2017-02-15,3.0560998916625977,3.469315,-0.41321516036987305
2017-02-16,3.087500095367432,3.4694245,-0.38192439079284624
2017-02-17,3.095499992370605,3.469457,-0.3739569187164311
2017-02-20,3.0855000019073486,3.4696648,-0.38416481018066406
2017-02-21,3.093899965286255,3.4700298,-0.3761298656463623
2017-02-22,3.062299966812134,3.4701684,-0.4078683853149414
2017-02-23,3.06030011177063,3.4700024,-0.4097023010253906
2017-02-24,3.094599962234497,3.4692712,-0.37467122077941895
2017-02-27,3.105299949645996,3.46872,-0.3634200096130371
2017-02-28,3.1080000400543213,3.468299,-0.36029887199401855
2017-03-01,3.088200092315674,3.4689376,-0.3807375431060791
2017-03-02,3.154599905014038,3.47101,-0.3164100646972656
2017-03-03,3.119999885559082,3.4746583,-0.3546583652496338
2017-03-06,3.137200117111206,3.4788992,-0.34169912338256836
2017-03-07,3.115900039672852,3.4832482,-0.367348194122314
2017-03-08,3.1593000888824463,3.4864216,-0.3271214962005615
2017-03-09,3.1912999153137207,3.489164,-0.2978641986846924
2017-03-10,3.1475000381469727,3.4914806,-0.3439805507659912
2017-03-13,3.152400016784668,3.4938262,-0.34142613410949707
2017-03-14,3.1637001037597656,3.4956388,-0.3319387435913086
2017-03-15,3.099900007247925,3.4979267,-0.398026704788208
2017-03-16,3.11929988861084,3.5000129,-0.38071298599243164
2017-03-17,3.0866000652313232,3.5015464,-0.4149463176727295
2017-03-20,3.071000099182129,3.5028372,-0.4318370819091797
2017-03-21,3.086800098419189,3.5033703,-0.4165701866149907
2017-03-22,3.0848000049591064,3.5039845,-0.41918444633483887
2017-03-23,3.138099908828736,3.504445,-0.36634516716003374
2017-03-24,3.1096999645233154,3.5050364,-0.395336389541626
2017-03-27,3.125200033187866,3.5056162,-0.3804161548614502
2017-03-28,3.138400077819824,3.5064092,-0.368009090423584
2017-03-29,3.122100114822388,3.5077639,-0.38566374778747514
2017-03-30,3.147700071334839,3.5092435,-0.3615434169769287
2017-03-31,3.121799945831299,3.510629,-0.38882899284362793
2017-04-03,3.11299991607666,3.5068698,-0.39386987686157227
2017-04-04,3.095599889755249,3.5029895,-0.40738964080810547
2017-04-05,3.1196000576019287,3.4984798,-0.3788797855377197
2017-04-06,3.1414999961853027,3.49396,-0.3524599075317383
2017-04-07,3.144700050354004,3.4900074,-0.3453073501586914
2017-04-10,3.131799936294556,3.4868174,-0.3550174236297603
2017-04-11,3.1368000507354736,3.4841752,-0.34737515449523926
2017-04-12,3.123500108718872,3.4815927,-0.3580925464630127
2017-04-13,3.142400026321411,3.478966,-0.3365659713745117
2017-04-14,3.143699884414673,3.4764144,-0.3327145576477051
2017-04-17,3.130300045013428,3.474437,-0.3441369533538814
2017-04-18,3.1064999103546143,3.472756,-0.3662559986114502
2017-04-19,3.1482999324798584,3.4705138,-0.32221388816833496
2017-04-20,3.14709997177124,3.4684758,-0.3213758468627934
2017-04-21,3.1468000411987305,3.466656,-0.3198559284210205
2017-04-24,3.127000093460083,3.4649367,-0.3379366397857666
2017-04-25,3.147200107574463,3.4637728,-0.3165726661682129
2017-04-26,3.171099901199341,3.462869,-0.29176902770996094
2017-04-27,3.1810998916625977,3.4618874,-0.28078746795654297
2017-04-28,3.176100015640259,3.461385,-0.28528499603271484
2017-05-01,3.175100088119507,3.4646473,-0.2895472049713135
2017-05-02,3.1501998901367188,3.4678273,-0.3176274299621582
2017-05-03,3.162100076675415,3.4711478,-0.3090476989746094
2017-05-04,3.184900045394897,3.4734035,-0.2885034084320073
2017-05-05,3.1777000427246094,3.475957,-0.29825687408447266
2017-05-08,3.1963999271392822,3.4783936,-0.2819936275482178
2017-05-09,3.186800003051758,3.4806128,-0.29381275177001953
2017-05-10,3.165699958801269,3.4833274,-0.31762742996215865
2017-05-11,3.138999938964844,3.4859872,-0.34698724746704057
2017-05-12,3.1777000427246094,3.4885087,-0.3108086585998535
2017-05-15,3.1082000732421875,3.4911642,-0.3829641342163086
2017-05-16,3.0957999229431152,3.4935088,-0.3977088928222656
2017-05-17,3.1333999633789062,3.4955451,-0.36214518547058105
2017-05-18,3.36899995803833,3.4957368,-0.12673687934875488
2017-05-19,3.2532999515533447,3.495996,-0.24269604682922363
2017-05-22,3.265399932861328,3.4961047,-0.23070478439331055
2017-05-23,3.2685999870300293,3.4965863,-0.22798633575439453
2017-05-24,3.274199962615967,3.4971232,-0.22292327880859375
2017-05-25,3.2734999656677246,3.4967794,-0.22327947616577148
2017-05-26,3.1777000427246094,3.4969234,-0.31922340393066406
2017-05-29,3.255399942398072,3.4968777,-0.24147772789001376
2017-05-30,3.256200075149536,3.496798,-0.24059796333312988
2017-05-31,3.225100040435791,3.4959917,-0.2708916664123535
2017-06-01,3.249000072479248,3.488462,-0.23946189880371094
2017-06-02,3.2492001056671143,3.4831114,-0.23391127586364746
2017-06-05,3.296099901199341,3.4794383,-0.18333840370178223
2017-06-06,3.276000022888184,3.477231,-0.20123100280761674
2017-06-07,3.2672998905181885,3.4752011,-0.2079012393951416
2017-06-08,3.2595999240875244,3.4737978,-0.21419787406921387
2017-06-09,3.1777000427246094,3.4728575,-0.29515743255615234
2017-06-12,3.316699981689453,3.4722142,-0.15551424026489258
2017-06-13,3.3143999576568604,3.4720218,-0.1576218605041504
2017-06-14,3.272599935531616,3.471747,-0.19914698600769043
2017-06-15,3.273600101470948,3.4716225,-0.19802236557006747
2017-06-16,3.288599967956543,3.4716654,-0.18306541442871094
2017-06-19,3.281100034713745,3.4717097,-0.19060969352722168
2017-06-20,3.325500011444092,3.471434,-0.1459341049194336
2017-06-21,3.333400011062622,3.4709399,-0.13753986358642578
2017-06-22,3.3396999835968018,3.4707055,-0.13100552558898926
2017-06-23,3.3415000438690186,3.470581,-0.12908101081848145
2017-06-26,3.294800043106079,3.4709108,-0.17611074447631836
2017-06-27,3.312000036239624,3.4715247,-0.15952467918395996
2017-06-28,3.2795000076293945,3.4722354,-0.1927354335784912
2017-06-29,3.3027000427246094,3.4732382,-0.17053818702697754
2017-06-30,3.1777000427246094,3.4745858,-0.29688572883605957
2017-07-03,3.30049991607666,3.4808748,-0.1803748607635498
2017-07-04,3.309200048446656,3.4849484,-0.1757483482360831
2017-07-05,3.2869999408721924,3.4871933,-0.2001934051513672
2017-07-06,3.297300100326538,3.4885764,-0.19127631187438965
2017-07-07,3.1777000427246094,3.4888544,-0.3111543655395508
2017-07-10,3.2530999183654785,3.4890714,-0.23597145080566406
2017-07-12,3.2067999839782715,3.4897685,-0.28296852111816406
2017-07-13,3.2100000381469727,3.4905987,-0.28059864044189453
2017-07-14,3.1777000427246094,3.4913023,-0.3136022090911865
2017-07-17,3.1812000274658203,3.4916801,-0.31048011779785156
2017-07-18,3.1526999473571777,3.4920483,-0.33934831619262695
2017-07-19,3.147700071334839,3.4924192,-0.34471917152404785
2017-07-20,3.1184000968933105,3.4925458,-0.3741457462310791
2017-07-21,3.1777000427246094,3.492266,-0.31456589698791504
2017-07-24,3.144399881362915,3.4922254,-0.3478255271911621
2017-07-25,3.1712000370025635,3.4927034,-0.3215034008026123
2017-07-26,3.137500047683716,3.4932587,-0.3557586669921875
2017-07-27,3.152600049972534,3.4938583,-0.34125828742980957
2017-07-28,3.1777000427246094,3.4946034,-0.31690335273742676
2017-07-31,3.1257998943328857,3.495622,-0.36982202529907227
2017-08-01,3.12280011177063,3.4982138,-0.3754136562347412
2017-08-02,3.1122000217437744,3.501615,-0.38941502571105957
2017-08-03,3.111500024795532,3.5052128,-0.3937127590179448
2017-08-04,3.129300117492676,3.5090141,-0.3797140121459961
2017-08-07,3.1242001056671143,3.5129075,-0.38870739936828613
2017-08-08,3.1259000301361084,3.5165734,-0.3906733989715576
2017-08-09,3.1522998809814453,3.5199769,-0.3676769733428955
2017-08-10,3.1735999584198,3.5226727,-0.3490726947784424
2017-08-11,3.1777000427246094,3.5250633,-0.3473632335662842
2017-08-14,3.1872000694274902,3.5270853,-0.33988523483276367
2017-08-15,3.16759991645813,3.5290918,-0.3614919185638428
2017-08-16,3.151400089263916,3.530779,-0.3793787956237793
2017-08-17,3.17330002784729,3.5323188,-0.35901880264282227
2017-08-18,3.1777000427246094,3.534123,-0.35642290115356445
2017-08-21,3.1630001068115234,3.535479,-0.3724789619445801
2017-08-22,3.1605000495910645,3.5371494,-0.3766493797302246
2017-08-23,3.1393001079559326,3.5391688,-0.3998687267303467
2017-08-24,3.1465001106262207,3.5410254,-0.39452528953552246
2017-08-25,3.158699989318848,3.5428689,-0.38416886329650834
2017-08-28,3.165800094604492,3.5442517,-0.3784515857696533
2017-08-29,3.1642000675201416,3.545591,-0.3813910484313965
2017-08-30,3.158799886703491,3.546598,-0.3877980709075928
2017-08-31,3.1459999084472656,3.5478187,-0.40181875228881836
2017-09-01,3.1777000427246094,3.5474486,-0.369748592376709
2017-09-04,3.139400005340576,3.5470605,-0.40766048431396484
2017-09-05,3.115799903869629,3.5464387,-0.43063879013061523
2017-09-06,3.097899913787842,3.546031,-0.44813108444213867
2017-09-07,3.097599983215332,3.5454922,-0.4478921890258789
2017-09-08,3.1777000427246094,3.5447512,-0.3670511245727539
2017-09-11,3.0996999740600586,3.544658,-0.444957971572876
2017-09-12,3.121900081634521,3.5449216,-0.42302155494689986
2017-09-13,3.131599903106689,3.545743,-0.41414308547973677
2017-09-14,3.1180999279022217,3.5467925,-0.4286925792694092
2017-09-15,3.1096999645233154,3.5481718,-0.43847179412841797
2017-09-18,3.1349000930786133,3.549656,-0.41475582122802734
2017-09-19,3.1328001022338867,3.550997,-0.4181969165802002
2017-09-20,3.130599975585937,3.5524995,-0.4218995571136479
2017-09-21,3.134500026702881,3.5538263,-0.4193263053894043
2017-09-22,3.123500108718872,3.554944,-0.4314439296722412
2017-09-25,3.157299995422364,3.5559912,-0.3986911773681632
2017-09-26,3.1638998985290527,3.5566812,-0.39278125762939453
2017-09-27,3.19190001487732,3.5571,-0.36520004272460893
2017-09-28,3.1809000968933105,3.5571718,-0.37627172470092773
2017-09-29,3.1633999347686768,3.557362,-0.39396214485168457
2017-10-02,3.152899980545044,3.5615273,-0.4086272716522217
2017-10-03,3.1407999992370605,3.5660188,-0.4252188205718994
2017-10-04,3.13319993019104,3.5704155,-0.43721556663513184
2017-10-05,3.152400016784668,3.5749824,-0.42258238792419434
2017-10-06,3.1554999351501465,3.5790253,-0.423525333404541
2017-10-09,3.186800003051758,3.5828896,-0.3960895538330078
2017-10-10,3.177799940109253,3.587152,-0.40935206413269043
2017-10-11,3.1696999073028564,3.5912554,-0.4215555191040039
2017-10-12,3.1689999103546143,3.595019,-0.42601919174194336
2017-10-13,3.146199941635132,3.5987813,-0.45258140563964844
2017-10-16,3.170300006866455,3.6022706,-0.43197059631347656
2017-10-17,3.156100034713745,3.6052194,-0.44911932945251465
2017-10-18,3.170099973678589,3.607918,-0.4378180503845215
2017-10-19,3.164900064468384,3.6100645,-0.44516444206237793
2017-10-20,3.1909000873565674,3.6119075,-0.4210073947906494
2017-10-23,3.2344000339508057,3.6133034,-0.3789033889770508
2017-10-24,3.2425999641418457,3.6147642,-0.372164249420166
2017-10-25,3.2311999797821045,3.61612,-0.3849201202392578
2017-10-26,3.2864999771118164,3.6176872,-0.33118724822998047
2017-10-27,3.234800100326538,3.6197736,-0.38497352600097656
2017-10-30,3.287300109863281,3.6217518,-0.3344516754150395
2017-10-31,3.269599914550781,3.623473,-0.3538730144500737
2017-11-01,3.266200065612793,3.6215394,-0.35533928871154785
2017-11-02,3.2646000385284424,3.618733,-0.35413289070129395
2017-11-03,3.29259991645813,3.6151903,-0.32259035110473633
2017-11-06,3.247900009155273,3.6116295,-0.3637294769287114
2017-11-07,3.2701001167297363,3.6073334,-0.337233304977417
2017-11-08,3.251300096511841,3.603391,-0.35209083557128906
2017-11-09,3.248699903488159,3.5994692,-0.3507692813873291
2017-11-10,3.276400089263916,3.5953496,-0.31894946098327637
2017-11-13,3.275899887084961,3.5914822,-0.315582275390625
2017-11-14,3.3118999004364014,3.5872607,-0.2753608226776123
2017-11-15,3.2706000804901123,3.58355,-0.31294989585876465
2017-11-17,3.254499912261963,3.5808983,-0.3263983726501465
2017-11-20,3.253999948501587,3.5788229,-0.32482290267944336
2017-11-21,3.257299900054932,3.577514,-0.3202140331268306
2017-11-22,3.222899913787842,3.5768862,-0.3539862632751465
2017-11-23,3.22029995918274,3.576582,-0.35628199577331454
2017-11-24,3.232899904251098,3.5764523,-0.34355235099792525
2017-11-27,3.2263998985290527,3.5761213,-0.34972143173217773
2017-11-28,3.209700107574463,3.5757701,-0.366070032119751
2017-11-29,3.244800090789795,3.574976,-0.33017587661743164
2017-11-30,3.271199941635132,3.5739017,-0.3027017116546631
2017-12-01,3.2574000358581543,3.5745566,-0.3171565532684326
2017-12-04,3.2425999641418457,3.5753274,-0.33272743225097656
2017-12-05,3.240299940109253,3.5762918,-0.33599185943603516
2017-12-06,3.234299898147583,3.5771298,-0.34282994270324707
2017-12-07,3.2871999740600586,3.578417,-0.2912170886993408
2017-12-08,3.287800073623657,3.5802653,-0.29246520996093794
2017-12-11,3.303299903869629,3.58267,-0.2793700695037842
2017-12-12,3.303100109100342,3.5853717,-0.2822716236114502
2017-12-13,3.3085999488830566,3.5878901,-0.27929019927978516
2017-12-14,3.340399980545044,3.5904043,-0.25000429153442383
2017-12-15,3.2920000553131104,3.5928006,-0.3008005619049072
2017-12-18,3.290499925613404,3.595273,-0.3047730922698966
2017-12-19,3.2885000705718994,3.5976818,-0.30918169021606445
2017-12-20,3.296499967575073,3.6002305,-0.30373048782348677
2017-12-21,3.30679988861084,3.603185,-0.2963850498199463
2017-12-22,3.338000059127808,3.606216,-0.26821589469909624
2017-12-25,3.3355000019073486,3.6093216,-0.2738215923309326
2017-12-26,3.3097000122070312,3.6124532,-0.302753210067749
2017-12-27,3.3132998943328857,3.6154046,-0.3021047115325928
2017-12-28,3.311100006103516,3.6182785,-0.3071784973144527
2017-12-29,3.3076000213623047,3.621064,-0.3134639263153076
2018-01-01,3.311000108718872,3.6232593,-0.3122591972351074
2018-01-02,3.2578001022338867,3.625746,-0.36794590950012207
2018-01-03,3.2355000972747803,3.6286368,-0.39313673973083496
2018-01-04,3.233099937438965,3.6317177,-0.3986177444458008
2018-01-05,3.226599931716919,3.6346908,-0.40809082984924316
2018-01-08,3.239000082015991,3.6377354,-0.39873528480529785
2018-01-09,3.246799945831299,3.6407616,-0.39396166801452637
2018-01-10,3.2263998985290527,3.643489,-0.41708898544311523
2018-01-11,3.214200019836426,3.6463456,-0.4321455955505371
2018-01-12,3.200700044631958,3.6492665,-0.4485664367675781
2018-01-15,3.213200092315674,3.652121,-0.4389209747314453
2018-01-16,3.2227001190185547,3.654753,-0.4320528507232666
2018-01-17,3.2221999168396,3.6576674,-0.43546748161315874
2018-01-18,3.2051000595092773,3.660518,-0.4554178714752197
2018-01-19,3.194700002670288,3.6631045,-0.46840453147888184
2018-01-22,3.200700044631958,3.665781,-0.46508097648620605
2018-01-23,3.2355000972747803,3.6683593,-0.4328591823577881
2018-01-24,3.1451001167297363,3.672073,-0.526972770690918
2018-01-25,3.146899938583374,3.676262,-0.5293619632720947
2018-01-26,3.151000022888184,3.681002,-0.5300018787384029
2018-01-29,3.153599977493286,3.6853025,-0.5317025184631348
2018-01-30,3.179500102996826,3.6887786,-0.5092785358428955
2018-01-31,3.1847000122070312,3.6919405,-0.5072405338287354
2018-02-01,3.1637001037597656,3.695488,-0.5317878723144531
2018-02-02,3.215399980545044,3.6981902,-0.4827902317047119
2018-02-05,3.2611000537872314,3.6989114,-0.43781137466430664
2018-02-06,3.2334001064300537,3.6990738,-0.46567368507385254
2018-02-07,3.26990008354187,3.6982603,-0.4283602237701416
2018-02-08,3.284600019454956,3.6965666,-0.41196656227111816
2018-02-09,3.290800094604492,3.6937375,-0.4029374122619629
2018-02-12,3.2939999103546143,3.6913123,-0.3973124027252197
2018-02-13,3.2941999435424805,3.6895928,-0.39539289474487305
2018-02-14,3.216200113296509,3.6890402,-0.4728400707244873
2018-02-15,3.2263998985290527,3.6895375,-0.4631376266479492
2018-02-16,3.228199958801269,3.6907504,-0.4625504016876225
2018-02-19,3.233099937438965,3.69236,-0.4592599868774414
2018-02-20,3.254300117492676,3.6944528,-0.440152645111084
2018-02-21,3.2676000595092773,3.6966443,-0.429044246673584
2018-02-22,3.248699903488159,3.6992402,-0.45054030418395996
2018-02-23,3.2372000217437744,3.7022886,-0.4650886058807373
2018-02-26,3.2225000858306885,3.7057624,-0.483262300491333
2018-02-27,3.248500108718872,3.7087953,-0.4602952003479004
2018-02-28,3.244800090789795,3.7105353,-0.46573519706726074
2018-03-01,3.25,3.7112072,-0.46120715141296387
2018-03-02,3.249599933624268,3.712723,-0.4631230831146236
2018-03-05,3.240999937057495,3.7161317,-0.4751317501068115
2018-03-06,3.2079999446868896,3.720728,-0.5127279758453369
2018-03-07,3.2428998947143555,3.725721,-0.482820987701416
2018-03-08,3.2660999298095703,3.730789,-0.4646890163421631
2018-03-09,3.256099939346313,3.737235,-0.4811351299285893
2018-03-12,3.2602999210357666,3.7442245,-0.48392462730407715
2018-03-13,3.258699893951416,3.7509496,-0.4922497272491455
2018-03-14,3.258500099182129,3.7572398,-0.49873971939086914
2018-03-15,3.282099962234497,3.7626038,-0.48050379753112793
2018-03-16,3.280100107192993,3.767592,-0.4874918460845947
2018-03-19,3.28410005569458,3.7714424,-0.48734235763549805
2018-03-20,3.30870008468628,3.7748077,-0.4661076068878165
2018-03-21,3.272700071334839,3.7782815,-0.5055813789367676
2018-03-22,3.3141000270843506,3.781095,-0.4669950008392334
2018-03-23,3.314500093460083,3.7833252,-0.468825101852417
2018-03-26,3.31030011177063,3.7852552,-0.47495508193969727
2018-03-27,3.3229000568389893,3.7862525,-0.4633524417877197
2018-03-28,3.319299936294556,3.786365,-0.4670650959014888
2018-03-29,3.303499937057495,3.7868803,-0.4833803176879883
2018-03-30,3.302000045776367,3.7869794,-0.48497939109802246
2018-04-02,3.309400081634521,3.7875175,-0.47811746597290083
2018-04-03,3.339400053024292,3.7881021,-0.4487020969390869
2018-04-04,3.327699899673462,3.788649,-0.460949182510376
2018-04-05,3.341599941253662,3.7897372,-0.4481372833251953
2018-04-06,3.367500066757202,3.7903419,-0.42284178733825684
2018-04-09,3.4210000038146973,3.7904997,-0.36949968338012695
2018-04-10,3.407299995422364,3.7915277,-0.384227752685546
2018-04-11,3.37310004234314,3.7933788,-0.4202787876129146
2018-04-12,3.4110000133514404,3.7953043,-0.3843042850494385
2018-04-13,3.424299955368042,3.7969742,-0.37267422676086426
2018-04-16,3.416100025177002,3.7976208,-0.38152074813842773
2018-04-17,3.405800104141236,3.7986233,-0.39282321929931596
2018-04-18,3.3770999908447266,3.800908,-0.42380809783935547
2018-04-19,3.382699966430664,3.8033574,-0.4206573963165283
2018-04-20,3.4137001037597656,3.8055613,-0.3918612003326416
2018-04-23,3.448899984359741,3.8075557,-0.3586556911468506
2018-04-24,3.4714999198913574,3.8088524,-0.3373525142669678
2018-04-25,3.4809000492095947,3.8096855,-0.32878541946411133
2018-04-26,3.4742000102996826,3.8108754,-0.33667540550231934
2018-04-27,3.4581000804901123,3.812181,-0.3540809154510498
2018-04-30,3.505800008773804,3.813397,-0.3075969219207759
2018-05-01,3.506099939346313,3.812131,-0.30603098869323775
2018-05-02,3.549599885940552,3.8097,-0.26010012626647905
2018-05-03,3.526599884033203,3.8060467,-0.2794468402862549
2018-05-04,3.525500059127808,3.8023362,-0.27683615684509233
2018-05-07,3.5492000579833984,3.798864,-0.2496638298034668
2018-05-08,3.5618999004364014,3.7951891,-0.23328924179077148
2018-05-09,3.5903000831604004,3.7930186,-0.20271849632263184
2018-05-10,3.549499988555908,3.7921696,-0.24266958236694336
2018-05-11,3.60290002822876,3.7916384,-0.18873834609985307
2018-05-14,3.6215999126434326,3.7915492,-0.16994929313659668
2018-05-15,3.648699998855591,3.7916977,-0.14299774169921875
2018-05-16,3.6744000911712646,3.7925558,-0.11815571784973145
2018-05-17,3.695100069046021,3.7926226,-0.09752249717712358
2018-05-18,3.7383999824523926,3.7921336,-0.05373358726501465
2018-05-21,3.6756999492645264,3.791402,-0.11570215225219727
2018-05-22,3.6459999084472656,3.790822,-0.1448221206665039
2018-05-23,3.625600099563599,3.789586,-0.16398596763610795
2018-05-24,3.648099899291992,3.78754,-0.13944005966186523
2018-05-25,3.626199960708618,3.7840106,-0.15781068801879883
2018-05-28,3.73420000076294,3.778829,-0.04462909698486284
2018-05-29,3.724100112915039,3.773226,-0.04912590980529785
2018-05-30,3.722100019454956,3.768484,-0.04638409614562988
2018-05-31,3.721999883651733,3.7639492,-0.04194927215576216
2018-06-01,3.761600017547608,3.773537,-0.011936902999877486
2018-06-04,3.744499921798706,3.7905612,-0.04606127738952637
2018-06-05,3.80430006980896,3.8127227,-0.008422613143920898
2018-06-06,3.843400001525879,3.8381228,0.005277156829833984
2018-06-07,3.900700092315674,3.8647594,0.03594064712524414
2018-06-08,3.704900026321411,3.8909764,-0.18607640266418457
2018-06-11,3.7088000774383545,3.9157588,-0.20695877075195312
2018-06-12,3.714999914169312,3.9386265,-0.22362661361694292
2018-06-13,3.7188000679016113,3.9588213,-0.2400212287902832
2018-06-14,3.803999900817871,3.9761033,-0.1721034049987793
2018-06-15,3.7286999225616455,3.9904585,-0.26175856590270996
2018-06-18,3.7462000846862793,4.002018,-0.25581789016723633
2018-06-19,3.744999885559082,4.011781,-0.2667813301086426
2018-06-20,3.769099950790405,4.019974,-0.2508742809295659
2018-06-21,3.7651000022888175,4.025939,-0.2608389854431161
2018-06-22,3.78629994392395,4.0304337,-0.24413371086120605
2018-06-25,3.775099992752075,4.0336766,-0.2585766315460205
2018-06-26,3.795799970626831,4.035934,-0.24013400077819824
2018-06-27,3.860100030899048,4.037064,-0.17696404457092285
2018-06-28,3.859499931335449,4.0379424,-0.17844247817993164
2018-06-29,3.875600099563599,4.038897,-0.16329693794250444
2018-07-02,3.912600040435791,4.0327253,-0.12012529373168945
2018-07-03,3.8963000774383545,4.0265512,-0.13025116920471191
2018-07-04,3.91100001335144,4.0224833,-0.11148333549499556
2018-07-05,3.931299924850464,4.021044,-0.08974385261535645
2018-07-06,3.865900039672852,4.0227294,-0.15682935714721635
2018-07-09,3.871299982070923,4.0270953,-0.15579533576965332
2018-07-10,3.815099954605103,4.0335464,-0.21844649314880327
2018-07-11,3.876100063323975,4.040517,-0.16441679000854448
2018-07-12,3.88070011138916,4.0486727,-0.16797256469726562
2018-07-13,3.849400043487549,4.0579967,-0.20859670639038086
2018-07-16,3.8559999465942383,4.067171,-0.21117115020751953
2018-07-17,3.835900068283081,4.076685,-0.2407848834991455
2018-07-18,3.8492000102996826,4.085778,-0.23657822608947754
2018-07-19,3.828500032424927,4.09432,-0.26581978797912553
2018-07-20,3.7708001136779785,4.1026063,-0.3318061828613281
2018-07-23,3.780400037765503,4.1097484,-0.3293483257293701
2018-07-24,3.7460999488830566,4.1165786,-0.37047863006591797
2018-07-25,3.6863999366760254,4.123501,-0.437100887298584
2018-07-26,3.74429988861084,4.1296954,-0.38539552688598633
2018-07-27,3.7111001014709473,4.135118,-0.42401790618896484
2018-07-30,3.728100061416626,4.139873,-0.4117729663848877
2018-07-31,3.753000020980835,4.14356,-0.3905599117279053
2018-08-01,3.746999979019165,4.1462502,-0.3992502689361572
2018-08-02,3.7483999729156494,4.1473794,-0.39897942543029785
2018-08-03,3.7023000717163086,4.1485987,-0.44629859924316406
2018-08-06,3.734499931335449,4.149877,-0.415377140045166
2018-08-07,3.750499963760376,4.1511335,-0.4006335735321045
2018-08-08,3.770100116729736,4.1518793,-0.38177919387817427
2018-08-09,3.799599885940552,4.152275,-0.35267519950866655
2018-08-10,3.865400075912476,4.151621,-0.28622078895568803
2018-08-13,3.881999969482422,4.1502657,-0.2682657241821289
2018-08-14,3.864399909973145,4.1493363,-0.2849364280700679
2018-08-15,3.900599956512451,4.147762,-0.247161865234375
2018-08-16,3.903899908065796,4.1461215,-0.24222159385681152
2018-08-17,3.9098000526428223,4.144443,-0.23464298248291016
2018-08-20,3.9660000801086426,4.143104,-0.17710399627685547
2018-08-21,4.048500061035156,4.1417136,-0.09321355819702148
2018-08-22,4.036900043487549,4.141077,-0.10417699813842773
2018-08-23,4.112299919128418,4.140247,-0.027946949005126953
2018-08-24,4.102799892425537,4.1398687,-0.037068843841552734
2018-08-27,4.077499866485596,4.140534,-0.0630340576171875
2018-08-28,4.133900165557861,4.141435,-0.007534980773925781
2018-08-29,4.105500221252441,4.143014,-0.03751373291015625
2018-08-30,4.148600101470947,4.144101,0.004498958587646484
2018-08-31,4.053699970245361,4.14511,-0.09141016006469727
2018-09-03,4.154799938201904,4.1231256,0.03167438507080078
2018-09-04,4.15369987487793,4.093385,0.06031465530395508
2018-09-05,4.143099784851074,4.059926,0.08317375183105469
2018-09-06,4.057300090789795,4.026464,0.030836105346679688
2018-09-07,4.043799877166748,3.9948838,0.04891610145568848
2018-09-10,4.08459997177124,3.966318,0.11828207969665527
2018-09-11,4.151599884033203,3.9410124,0.2105875015258789
2018-09-12,4.159800052642822,3.919517,0.24028301239013672
2018-09-13,4.204999923706055,3.9009643,0.30403566360473633
2018-09-14,4.171999931335449,3.8857603,0.2862396240234375
2018-09-17,4.1321001052856445,3.8737245,0.2583756446838379
2018-09-18,4.158400058746338,3.864954,0.29344606399536133
2018-09-19,4.130300045013428,3.858719,0.27158093452453613
2018-09-20,4.076000213623047,3.8542469,0.22175335884094238
2018-09-21,4.050000190734863,3.8517227,0.19827747344970703
2018-09-24,4.091300010681152,3.8501296,0.24117040634155273
2018-09-25,4.073599815368652,3.8494546,0.22414517402648926
2018-09-26,4.030799865722656,3.8491945,0.18160533905029297
2018-09-27,4.01200008392334,3.849969,0.1620311737060547
2018-09-28,4.052700042724609,3.851256,0.20144414901733398
2018-10-01,4.01639986038208,3.8602471,0.15615272521972656
2018-10-02,3.939500093460083,3.8751926,0.06430745124816895
2018-10-03,3.900399923324585,3.8949862,0.00541377067565918
2018-10-04,3.8738999366760254,3.916252,-0.04235196113586426
2018-10-05,3.8357999324798575,3.9376664,-0.10186648368835538
2018-10-08,3.7771999835968018,3.9599555,-0.1827554702758789
2018-10-09,3.714799880981445,3.9818046,-0.2670047283172612
2018-10-10,3.754800081253052,4.0003686,-0.2455685138702388
2018-10-11,3.7815001010894775,4.0152736,-0.23377346992492676
2018-10-12,3.781599998474121,4.02798,-0.24637985229492188
2018-10-15,3.7339000701904297,4.038971,-0.3050708770751953
2018-10-16,3.723599910736084,4.049513,-0.3259129524230957
2018-10-17,3.686199903488159,4.0588017,-0.3726017475128174
2018-10-18,3.7202999591827393,4.065819,-0.3455188274383545
2018-10-19,3.710900068283081,4.0714164,-0.3605163097381592
2018-10-22,3.682300090789795,4.0762157,-0.39391565322875977
2018-10-23,3.6923999786376953,4.079538,-0.38713788986206055
2018-10-24,3.731100082397461,4.0806055,-0.3495054244995117
2018-10-25,3.704900026321411,4.0809717,-0.3760716915130615
2018-10-26,3.6415998935699454,4.0811315,-0.4395315647125253
2018-10-29,3.715800046920776,4.08002,-0.3642199039459233
2018-10-30,3.694600105285645,4.0795183,-0.38491821289062456
2018-10-31,3.720700025558472,4.079576,-0.35887598991394
2018-11-01,3.6949000358581534,4.07717,-0.38226985931396573
2018-11-02,3.700000047683716,4.072981,-0.37298083305358887
2018-11-05,3.724600076675415,4.0687404,-0.34414029121398926
2018-11-06,3.759900093078613,4.0648627,-0.30496263504028365
2018-11-07,3.7304000854492174,4.061885,-0.33148479461670055
2018-11-08,3.759200096130371,4.0592637,-0.3000636100769043
2018-11-09,3.729399919509888,4.057142,-0.32774186134338334
2018-11-12,3.766400098800659,4.05509,-0.28868985176086426
2018-11-13,3.801399946212769,4.0528107,-0.2514107227325435
2018-11-14,3.782399892807007,4.05097,-0.2685701847076416
2018-11-15,3.782399892807007,4.0500994,-0.2676994800567627
2018-11-16,3.742500066757202,4.05033,-0.3078300952911377
2018-11-19,3.7544000148773193,4.050728,-0.2963278293609619
2018-11-20,3.75570011138916,4.0508084,-0.2951083183288574
2018-11-21,3.796099901199341,4.0507193,-0.2546193599700928
2018-11-22,3.803100109100342,4.050703,-0.2476029396057129
2018-11-23,3.67300009727478,4.0504265,-0.37742638587951705
2018-11-26,3.93969988822937,4.050265,-0.1105649471282959
2018-11-27,3.873500108718872,4.0511613,-0.17766118049621582
2018-11-28,3.8492000102996826,4.053428,-0.20422816276550293
2018-11-29,3.8510000705718994,4.056543,-0.20554280281066895
2018-11-30,3.86520004272461,4.0602627,-0.19506263732910112
2018-12-03,3.840800046920776,4.048977,-0.20817685127258345
2018-12-04,3.851099967956543,4.030024,-0.1789240837097168
2018-12-05,3.86739993095398,4.007499,-0.1400992870330806
2018-12-06,3.8777999877929688,3.984059,-0.10625910758972168
2018-12-07,3.9058001041412354,3.9609342,-0.05513405799865723
2018-12-10,3.9166998863220215,3.9385023,-0.021802425384521484
2018-12-11,3.902600049972534,3.9180336,-0.015433549880981445
2018-12-12,3.854099988937378,3.9000082,-0.045908212661743164
2018-12-13,3.890700101852417,3.8844962,0.006203889846801758
2018-12-14,3.9154999256134033,3.871015,0.044484853744506836
2018-12-17,3.897599935531616,3.8588064,0.03879356384277344
2018-12-18,3.910900115966797,3.848028,0.06287217140197754
2018-12-19,3.896199941635132,3.8384037,0.05779623985290527
2018-12-20,3.838900089263916,3.8297625,0.009137630462646484
2018-12-21,3.843400001525879,3.8221846,0.021215438842773438
2018-12-24,3.902600049972534,3.8153389,0.08726119995117188
2018-12-25,3.9028000831604,3.809274,0.09352612495422319
2018-12-26,3.920599937438965,3.8041916,0.1164083480834961
2018-12-27,3.871500015258789,3.80029,0.07120990753173828
2018-12-28,3.874200105667114,3.7981672,0.07603287696838334
2018-12-31,3.880000114440918,3.7974062,0.08259391784667969
2019-01-01,3.8798999786376953,3.8051264,0.07477355003356934
2019-01-02,3.78629994392395,3.815967,-0.029667139053344727
2019-01-03,3.7551000118255615,3.8281236,-0.07302355766296387
2019-01-04,3.661200046539306,3.8406212,-0.179421186447144
2019-01-07,3.734100103378296,3.8529751,-0.11887502670288086
2019-01-08,3.712399959564209,3.8648763,-0.15247631072998047
2019-01-09,3.680000066757202,3.876525,-0.19652485847473145
2019-01-10,3.707900047302246,3.8873615,-0.17946147918701172
2019-01-11,3.659600019454956,3.8971033,-0.2375032901763916
2019-01-14,3.697499990463257,3.9060974,-0.20859742164611816
2019-01-15,3.716399908065796,3.914002,-0.1976020336151123
2019-01-16,3.734299898147583,3.9210873,-0.18678736686706543
2019-01-17,3.7488999366760254,3.9276838,-0.17878389358520508
2019-01-18,3.750200033187866,3.9340641,-0.18386411666870117
2019-01-21,3.751399993896485,3.9398754,-0.18847537040710405
2019-01-22,3.812000036239624,3.944621,-0.13262104988098145
2019-01-23,3.7623000144958496,3.9490275,-0.18672752380371094
2019-01-24,3.769799947738648,3.9532957,-0.1834957599639888
2019-01-25,3.769599914550781,3.9569263,-0.1873264312744145
2019-01-28,3.759599924087525,3.9596229,-0.20002293586730913
2019-01-29,3.7184998989105225,3.961828,-0.24332809448242188
2019-01-30,3.681400060653688,3.9641554,-0.28275537490844593
2019-01-31,3.642800092697144,3.9665916,-0.32379150390624956
2019-02-01,3.6572999954223633,3.962239,-0.30493903160095215
2019-02-04,3.6670000553131104,3.9544148,-0.2874147891998291
2019-02-05,3.668299913406372,3.9443455,-0.276045560836792
2019-02-06,3.694700002670288,3.9324024,-0.2377023696899414
2019-02-07,3.714900016784668,3.919938,-0.20503807067871094
2019-02-08,3.728600025177002,3.908155,-0.17955493927001953
2019-02-11,3.755199909210205,3.89698,-0.14178013801574707
2019-02-12,3.7079999446868896,3.887496,-0.17949604988098145
2019-02-13,3.753200054168701,3.8794158,-0.12621569633483887
2019-02-14,3.721999883651733,3.8733249,-0.15132498741149947
2019-02-15,3.6468000411987305,3.868491,-0.22169089317321777
2019-02-18,3.731699943542481,3.864347,-0.13264703750610307
2019-02-19,3.721999883651733,3.8613045,-0.139304637908936
2019-02-20,3.723999977111816,3.8586795,-0.13467955589294478
2019-02-21,3.766499996185303,3.856589,-0.09008908271789506
2019-02-22,3.746299982070923,3.8552716,-0.10897159576416016
2019-02-25,3.750400066375733,3.854,-0.10360002517700151
2019-02-26,3.747100114822388,3.8532257,-0.10612559318542436
2019-02-27,3.727299928665161,3.8528554,-0.12555551528930664
2019-02-28,3.747499942779541,3.8520403,-0.10454034805297852
2019-03-01,3.721400022506714,3.8575335,-0.13613343238830566
2019-03-04,3.7741000652313232,3.8661673,-0.09206724166870117
2019-03-05,3.774399995803833,3.8767462,-0.10234618186950684
2019-03-06,3.8368000984191895,3.8883493,-0.05154919624328613
2019-03-07,3.86929988861084,3.9003112,-0.031011343002319336
2019-03-08,3.813400030136109,3.912209,-0.09880900382995561
2019-03-11,3.837300062179565,3.924623,-0.08732295036315962
2019-03-12,3.811599969863892,3.9366088,-0.1250088214874263
2019-03-13,3.8132998943328857,3.948285,-0.13498520851135254
2019-03-14,3.8405001163482666,3.9589546,-0.1184544563293457
2019-03-15,3.812999963760376,3.9686809,-0.15568089485168457
2019-03-18,3.7899999618530273,3.977666,-0.1876659393310547
2019-03-19,3.7876999378204346,3.9855325,-0.19783258438110352
2019-03-20,3.774199962615967,3.991879,-0.21767902374267578
2019-03-21,3.7909998893737793,3.996667,-0.20566701889038086
2019-03-22,3.9059998989105225,3.9992213,-0.09322142601013184
2019-03-25,3.853600025177002,4.00039,-0.1467900276184082
2019-03-26,3.875,4.0013227,-0.12632274627685547
2019-03-27,3.9881999492645264,4.0007653,-0.012565374374389648
2019-03-28,3.897700071334839,4.0003314,-0.1026313304901123
2019-03-29,3.922499895095825,4.0003104,-0.07781052589416504
2019-04-01,3.84850001335144,3.9996843,-0.15118432044982955
2019-04-02,3.852299928665161,4.000097,-0.1477968692779541
2019-04-03,3.868299961090088,4.001197,-0.13289690017700195
2019-04-04,3.8559000492095934,4.003479,-0.1475789546966566
2019-04-05,3.874000072479248,4.0068493,-0.13284921646118164
2019-04-08,3.84820008277893,4.010955,-0.16275477409362837
2019-04-09,3.848000049591065,4.0147705,-0.1667704582214351
2019-04-10,3.8239998817443848,4.01832,-0.1943202018737793
2019-04-11,3.855799913406372,4.0210724,-0.16527247428894043
2019-04-12,3.880300045013428,4.0230603,-0.14276027679443315
2019-04-15,3.8703999519348153,4.024601,-0.15420103073120028
2019-04-16,3.903800010681152,4.026373,-0.12257289886474654
2019-04-17,3.936700105667114,4.0276546,-0.09095454216003462
2019-04-18,3.9267001152038574,4.0291157,-0.10241556167602539
2019-04-19,3.934499979019165,4.030615,-0.0961148738861084
2019-04-22,3.9340999126434326,4.0320663,-0.09796643257141113
2019-04-23,3.918299913406372,4.033965,-0.11566519737243652
2019-04-24,3.9895999431610094,4.0355716,-0.04597163200378551
2019-04-25,3.952699899673462,4.037412,-0.08471226692199707
2019-04-26,3.929199934005737,4.039023,-0.10982298851013228
2019-04-29,3.944299936294556,4.040682,-0.0963819026947017
2019-04-30,3.916899919509888,4.0424004,-0.12550044059753374
2019-05-01,3.919300079345703,4.0411,-0.12179994583129883
2019-05-02,3.966200113296509,4.0395813,-0.07338118553161621
2019-05-03,3.936599969863892,4.039016,-0.10241580009460405
2019-05-06,3.9681999683380127,4.038996,-0.07079625129699707
2019-05-07,3.9686999320983887,4.0390043,-0.07030439376831055
2019-05-08,3.926300048828125,4.039625,-0.11332511901855469
2019-05-09,3.9453999996185294,4.040229,-0.09482884407043546
2019-05-10,3.959700107574463,4.040789,-0.08108901977539062
2019-05-13,3.990499973297119,4.0400662,-0.04956626892089844
2019-05-14,3.975100040435791,4.0390096,-0.06390953063964844
2019-05-15,3.999900102615357,4.03777,-0.03786969184875444
2019-05-16,4.046199798583984,4.036232,0.009967803955078125
2019-05-17,4.097400188446045,4.03455,0.0628499984741211
2019-05-20,4.094900131225586,4.033382,0.061518192291259766
2019-05-21,4.036799907684326,4.033348,0.003451824188232422
2019-05-23,4.038700103759766,4.032849,0.005851268768310547
2019-05-24,4.021200180053711,4.0323873,-0.011187076568603516
2019-05-27,4.042099952697754,4.032424,0.009675979614257812
2019-05-28,4.023600101470947,4.0331774,-0.009577274322509766
2019-05-29,3.973400115966797,4.0341444,-0.060744285583496094
2019-05-30,3.9800000190734863,4.035357,-0.05535697937011719
2019-05-31,3.9242000579833984,4.036246,-0.1120457649230957
2019-06-03,3.884099960327149,4.028267,-0.14416694641113237
2019-06-04,3.853600025177002,4.0159726,-0.16237258911132812
2019-06-05,3.8794000148773193,4.00106,-0.12165999412536621
2019-06-06,3.878400087356568,3.9859927,-0.10759258270263627
2019-06-07,3.876499891281128,3.9718833,-0.0953834056854248
2019-06-10,3.884500026702881,3.958938,-0.07443785667419434
2019-06-11,3.85509991645813,3.9479463,-0.09284639358520508
2019-06-12,3.865900039672852,3.938281,-0.07238101959228471
2019-06-13,3.84820008277893,3.9301732,-0.08197307586669966
2019-06-14,3.8945000171661377,3.9232976,-0.028797626495361328
2019-06-17,3.88700008392334,3.917427,-0.030426979064941406
2019-06-18,3.859499931335449,3.9133697,-0.05386972427368164
2019-06-19,3.835400104522705,3.910825,-0.0754249095916748
2019-06-20,3.837699890136719,3.9098914,-0.07219147682189897
2019-06-21,3.820499897003174,3.9102151,-0.08971524238586426
2019-06-24,3.825599908828736,3.9111774,-0.0855774879455562
2019-06-25,3.8454999923706055,3.9115775,-0.06607747077941895
2019-06-26,3.842900037765503,3.912045,-0.06914496421813965
2019-06-27,3.815999984741211,3.9124002,-0.09640026092529297
2019-06-28,3.849499940872192,3.9126835,-0.06318354606628462
2019-07-01,3.839600086212158,3.928672,-0.08907198905944824
2019-07-02,3.843899965286255,3.952559,-0.10865902900695801
2019-07-03,3.825000047683716,3.9821088,-0.15710878372192383
2019-07-04,3.800800085067749,4.01456,-0.2137601375579834
2019-07-05,3.8190999031066895,4.047441,-0.22834110260009766
2019-07-08,3.799099922180176,4.079032,-0.27993202209472656
2019-07-09,3.799000024795532,4.1083856,-0.30938553810119673
2019-07-10,3.7502999305725098,4.135195,-0.38489484786987305
2019-07-11,3.754800081253052,4.1586504,-0.40385031700134233
2019-07-12,3.7344000339508057,4.1785345,-0.4441344738006592
2019-07-15,3.753700017929077,4.195208,-0.44150805473327637
2019-07-16,3.767199993133545,4.2087893,-0.44158935546875
2019-07-17,3.7618000507354736,4.219627,-0.4578268527984619
2019-07-18,3.717400074005127,4.2284446,-0.5110445022583008
2019-07-19,3.7458999156951904,4.235159,-0.4892590045928955
2019-07-22,3.739799976348877,4.2403674,-0.5005674362182617
2019-07-23,3.77239990234375,4.244423,-0.47202301025390625
2019-07-24,3.7713000774383545,4.247705,-0.47640490531921387
2019-07-25,3.775199890136719,4.2499046,-0.4747047424316402
2019-07-26,3.7734999656677246,4.251523,-0.47802305221557617
2019-07-29,3.780100107192993,4.2528005,-0.4727003574371338
2019-07-30,3.789299964904785,4.2535734,-0.46427345275878906
2019-07-31,3.811700105667114,4.2534404,-0.44174027442932173
2019-08-01,3.837300062179565,4.2501874,-0.41288733482360884
2019-08-02,3.883899927139282,4.24528,-0.3613798618316655
2019-08-05,3.973099946975708,4.2384486,-0.2653486728668213
2019-08-06,3.958699941635132,4.231518,-0.27281785011291504
2019-08-07,3.967400074005127,4.225154,-0.257753849029541
2019-08-08,3.91759991645813,4.2201447,-0.30254483222961426
2019-08-09,3.940200090408325,4.2160187,-0.2758185863494873
2019-08-12,3.9839000701904297,4.211904,-0.22800397872924805
2019-08-13,3.962399959564209,4.2084327,-0.24603271484375
2019-08-14,4.050300121307373,4.204242,-0.15394210815429688
2019-08-15,3.9900999069213854,4.19956,-0.20946025848388805
2019-08-16,4.0046000480651855,4.1953244,-0.19072437286376953
2019-08-19,4.073200225830078,4.191759,-0.11855888366699219
2019-08-20,4.051700115203857,4.1885986,-0.13689851760864258
2019-08-21,4.02400016784668,4.1864676,-0.16246747970581055
2019-08-22,4.067999839782715,4.1847363,-0.11673641204833984
2019-08-23,4.126200199127197,4.1823044,-0.056104183197021484
2019-08-26,4.151500225067139,4.179525,-0.028024673461914062
2019-08-27,4.122799873352051,4.1768975,-0.054097652435302734
2019-08-28,4.167699813842773,4.1747866,-0.007086753845214844
2019-08-29,4.168099880218506,4.1738944,-0.005794525146484375
2019-08-30,4.143899917602539,4.173914,-0.0300140380859375
2019-09-02,4.1844000816345215,4.172739,0.011661052703857422
2019-09-03,4.16510009765625,4.1713142,-0.006214141845703125
2019-09-04,4.093200206756592,4.170531,-0.0773305892944336
2019-09-05,4.105999946594238,4.170808,-0.06480789184570312
2019-09-06,4.061299800872803,4.1719646,-0.11066484451293945
2019-09-09,4.093400001525879,4.1736503,-0.08025026321411133
2019-09-10,4.079500198364258,4.175591,-0.09609079360961914
2019-09-11,4.064199924468994,4.1779323,-0.11373233795166016
2019-09-12,4.058899879455566,4.180745,-0.12184524536132812
2019-09-13,4.0854997634887695,4.183597,-0.09809732437133789
2019-09-16,4.0792999267578125,4.1862073,-0.10690736770629883
2019-09-17,4.076000213623047,4.1888585,-0.11285829544067383
2019-09-18,4.1072998046875,4.1912303,-0.08393049240112305
2019-09-19,4.166600227355957,4.194413,-0.027812957763671875
2019-09-20,4.1483001708984375,4.198068,-0.04976797103881836
2019-09-23,4.161499977111816,4.201713,-0.04021310806274414
2019-09-24,4.161699771881104,4.2047925,-0.043092727661131924
2019-09-25,4.14709997177124,4.2076263,-0.060526371002197266
2019-09-26,4.1691999435424805,4.2102895,-0.041089534759521484
2019-09-27,4.157100200653076,4.212518,-0.05541801452636719
2019-09-30,4.154799938201904,4.214484,-0.05968427658081055
2019-10-01,4.154600143432617,4.220192,-0.06559181213378906
2019-10-02,4.1244001388549805,4.226472,-0.10207176208496094
2019-10-03,4.082900047302246,4.2332783,-0.15037822723388672
2019-10-04,4.054599761962891,4.2407064,-0.18610668182373047
2019-10-07,4.105100154876709,4.2476892,-0.14258909225463867
2019-10-08,4.09089994430542,4.2535677,-0.16266775131225586
2019-10-09,4.10830020904541,4.258872,-0.1505718231201172
2019-10-10,4.108399868011475,4.263707,-0.15530729293823242
2019-10-11,4.108500003814697,4.268518,-0.1600179672241211
2019-10-14,4.123700141906738,4.273045,-0.14934492111206055
2019-10-15,4.178599834442139,4.277506,-0.09890604019165039
2019-10-16,4.148600101470947,4.281788,-0.13318777084350586
2019-10-17,4.161099910736084,4.28568,-0.12457990646362305
2019-10-18,4.111100196838379,4.2890015,-0.1779012680053711
2019-10-21,4.1247639656066895,4.292224,-0.16745996475219727
2019-10-22,4.078400135040283,4.2952595,-0.2168593406677246
2019-10-23,4.033100128173828,4.297933,-0.2648329734802246
2019-10-24,4.039299964904785,4.300184,-0.26088380813598633
2019-10-25,4.002900123596191,4.302153,-0.299252986907959
2019-10-28,3.988800048828125,4.30422,-0.31542015075683594
2019-10-29,3.9967000484466553,4.306132,-0.309431791305542
2019-10-30,3.9862000942230233,4.308122,-0.32192206382751376
2019-10-31,4.015999794006348,4.3111,-0.29510021209716797
2019-11-01,3.989399909973145,4.307593,-0.31819295883178667
2019-11-04,4.010799884796143,4.2996016,-0.2888016700744629
2019-11-05,3.992000102996826,4.289317,-0.2973170280456543
2019-11-06,4.082300186157227,4.2781734,-0.19587326049804688
2019-11-07,4.099500179290772,4.2672954,-0.16779518127441317
2019-11-08,4.133399963378906,4.2567143,-0.12331438064575195
2019-11-11,4.151299953460693,4.246875,-0.09557485580444336
2019-11-12,4.167900085449219,4.2377906,-0.06989049911499023
2019-11-13,4.168600082397461,4.2293067,-0.06070661544799805
2019-11-14,4.194300174713135,4.2218046,-0.027504444122314453
2019-11-15,4.194799900054932,4.2153788,-0.020578861236572266
2019-11-18,4.216400146484375,4.2099485,0.006451606750488281
2019-11-19,4.191699981689453,4.205349,-0.01364898681640625
2019-11-20,4.195000171661377,4.2016587,-0.0066585540771484375
2019-11-21,4.191699981689453,4.198705,-0.007005214691162109
2019-11-22,4.195000171661377,4.196609,-0.0016088485717773438
2019-11-25,4.225399971008301,4.195208,0.030191898345947266
2019-11-26,4.231800079345703,4.1940484,0.03775167465209961
2019-11-27,4.262700080871582,4.193407,0.06929302215576172
2019-11-28,4.188000202178955,4.1933517,-0.005351543426513672
2019-11-29,4.236100196838379,4.1937647,0.04233551025390625
2019-12-02,4.222300052642822,4.20194,0.02035999298095703
2019-12-03,4.203999996185303,4.2116427,-0.0076427459716796875
2019-12-04,4.206099987030029,4.2222085,-0.01610851287841797
2019-12-05,4.184599876403809,4.232643,-0.048043251037597656
2019-12-06,4.118899822235107,4.2425213,-0.12362146377563477
2019-12-09,4.14109992980957,4.2512197,-0.11011981964111328
2019-12-10,4.144599914550781,4.2584224,-0.11382246017456055
2019-12-11,4.123700141906738,4.2643266,-0.1406264305114746
2019-12-12,4.087247848510742,4.270679,-0.18343114852905273
2019-12-13,4.0858001708984375,4.276664,-0.19086360931396484
2019-12-16,4.0619001388549805,4.281858,-0.21995782852172852
2019-12-17,4.070199966430664,4.2862797,-0.2160797119140625
2019-12-18,4.059662818908691,4.290132,-0.2304692268371582
2019-12-19,4.06879997253418,4.2934837,-0.2246837615966797
2019-12-20,4.079899787902832,4.296351,-0.21645116806030273
2019-12-23,4.081999778747559,4.298933,-0.2169332504272461
2019-12-24,4.082799911499023,4.301122,-0.2183222770690918
2019-12-25,4.083000183105469,4.302931,-0.21993064880371094
2019-12-26,4.054699897766113,4.3044443,-0.24974441528320312
2019-12-27,4.022299766540527,4.3054824,-0.28318262100219727
2019-12-30,4.015710830688477,4.3059325,-0.2902216911315918
2019-12-31,4.016786098480225,4.306259,-0.2894730567932129
2020-01-01,4.016300201416016,4.294024,-0.2777237892150879
2020-01-02,4.023399829864502,4.2792397,-0.25583982467651367
2020-01-03,4.057000160217285,4.262997,-0.20599699020385742
2020-01-06,4.060400009155273,4.2464314,-0.18603134155273438
2020-01-07,4.066199779510498,4.230552,-0.1643524169921875
2020-01-08,4.06279993057251,4.2161145,-0.15331459045410156
2020-01-09,4.092100143432617,4.203748,-0.1116480827331543
2020-01-10,4.070499897003174,4.1933885,-0.12288856506347656
2020-01-13,4.1458001136779785,4.185613,-0.03981304168701172
2020-01-14,4.13129997253418,4.1799397,-0.048639774322509766
2020-01-15,4.174200057983398,4.175695,-0.0014948844909667969
2020-01-16,4.183599948883057,4.172826,0.01077413558959961
2020-01-17,4.161600112915039,4.1714735,-0.009873390197753906
2020-01-20,4.188499927520752,4.1712794,0.017220497131347656
2020-01-21,4.210899829864502,4.1714573,0.03944253921508789
2020-01-22,4.181300163269043,4.1721554,0.009144783020019531
2020-01-23,4.169099807739258,4.173606,-0.004506111145019531
2020-01-24,4.1595001220703125,4.1752915,-0.01579141616821289
2020-01-27,4.206099987030029,4.1761727,0.02992725372314453
2020-01-28,4.193399906158447,4.1768885,0.01651144027709961
2020-01-29,4.228899955749512,4.1774583,0.05144166946411133
2020-01-30,4.242199897766113,4.178013,0.06418704986572266
2020-01-31,4.282599925994873,4.178156,0.10444402694702148
2020-02-03,4.246799945831299,4.1747627,0.0720372200012207
2020-02-04,4.253699779510498,4.16968,0.08401966094970703
2020-02-05,4.23360013961792,4.164242,0.06935834884643555
2020-02-06,4.280799865722656,4.1595874,0.12121248245239258
2020-02-07,4.320400238037109,4.155411,0.16498947143554688
2020-02-10,4.320974826812744,4.1517076,0.1692671775817871
2020-02-11,4.327530860900879,4.1492734,0.17825746536254883
2020-02-12,4.354499816894531,4.1478777,0.20662212371826172
2020-02-13,4.346766948699951,4.147134,0.19963312149047852
2020-02-14,4.296999931335449,4.1464987,0.15050125122070312
2020-02-17,4.326499938964844,4.146142,0.1803579330444336
2020-02-18,4.354800224304199,4.145889,0.20891141891479492
2020-02-19,4.363999843597412,4.146014,0.2179856300354004
2020-02-20,4.392300128936768,4.1458673,0.24643278121948242
2020-02-21,4.389800071716309,4.145134,0.24466609954833984
2020-02-24,4.386600017547607,4.1430182,0.24358177185058594
2020-02-25,4.386799812316895,4.138931,0.24786901473999112
2020-02-26,4.449100017547607,4.1329675,0.3161325454711914
2020-02-27,4.484799861907959,4.1250763,0.3597235679626465
2020-02-28,4.441299915313721,4.1162877,0.32501220703125
2020-03-02,4.472400188446045,4.112058,0.36034202575683594
2020-03-03,4.513199806213379,4.113665,0.3995347023010254
2020-03-04,4.583399772644043,4.12077,0.4626297950744629
2020-03-05,4.606200218200684,4.130622,0.47557830810546875
2020-03-06,4.589799880981445,4.141814,0.4479856491088867
2020-03-09,4.722899913787842,4.1521606,0.5707392692565918
2020-03-10,4.642099857330322,4.1633472,0.47875261306762695
2020-03-11,4.813799858093262,4.173908,0.6398916244506836
2020-03-12,4.790200233459473,4.179845,0.6103553771972656
2020-03-13,4.85260009765625,4.1852984,0.6673016548156738
2020-03-16,4.999000072479248,4.1874743,0.811525821685791
2020-03-17,5.009699821472168,4.1886435,0.8210563659667969
2020-03-18,5.103961944580078,4.189905,0.9140567779541016
2020-03-19,5.094200134277344,4.190471,0.9037289619445801
2020-03-20,5.045499801635742,4.191183,0.8543167114257812
2020-03-23,5.14169979095459,4.18967,0.9520297050476074
2020-03-24,5.098100185394287,4.1886816,0.9094185829162598
2020-03-25,5.033699989318848,4.1893306,0.8443694114685059
2020-03-26,5.022600173950195,4.1932664,0.8293337821960449
2020-03-27,5.104629039764404,4.1987476,0.905881404876709
2020-03-30,5.192699909210205,4.2063694,0.986330509185791
2020-03-31,5.203499794006348,4.214785,0.9887146949768066
2020-04-01,5.248199939727783,4.211179,1.0370211601257324
2020-04-02,5.255300045013428,4.198113,1.0571870803833008
2020-04-03,5.348499774932861,4.178183,1.1703166961669922
2020-04-06,5.285299777984619,4.1577415,1.1275582313537598
2020-04-07,5.221700191497803,4.138911,1.082789421081543
2020-04-08,5.123499870300293,4.1214757,1.0020241737365723
2020-04-09,5.105800151824951,4.107088,0.9987120628356934
2020-04-10,5.105500221252441,4.09517,1.0103302001953125
2020-04-13,5.198500156402588,4.084562,1.113938331604004
2020-04-14,5.162000179290772,4.0778384,1.0841617584228525
2020-04-15,5.236999988555908,4.0732822,1.1637177467346191
2020-04-16,5.230899810791016,4.0706625,1.1602373123168945
2020-04-17,5.232699871063232,4.071036,1.1616640090942383
2020-04-20,5.315400123596191,4.098362,1.2170381546020508
2020-04-21,5.315000057220459,4.118609,1.1963911056518555
2020-04-22,5.456900119781494,4.1384125,1.3184876441955566
2020-04-23,5.533100128173828,4.156857,1.3762431144714355
2020-04-24,5.5725998878479,4.17189,1.400710105895996
2020-04-27,5.652599811553955,4.1883745,1.4642252922058105
2020-04-28,5.497399806976318,4.203836,1.2935638427734375
2020-04-29,5.334799766540527,4.217915,1.116884708404541
2020-04-30,5.486000061035156,4.229227,1.2567729949951172
2020-05-01,5.477000236511231,4.240622,1.2363781929016122
2020-05-04,5.540599822998047,4.2527685,1.2878313064575195
2020-05-05,5.578100204467773,4.261605,1.316495418548584
2020-05-06,5.715199947357178,4.268463,1.4467368125915527
2020-05-07,5.828719139099121,4.2757845,1.5529346466064453
2020-05-08,5.477000236511231,4.283641,1.1933593750000009
2020-05-11,5.8171000480651855,4.290935,1.5261650085449219
2020-05-12,5.884799957275391,4.2964625,1.5883374214172363
2020-05-13,5.88640022277832,4.3021226,1.584277629852295
2020-05-14,5.8094000816345215,4.305355,1.504045009613037
2020-05-15,5.855199813842773,4.306145,1.5490546226501465
2020-05-18,5.718999862670898,4.304407,1.4145927429199219
2020-05-19,5.755199909210205,4.3006496,1.4545502662658691
2020-05-20,5.690499782562256,4.295714,1.3947858810424805
2020-05-21,5.5524001121521,4.2896066,1.2627935409545898
2020-05-22,5.52869987487793,4.283241,1.2454590797424316
2020-05-25,5.443399906158447,4.2771196,1.1662802696228027
2020-05-26,5.343999862670898,4.270443,1.073556900024414
2020-05-27,5.27269983291626,4.2658315,1.0068683624267578
2020-05-28,5.403600215911865,4.2616835,1.1419167518615723
2020-05-29,5.334799766540527,4.2571344,1.0776653289794922
2020-06-01,5.366499900817871,4.243156,1.1233439445495605
2020-06-02,5.199299812316895,4.232199,0.9671006202697763
2020-06-03,5.061600208282471,4.2206497,0.8409504890441895
2020-06-04,5.117199897766113,4.209645,0.907555103302002
2020-06-05,4.959499835968018,4.199133,0.7603669166564941
2020-06-08,4.821599960327148,4.190454,0.6311459541320801
2020-06-09,4.898399829864502,4.1830926,0.7153072357177734
2020-06-10,4.9721999168396,4.1762633,0.7959365844726562
2020-06-11,4.974999904632568,4.1702185,0.804781436920166
2020-06-12,5.047800064086914,4.163494,0.8843059539794922
2020-06-15,5.153206825256348,4.1567483,0.9964585304260254
2020-06-16,5.243599891662598,4.1508102,1.092789649963379
2020-06-17,5.22790002822876,4.146203,1.0816969871520996
2020-06-18,5.377200126647949,4.1447134,1.2324867248535156
2020-06-19,5.309999942779541,4.144693,1.1653070449829102
2020-06-22,5.25190019607544,4.1452236,1.1066765785217294
2020-06-23,5.151000022888184,4.1465487,1.0044512748718262
2020-06-24,5.34660005569458,4.147995,1.1986050605773926
2020-06-25,5.359499931335449,4.149044,1.2104558944702148
2020-06-26,5.480899810791016,4.14922,1.3316798210144043
2020-06-29,5.402100086212158,4.148627,1.2534732818603516
2020-06-30,5.461699962615967,4.148291,1.3134088516235352
2020-07-01,5.316199779510498,4.1555834,1.160616397857666
2020-07-02,5.35890007019043,4.1683683,1.1905317306518555
2020-07-03,5.311399936676025,4.184903,1.1264967918395996
2020-07-06,5.354300022125244,4.2041507,1.1501493453979492
2020-07-07,5.377799987792969,4.2241173,1.1536827087402344
2020-07-08,5.342599868774414,4.244129,1.098470687866211
2020-07-09,5.337800025939941,4.2637258,1.0740742683410645
2020-07-10,5.326900005340576,4.2821293,1.0447707176208496
2020-07-13,5.401500225067139,4.299315,1.1021852493286133
2020-07-14,5.366799831390381,4.3151174,1.051682472229004
2020-07-15,5.366948127746582,4.3296742,1.03727388381958
2020-07-16,5.330699920654297,4.342853,0.987846851348877
2020-07-17,5.385300159454346,4.3547864,1.0305137634277344
2020-07-20,5.327700138092041,4.365773,0.9619269371032715
2020-07-21,5.1697998046875,4.375523,0.7942767143249512
2020-07-22,5.118100166320801,4.3844066,0.7336935997009277
2020-07-23,5.210599899291992,4.391983,0.8186168670654297
2020-07-24,5.229100227355957,4.397902,0.8311982154846191
2020-07-27,5.141421794891357,4.4028945,0.7385272979736328
2020-07-28,5.152299880981445,4.407134,0.7451658248901367
2020-07-29,5.168799877166748,4.4109735,0.7578263282775879
2020-07-30,5.153900146484375,4.4148645,0.7390356063842773
2020-07-31,5.221199989318848,4.4183197,0.8028802871704102
2020-08-03,5.318699836730957,4.417589,0.9011106491088867
2020-08-04,5.290200233459473,4.4146733,0.8755269050598145
2020-08-05,5.290900230407715,4.410659,0.8802413940429688
2020-08-06,5.331299781799316,4.4073677,0.9239320755004883
2020-08-07,5.43720006942749,4.404564,1.0326361656188965
2020-08-10,5.480500221252441,4.4019327,1.0785675048828125
2020-08-11,5.38040018081665,4.3993697,0.9810304641723633
2020-08-12,5.434999942779541,4.396991,1.0380091667175293
2020-08-13,5.367000102996826,4.394968,0.9720320701599121
2020-08-14,5.42080020904541,4.3932223,1.0275778770446777
2020-08-17,5.508299827575684,4.3914165,1.1168832778930664
2020-08-18,5.465400218963623,4.3900204,1.0753798484802246
2020-08-19,5.556399822235107,4.388733,1.1676669120788574
2020-08-20,5.555900096893311,4.3877163,1.1681838035583505
2020-08-21,5.618599891662598,4.3871317,1.2314682006835938
2020-08-24,5.610599994659424,4.387178,1.2234220504760742
2020-08-25,5.507400035858154,4.387697,1.1197028160095215
2020-08-26,5.607200145721436,4.3888865,1.218313694000245
2020-08-27,5.568699836730957,4.390673,1.1780266761779785
2020-08-28,5.389999866485596,4.393231,0.9967689514160156
2020-08-31,5.490900039672852,4.3961205,1.0947794914245605
2020-09-01,5.397299766540527,4.4072747,0.9900250434875488
2020-09-02,5.338699817657471,4.420873,0.9178266525268555
2020-09-03,5.289899826049805,4.4340315,0.8558683395385742
2020-09-04,5.301000118255615,4.445995,0.8550052642822266
2020-09-07,5.298299789428711,4.4562225,0.8420772552490234
2020-09-08,5.360599994659424,4.4644027,0.8961973190307617
2020-09-09,5.308499813079834,4.4709883,0.8375115394592285
2020-09-10,5.320499897003174,4.476137,0.844362735748291
2020-09-11,5.316199779510498,4.4796424,0.8365573883056641
2020-09-14,5.26830005645752,4.482313,0.7859869003295907
2020-09-15,5.2743000984191895,4.4843426,0.7899575233459473
2020-09-16,5.236000061035156,4.4852796,0.7507205009460449
2020-09-17,5.237800121307373,4.4850073,0.7527928352355957
2020-09-18,5.389800071716309,4.48338,0.9064202308654785
2020-09-21,5.412600040435791,4.4806805,0.9319195747375488
2020-09-22,5.469900131225586,4.4771385,0.9927616119384766
2020-09-23,5.592400074005127,4.4723706,1.1200294494628906
2020-09-24,5.508399963378906,4.466676,1.0417237281799316
2020-09-25,5.561100006103516,4.4611945,1.0999054908752441
2020-09-28,5.660200119018555,4.456334,1.2038660049438477
2020-09-29,5.630499839782715,4.4521623,1.178337574005127
2020-09-30,5.608399868011475,4.4483376,1.160062313079834
2020-10-01,5.642000198364258,4.4502487,1.191751480102539
2020-10-02,5.681600093841553,4.4536977,1.2279024124145508
2020-10-05,5.573400020599365,4.4579844,1.1154155731201172
2020-10-06,5.593800067901611,4.4623485,1.1314516067504883
2020-10-07,5.611299991607666,4.467189,1.144111156463623
2020-10-08,5.598599910736084,4.472087,1.1265130043029785
2020-10-09,5.52899980545044,4.4776278,1.0513720512390146
2020-10-12,5.529699802398682,4.484006,1.0456938743591309
2020-10-13,5.56850004196167,4.49075,1.0777502059936523
2020-10-14,5.590499877929688,4.497047,1.0934529304504403
2020-10-15,5.611199855804443,4.502877,1.1083226203918457
2020-10-16,5.644800186157227,4.508132,1.1366682052612305
2020-10-19,5.605599880218506,4.512198,1.0934019088745117
2020-10-20,5.6041998863220215,4.515286,1.088913917541504
2020-10-21,5.607800006866455,4.518079,1.0897212028503418
2020-10-22,5.591300010681152,4.520324,1.0709757804870605
2020-10-23,5.616199970245361,4.522613,1.0935869216918945
2020-10-26,5.622700214385986,4.524413,1.0982871055603027
2020-10-27,5.7052001953125,4.5253043,1.1798958778381348
2020-10-28,5.744900226593018,4.5248933,1.2200069427490234
2020-10-29,5.7778000831604,4.5234427,1.2543573379516602
2020-10-30,5.741399765014648,4.521208,1.2201919555664062
2020-11-02,5.741099834442139,4.5217133,1.2193865776062012
2020-11-03,5.754899978637695,4.524278,1.2306218147277832
2020-11-04,5.663000106811523,4.528532,1.1344680786132812
2020-11-05,5.523399829864502,4.5348125,0.9885873794555664
2020-11-06,5.36269998550415,4.542834,0.8198661804199219
2020-11-09,5.384699821472168,4.551299,0.8334007263183594
2020-11-10,5.413899898529053,4.5601954,0.8537044525146484
2020-11-11,5.389999866485596,4.569565,0.8204350471496582
2020-11-12,5.456699848175049,4.578827,0.8778729438781738
2020-11-13,5.456999778747559,4.5877557,0.8692440986633301
2020-11-16,5.414899826049805,4.596589,0.8183107376098633
2020-11-17,5.327199935913086,4.6051016,0.7220983505249023
2020-11-18,5.361700057983398,4.61275,0.7489500045776367
2020-11-19,5.304500102996826,4.619555,0.6849451065063477
2020-11-20,5.378099918365479,4.6251626,0.7529373168945321
2020-11-23,5.440599918365479,4.6298504,0.8107495307922372
2020-11-24,5.372600078582764,4.6338925,0.7387075424194336
2020-11-25,5.3225998878479,4.63747,0.6851301193237305
2020-11-26,5.335299968719482,4.6406293,0.6946706771850586
2020-11-27,5.34250020980835,4.643348,0.6991519927978516
2020-11-30,5.331099987030029,4.6455994,0.6855006217956543
2020-12-01,5.204899787902832,4.6601424,0.5447573661804199
2020-12-02,5.216300010681152,4.678687,0.5376129150390625
2020-12-03,5.151000022888184,4.6986914,0.45230865478515625
2020-12-04,5.154399871826172,4.7189655,0.43543434143066406
2020-12-07,5.098299980163574,4.7384744,0.35982561111450195
2020-12-08,5.119699954986572,4.756728,0.36297178268432617
2020-12-09,5.169700145721436,4.7731423,0.39655780792236417
2020-12-10,5.024199962615967,4.7873435,0.23685646057128906
2020-12-11,5.064199924468994,4.799619,0.26458072662353516
2020-12-14,5.117700099945068,4.810168,0.30753231048583984
2020-12-15,5.078884124755859,4.8192434,0.2596406936645508
2020-12-16,5.083199977874756,4.8268147,0.25638532638549805
2020-12-17,5.056900024414063,4.833453,0.22344684600830167
2020-12-18,5.100599765777588,4.839018,0.2615818977355957
2020-12-21,5.118937969207764,4.843451,0.27548694610595703
2020-12-22,5.1566548347473145,4.846629,0.310025691986084
2020-12-23,5.2153000831604,4.848804,0.36649608612060547
2020-12-24,5.2153000831604,4.850356,0.3649439811706543
2020-12-25,5.2153000831604,4.8515882,0.3637118339538574
2020-12-28,5.2459001541137695,4.8525953,0.39330482482910156
2020-12-29,5.208600044250488,4.8532734,0.35532665252685547
2020-12-30,5.190838813781738,4.85376,0.3370790481567383
2020-12-31,5.1921000480651855,4.854328,0.3377718925476074
2021-01-01,5.19189977645874,4.8420243,0.34987545013427734
2021-01-04,5.295300006866455,4.8260913,0.4692087173461914
2021-01-05,5.28410005569458,4.809372,0.4747281074523926
2021-01-06,5.312900066375732,4.792743,0.5201568603515625
2021-01-07,5.40880012512207,4.7773447,0.6314554214477539
2021-01-08,5.412188053131104,4.763292,0.6488962173461923
2021-01-11,5.48769998550415,4.750862,0.7368378639221191
2021-01-12,5.321400165557861,4.740353,0.5810470581054688
2021-01-13,5.297500133514404,4.7316136,0.5658864974975586
2021-01-14,5.195799827575684,4.72398,0.4718198776245117
2021-01-15,5.291299819946289,4.7177677,0.5735321044921875
2021-01-18,5.2947998046875,4.712632,0.5821676254272461
2021-01-19,5.3566999435424805,4.708716,0.6479840278625488
2021-01-20,5.290500164031982,4.706425,0.5840749740600586
2021-01-21,5.349500179290772,4.705325,0.6441750526428232
2021-01-22,5.465499877929688,4.705115,0.7603850364685067
2021-01-25,5.465499877929688,4.705512,0.7599878311157235
2021-01-26,5.353799819946289,4.7063103,0.6474895477294922
2021-01-27,5.412600040435791,4.7061257,0.7064743041992188
2021-01-28,5.437989234924316,4.7058077,0.7321815490722656
2021-01-29,5.4608001708984375,4.7048874,0.7559127807617188
2021-02-01,5.430500030517578,4.7107224,0.7197775840759277
2021-02-02,5.366899967193604,4.717831,0.6490688323974618
2021-02-03,5.352000236511231,4.7248726,0.6271276473999032
2021-02-04,5.4257001876831055,4.7320004,0.693699836730957
2021-02-05,5.369200229644775,4.738664,0.6305360794067383
2021-02-08,5.364299774169922,4.7450004,0.6192994117736816
2021-02-09,5.376699924468994,4.750645,0.6260547637939453
2021-02-10,5.384900093078613,4.755595,0.6293048858642578
2021-02-11,5.3653998374938965,4.7598825,0.6055173873901367
2021-02-12,5.368599891662598,4.763589,0.605010986328125
2021-02-15,5.368000030517578,4.7667637,0.6012363433837891
2021-02-16,5.369400024414063,4.769451,0.5999488830566415
2021-02-17,5.409800052642822,4.771582,0.6382179260253906
2021-02-18,5.42579984664917,4.7731376,0.6526622772216797
2021-02-19,5.38070011138916,4.774244,0.6064562797546387
2021-02-22,5.463399887084961,4.7744236,0.6889762878417969
2021-02-23,5.439599990844727,4.7738,0.6658000946044922
2021-02-24,5.402964115142822,4.7732177,0.6297464370727539
2021-02-25,5.528025150299072,4.7712255,0.7567996978759766
2021-02-26,5.597599983215332,4.7684608,0.829139232635498
2021-03-01,5.640699863433838,4.7882867,0.8524131774902344
2021-03-02,5.675099849700928,4.8195157,0.8555841445922852
2021-03-03,5.617499828338623,4.854453,0.7630467414855957
2021-03-04,5.668300151824951,4.8881307,0.7801694869995117
2021-03-05,5.689499855041504,4.9197726,0.7697272300720215
2021-03-08,5.874599933624268,4.9475136,0.927086353302002
2021-03-09,5.801499843597412,4.9719734,0.829526424407959
2021-03-10,5.67110013961792,4.992715,0.6783852577209473
2021-03-11,5.534800052642822,5.0102186,0.5245814323425293
2021-03-12,5.495155811309815,5.024417,0.4707388877868661
2021-03-15,5.614500045776367,5.036345,0.5781550407409668
2021-03-16,5.6234002113342285,5.0456614,0.5777387619018555
2021-03-17,5.583099842071533,5.052832,0.5302677154541016
2021-03-18,5.558700084686279,5.0567503,0.5019497871398926
2021-03-19,5.493563175201416,5.059116,0.4344472885131836
2021-03-22,5.505499839782715,5.0604777,0.4450221061706543
2021-03-23,5.520400047302246,5.0607166,0.4596834182739258
2021-03-24,5.61959981918335,5.060214,0.5593857765197754
2021-03-25,5.648399829864502,5.0593724,0.5890274047851562
2021-03-26,5.752399921417236,5.059123,0.6932768821716309
2021-03-29,5.780799865722656,5.0587773,0.722022533416748
2021-03-30,5.771599769592285,5.0581636,0.7134361267089844
2021-03-31,5.63129997253418,5.057569,0.5737309455871582
2021-04-01,5.707399845123291,5.0421906,0.6652092933654785
2021-04-02,5.710599899291992,5.02054,0.6900596618652344
2021-04-05,5.662700176239014,4.998843,0.6638569831848145
2021-04-06,5.593200206756592,4.9789634,0.6142368316650391
2021-04-07,5.612100124359131,4.962157,0.6499433517456055
2021-04-08,5.566599845886231,4.949012,0.6175880432128915
2021-04-09,5.679299831390381,4.9396467,0.7396531105041504
2021-04-12,5.732200145721436,4.933554,0.7986459732055673
2021-04-13,5.716300010681152,4.9297853,0.7865147590637207
2021-04-14,5.652900218963623,4.9271874,0.725712776184082
2021-04-15,5.614999771118164,4.9266706,0.6883292198181152
2021-04-16,5.5858001708984375,4.9277244,0.6580758094787598
2021-04-19,5.545300006866455,4.9292855,0.6160144805908203
2021-04-20,5.56790018081665,4.9309764,0.6369237899780273
2021-04-21,5.56790018081665,4.9333963,0.6345038414001465
2021-04-22,5.44320011138916,4.935233,0.5079669952392578
2021-04-23,5.477200031280518,4.9374065,0.5397934913635254
2021-04-26,5.435299873352051,4.939685,0.49561500549316406
2021-04-27,5.451000213623047,4.9417143,0.5092859268188477
2021-04-28,5.341400146484375,4.943478,0.3979220390319824
2021-04-29,5.336400032043457,4.945425,0.3909749984741211
2021-04-30,5.439700126647949,4.947135,0.4925651550292969
2021-05-03,5.43809986114502,4.9551353,0.48296451568603604
2021-05-04,5.442599773406982,4.9621134,0.4804863929748535
2021-05-05,5.352700233459473,4.9680047,0.38469552993774414
2021-05-06,5.273430824279785,4.972208,0.3012228012084961
2021-05-07,5.235499858856201,4.9755073,0.2599925994873047
2021-05-10,5.2221999168396,4.977058,0.24514198303222656
2021-05-11,5.221199989318848,4.977135,0.2440648078918457
2021-05-12,5.303100109100342,4.9751596,0.3279404640197754
2021-05-13,5.307700157165527,4.973342,0.33435821533203125
2021-05-14,5.269499778747559,4.972261,0.297238826751709
2021-05-17,5.271500110626221,4.971184,0.30031633377075195
2021-05-18,5.259500026702881,4.969812,0.2896881103515625
2021-05-19,5.308000087738037,4.9684286,0.339571475982666
2021-05-20,5.281300067901611,4.9677267,0.31357336044311523
2021-05-21,5.361800193786621,4.967009,0.3947911262512207
2021-05-24,5.31850004196167,4.9668503,0.35164976119995117
2021-05-25,5.330699920654297,4.966826,0.3638739585876465
2021-05-26,5.310500144958496,4.9671173,0.3433828353881836
2021-05-27,5.2382001876831055,4.96756,0.27064037322998047
2021-05-28,5.23799991607666,4.9681487,0.2698512077331543
2021-05-31,5.216599941253662,4.9686794,0.24792051315307617
2021-06-01,5.149700164794922,4.97158,0.17812013626098633
2021-06-02,5.07450008392334,4.9752183,0.09928178787231445
2021-06-03,5.076300144195557,4.9792824,0.09701776504516602
2021-06-04,5.044600009918213,4.9841614,0.06043863296508789
2021-06-07,5.045199871063232,4.9890738,0.05612611770629883
2021-06-08,5.034900188446045,4.9936476,0.04125261306762695
2021-06-09,5.061500072479248,4.9977307,0.06376934051513672
2021-06-10,5.054500102996826,5.0016174,0.05288267135620117
2021-06-11,5.117000102996826,5.0051317,0.11186838150024414
2021-06-14,5.058599948883057,5.0083923,0.05020761489868164
2021-06-15,5.043799877166748,5.0109825,0.03281736373901367
2021-06-16,5.054299831390381,5.01281,0.041489601135253906
2021-06-17,5.007400035858154,5.013919,-0.006518840789794922
2021-06-18,5.0960001945495605,5.0138745,0.08212566375732422
2021-06-21,5.0131001472473145,5.0144053,-0.0013051033020019531
2021-06-22,4.957099914550781,5.0154963,-0.058396339416503906
2021-06-23,4.965199947357178,5.016717,-0.05151700973510742
2021-06-24,4.912700176239014,5.018434,-0.10573387145996094
2021-06-25,4.91540002822876,5.020275,-0.10487508773803711
2021-06-28,4.924799919128418,5.0224433,-0.09764337539672852
2021-06-29,4.955100059509277,5.024514,-0.06941413879394531
2021-06-30,4.969200134277344,5.026443,-0.05724287033081055
2021-07-01,5.045102119445801,5.0290747,0.016027450561523438
2021-07-02,5.059199810028076,5.033759,0.025440692901611328
2021-07-05,5.088459014892578,5.0376325,0.0508265495300293
2021-07-06,5.195300102233887,5.040123,0.15517711639404297
2021-07-07,5.231200218200684,5.0417056,0.18949460983276367
2021-07-08,5.257999897003174,5.0416346,0.21636533737182617
2021-07-09,5.257900238037109,5.0415487,0.21635150909423828
2021-07-12,5.172699928283691,5.041296,0.13140392303466797
2021-07-13,5.162399768829346,5.0407286,0.12167119979858398
2021-07-14,5.069900035858154,5.0400763,0.029823780059814453
2021-07-15,5.110000133514404,5.039244,0.0707559585571289
2021-07-16,5.1153998374938965,5.037951,0.07744884490966797
2021-07-19,5.250899791717529,5.03563,0.2152695655822754
2021-07-20,5.219900131225586,5.0343347,0.18556547164916992
2021-07-21,5.187300205230713,5.03359,0.15371036529541016
2021-07-22,5.1996002197265625,5.0331206,0.16647958755493164
2021-07-23,5.19789981842041,5.033488,0.1644120216369629
2021-07-26,5.1753997802734375,5.0343156,0.1410841941833496
2021-07-27,5.169099807739258,5.0349197,0.13418006896972656
2021-07-28,5.114799976348877,5.0355587,0.07924127578735352
2021-07-29,5.080399990081787,5.036318,0.0440821647644043
2021-07-30,5.208700180053711,5.0366974,0.17200279235839844
2021-08-02,5.174600124359131,5.0402584,0.13434171676635742
2021-08-03,5.196800231933594,5.0448337,0.15196657180786133
2021-08-04,5.1682000160217285,5.049287,0.11891317367553711
2021-08-05,5.245200157165527,5.05323,0.1919703483581543
2021-08-06,5.23199987411499,5.0570073,0.17499256134033203
2021-08-09,5.231800079345703,5.0602636,0.17153644561767578
2021-08-10,5.188300132751465,5.063176,0.1251239776611328
2021-08-11,5.218200206756592,5.0657716,0.15242862701416016
2021-08-12,5.252200126647949,5.068241,0.1839590072631836
2021-08-13,5.247499942779541,5.0706463,0.17685365676879883
2021-08-16,5.259699821472168,5.0729265,0.18677330017089844
2021-08-17,5.294300079345703,5.074613,0.21968698501586914
2021-08-18,5.378600120544434,5.0753565,0.30324363708496094
2021-08-19,5.414100170135498,5.0758367,0.33826351165771484
2021-08-20,5.379000186920166,5.076425,0.30257511138916016
2021-08-23,5.379899978637695,5.077308,0.30259180068969727
2021-08-24,5.245800018310547,5.0781274,0.16767263412475586
2021-08-25,5.210999965667725,5.0789495,0.1320505142211914
2021-08-26,5.251599788665772,5.0794177,0.1721820831298837
2021-08-27,5.2027997970581055,5.0804076,0.12239217758178711
2021-08-30,5.182899951934815,5.0815306,0.10136938095092862
2021-08-31,5.1493000984191895,5.0826125,0.06668758392333984
2021-09-01,5.184599876403809,5.0869317,0.09766817092895508
2021-09-02,5.18179988861084,5.092905,0.08889484405517578
2021-09-03,5.189799785614014,5.098372,0.09142780303955078
2021-09-06,5.169300079345703,5.1027026,0.06659746170043945
2021-09-07,5.169600009918213,5.1058226,0.06377744674682617
2021-09-08,5.3206000328063965,5.1081247,0.21247529983520508
2021-09-09,5.196499824523926,5.109438,0.08706188201904297
2021-09-10,5.247000217437744,5.109839,0.1371612548828125
2021-09-13,5.213200092315674,5.110016,0.10318422317504883
2021-09-14,5.238900184631348,5.109522,0.1293783187866211
2021-09-15,5.221700191497803,5.109419,0.11228132247924805
2021-09-16,5.256800174713135,5.1092196,0.14758062362670898
2021-09-17,5.289700031280518,5.1086707,0.1810293197631836
2021-09-20,5.323200225830078,5.1073804,0.2158198356628418
2021-09-21,5.268899917602539,5.1061993,0.16270065307617188
2021-09-22,5.287700176239014,5.1055007,0.18219947814941406
2021-09-23,5.3018999099731445,5.1044774,0.19742250442504883
2021-09-24,5.336999893188477,5.103912,0.23308801651000977
2021-09-27,5.390399932861328,5.10357,0.28682994842529297
2021-09-28,5.427599906921387,5.10227,0.3253297805786133
2021-09-29,5.414299964904785,5.1014004,0.3128995895385742
2021-09-30,5.441699981689453,5.1001377,0.34156227111816406
2021-10-01,5.367899894714356,5.099946,0.26795387268066495
2021-10-04,5.453199863433838,5.100005,0.3531947135925293
2021-10-05,5.475500106811523,5.100502,0.3749980926513672
2021-10-06,5.491899967193604,5.101122,0.3907780647277841
2021-10-07,5.517000198364258,5.1022835,0.4147167205810547
2021-10-08,5.506899833679199,5.1033807,0.4035191535949707
2021-10-11,5.535999774932861,5.1038365,0.4321632385253906
2021-10-12,5.531499862670898,5.1039886,0.42751121520996094
2021-10-13,5.512499809265137,5.1041517,0.40834808349609375
2021-10-14,5.512199878692627,5.1051297,0.4070701599121094
2021-10-15,5.458399772644043,5.106625,0.3517746925354004
2021-10-18,5.511300086975098,5.10823,0.40306997299194336
2021-10-19,5.5833001136779785,5.1100965,0.4732036590576172
2021-10-20,5.59630012512207,5.112378,0.48392200469970703
2021-10-21,5.657800197601318,5.1147175,0.5430827140808105
2021-10-22,5.649199962615967,5.117231,0.5319690704345703
2021-10-25,5.554399967193604,5.1201873,0.43421268463134854
2021-10-26,5.564799785614014,5.1229486,0.4418511390686035
2021-10-27,5.534999847412109,5.125503,0.4094967842102051
2021-10-28,5.644899845123291,5.1266646,0.5182352066040039
2021-10-29,5.633699893951416,5.1278763,0.5058236122131348
2021-11-01,5.678899765014648,5.1303377,0.5485620498657227
2021-11-02,5.678599834442139,5.13361,0.544990062713623
2021-11-03,5.5524001121521,5.1377435,0.4146566390991211
2021-11-04,5.6016998291015625,5.1422386,0.4594612121582031
2021-11-05,5.541100025177002,5.1471457,0.3939542770385742
2021-11-08,5.543099880218506,5.1515183,0.39158153533935547
2021-11-09,5.479100227355957,5.155269,0.32383108139038086
2021-11-10,5.4899001121521,5.1580696,0.3318305015563965
2021-11-11,5.3979997634887695,5.1608005,0.2371993064880371
2021-11-12,5.457600116729736,5.163162,0.29443788528442383
2021-11-15,5.456299781799316,5.1650476,0.29125213623046875
2021-11-16,5.502200126647949,5.16668,0.33552026748657227
2021-11-17,5.52869987487793,5.1678,0.3608999252319336
2021-11-18,5.556399822235107,5.169033,0.38736677169799805
2021-11-19,5.611599922180176,5.1700683,0.4415316581726074
2021-11-22,5.585599899291992,5.1708174,0.4147825241088867
2021-11-23,5.570400238037109,5.171602,0.39879846572875977
2021-11-24,5.605199813842773,5.1723022,0.43289756774902344
2021-11-25,5.565100193023682,5.172422,0.39267826080322266
2021-11-26,5.607800006866455,5.171577,0.43622303009033203
2021-11-29,5.6006999015808105,5.171576,0.4291238784790039
2021-11-30,5.620871067047119,5.170049,0.4508218765258789
2021-12-01,5.6915669441223145,5.1667304,0.524836540222168
2021-12-02,5.643321990966797,5.1615796,0.48174238204956055
2021-12-03,5.65009880065918,5.1559596,0.4941391944885254
2021-12-06,5.688000202178955,5.151523,0.5364770889282227
2021-12-07,5.611800193786621,5.148721,0.46307897567749023
2021-12-08,5.531599998474121,5.146942,0.3846578598022461
2021-12-09,5.571100234985352,5.1435394,0.42756080627441406
2021-12-10,5.60866117477417,5.1416216,0.4670395851135254
2021-12-13,5.679699897766113,5.139934,0.5397658348083496
2021-12-14,5.680600166320801,5.138627,0.5419731140136719
2021-12-15,5.679399967193604,5.1390495,0.5403504371643075
2021-12-16,5.687399864196777,5.1396646,0.5477352142333984
2021-12-17,5.693059921264648,5.139998,0.5530619621276855
2021-12-20,5.741300106048584,5.1399107,0.6013894081115723
2021-12-21,5.74399995803833,5.141109,0.6028909683227539
2021-12-22,5.652999877929688,5.142955,0.5100450515747079
2021-12-23,5.671795845031738,5.1453447,0.5264511108398438
2021-12-24,5.67110013961792,5.1483216,0.5227785110473633
2021-12-27,5.624100208282471,5.1517406,0.47235965728759766
2021-12-28,5.627500057220459,5.154949,0.4725508689880371
2021-12-29,5.702700138092041,5.158027,0.544672966003418
2021-12-30,5.570199966430664,5.1608267,0.40937328338623047
2021-12-31,5.569300174713135,5.163206,0.4060940742492676
2022-01-03,5.68120002746582,5.1609907,0.5202093124389648
2022-01-04,5.676199913024902,5.1555476,0.5206522941589355
2022-01-05,5.705635070800781,5.1456013,0.5600337982177734
2022-01-06,5.682400226593018,5.1337967,0.5486035346984863
2022-01-07,5.632199764251709,5.1210165,0.5111832618713379
2022-01-10,5.662199974060059,5.1079316,0.5542683601379395
2022-01-11,5.567299842834473,5.0958557,0.47144412994384766
2022-01-12,5.533199787139893,5.0847845,0.44841527938842773
2022-01-13,5.526700019836426,5.07382,0.4528799057006836
2022-01-14,5.533299922943115,5.063972,0.4693279266357422
2022-01-17,5.5157999992370605,5.054304,0.46149587631225586
2022-01-18,5.565700054168701,5.0447774,0.5209226608276367
2022-01-19,5.43720006942749,5.0354347,0.4017653465270996
2022-01-20,5.418099880218506,5.026194,0.3919057846069336
2022-01-21,5.457099914550781,5.0165405,0.44055938720703125
2022-01-24,5.486100196838379,5.007731,0.47836923599243164
2022-01-25,5.440703868865967,4.9989223,0.44178152084350586
2022-01-26,5.429166793823242,4.9904737,0.4386930465698242
2022-01-27,5.40348482131958,4.9824066,0.4210782051086426
2022-01-28,5.362599849700928,4.976568,0.3860316276550293
2022-01-31,5.303100109100342,4.973235,0.3298649787902832
2022-02-01,5.264500141143799,4.9789805,0.2855195999145508
2022-02-02,5.260900020599365,4.988706,0.27219390869140625
2022-02-03,5.282899856567383,4.9946284,0.288271427154541
2022-02-04,5.326900005340576,4.9996243,0.32727575302124023
2022-02-07,5.262599945068359,5.003797,0.2588028907775879
2022-02-08,5.258399963378906,5.008669,0.24973106384277344
2022-02-09,5.234499931335449,5.014776,0.21972370147705078
2022-02-10,5.248700141906738,5.0199604,0.22873973846435547
2022-02-11,5.249956130981445,5.022987,0.22696924209594727
2022-02-14,5.214000225067139,5.0243297,0.18967056274414062
2022-02-15,5.157899856567383,5.026579,0.13132095336914062
2022-02-16,5.135799884796143,5.028964,0.10683584213256836
2022-02-17,5.170599937438965,5.0298195,0.14078044891357422
2022-02-18,5.137499809265137,5.030068,0.10743188858032227
2022-02-21,5.102700233459473,5.0295677,0.07313251495361328
2022-02-22,5.05709981918335,5.028519,0.028580665588378906
2022-02-23,5.008699893951416,5.025835,-0.017135143280029297
2022-02-24,5.122200012207031,5.0235353,0.09866476058959961
2022-02-25,5.15939998626709,5.0232463,0.1361536979675293
2022-02-28,5.158400058746338,5.022707,0.13569307327270508
2022-03-01,5.158999919891357,5.030349,0.12865114212036133
2022-03-02,5.096502780914307,5.039422,0.057080745697021484
2022-03-03,5.030900001525879,5.0481415,-0.017241477966308594
2022-03-04,5.06056022644043,5.053401,0.007159233093261719
2022-03-07,5.110499858856201,5.0528474,0.05765247344970703
2022-03-08,5.058800220489502,5.0484166,0.01038360595703125
2022-03-09,5.011499881744385,5.047415,-0.03591489791870117
2022-03-10,5.009699821472168,5.049752,-0.04005241394042969
2022-03-11,5.073500156402588,5.051845,0.02165508270263672
2022-03-14,5.121399879455566,5.054679,0.06672096252441406
2022-03-15,5.1631999015808105,5.061276,0.10192394256591797
2022-03-16,5.073874950408936,5.070923,0.002952098846436435
2022-03-17,5.039400100708008,5.079671,-0.04027080535888672
2022-03-18,5.0177998542785645,5.086402,-0.06860208511352539
2022-03-21,4.935200214385986,5.090116,-0.15491580963134766
2022-03-22,4.909999847412109,5.0920134,-0.18201351165771484
2022-03-23,4.82420015335083,5.0919127,-0.2677125930786133
2022-03-24,4.826300144195557,5.091961,-0.26566076278686523
2022-03-25,4.7368998527526855,5.0923214,-0.3554215431213379
2022-03-28,4.764100074768066,5.094515,-0.3304147720336914
2022-03-29,4.756199836730957,5.099281,-0.343080997467041
2022-03-30,4.769700050354004,5.1033964,-0.3336963653564453
2022-03-31,4.737800121307373,5.1071463,-0.36934614181518555
2022-04-01,4.657199859619141,5.1126122,-0.4554123878479004
2022-04-04,4.593800067901611,5.117462,-0.5236620903015137
2022-04-05,4.650700092315674,5.1217403,-0.4710402488708496
2022-04-06,4.715199947357178,5.127049,-0.4118490219116211
2022-04-07,4.752099990844727,5.1334524,-0.38135242462158203
2022-04-08,4.698100090026856,5.1390967,-0.4409966468811026
2022-04-11,4.693600177764893,5.14361,-0.450009822845459
2022-04-12,4.673099994659424,5.1465526,-0.4734525680541992
2022-04-13,4.690199851989746,5.1479874,-0.45778751373291016
2022-04-14,4.701000213623047,5.1469774,-0.44597721099853516
2022-04-15,4.7006001472473145,5.1447964,-0.4441962242126465
2022-04-18,4.651999950408936,5.141978,-0.48997783660888583
2022-04-19,4.664999961853027,5.1411147,-0.47611474990844727
2022-04-20,4.620800018310547,5.1411247,-0.52032470703125
2022-04-21,4.620800018310547,5.1400065,-0.5192065238952637
2022-04-22,4.795199871063232,5.1373444,-0.3421444892883301
2022-04-25,4.876200199127197,5.1359463,-0.25974607467651367
2022-04-26,4.997799873352051,5.13269,-0.13489007949829102
2022-04-27,4.963600158691406,5.129321,-0.16572093963623047
2022-04-28,4.93779993057251,5.126782,-0.1889820098876953
2022-04-29,4.97130012512207,5.121865,-0.15056467056274414
2022-05-02,5.084700107574463,5.124561,-0.03986072540283203
2022-05-03,4.958099842071533,5.1296167,-0.17151689529418945
2022-05-04,4.918799877166748,5.1364193,-0.2176194190979004
2022-05-05,5.027999877929688,5.1397567,-0.11175680160522372
2022-05-06,5.080399990081787,5.141641,-0.06124114990234375
2022-05-09,5.160900115966797,5.1422634,0.018636703491210938
2022-05-10,5.13129997253418,5.14434,-0.01304006576538086
2022-05-11,5.134252071380615,5.1445365,-0.010284423828125
2022-05-12,5.133399963378906,5.143869,-0.01046895980834961
2022-05-13,5.058300018310547,5.1434536,-0.08515357971191406
2022-05-16,5.059700012207031,5.141217,-0.08151721954345703
2022-05-17,4.93809986114502,5.1400023,-0.2019023895263663
2022-05-18,4.96750020980835,5.136675,-0.1691746711730957
2022-05-19,4.929999828338623,5.132964,-0.20296430587768555
2022-05-20,4.880199909210205,5.129248,-0.24904823303222656
2022-05-23,4.813499927520752,5.127822,-0.31432199478149414
2022-05-24,4.817800045013428,5.1266084,-0.3088083267211914
2022-05-25,4.822800159454346,5.126002,-0.30320167541503906
2022-05-26,4.768199920654297,5.125679,-0.3574790954589844
2022-05-27,4.729599952697754,5.1259575,-0.39635753631591797
2022-05-30,4.752399921417236,5.1256757,-0.3732757568359375
2022-05-31,4.730400085449219,5.1252637,-0.3948636054992676
2022-06-01,4.815499782562256,5.123027,-0.3075270652770996
2022-06-02,4.795700073242188,5.1191564,-0.3234562873840323
2022-06-03,4.775000095367432,5.1132298,-0.3382296562194824
2022-06-06,4.7941999435424805,5.1076,-0.3134002685546875
2022-06-07,4.867526054382324,5.103032,-0.2355060577392578
2022-06-08,4.898099899291992,5.0976505,-0.19955062866210938
2022-06-09,4.903299808502197,5.0915613,-0.1882615089416504
2022-06-10,4.984000205993652,5.085013,-0.1010127067565918
2022-06-13,5.113399982452393,5.0773535,0.036046504974365234
2022-06-14,5.116099834442139,5.0712485,0.04485130310058594
2022-06-15,5.052000045776367,5.0685816,-0.01658153533935547
2022-06-16,5.052199840545654,5.0651217,-0.012921810150146484
2022-06-17,5.152100086212158,5.0641437,0.08795642852783203
2022-06-20,5.18720006942749,5.065437,0.12176322937011719
2022-06-21,5.122799873352051,5.067673,0.05512666702270508
2022-06-22,5.193600177764893,5.070947,0.12265300750732422
2022-06-23,5.23799991607666,5.075501,0.16249895095825195
2022-06-24,5.241399765014648,5.0810785,0.16032123565673828
2022-06-27,5.236800193786621,5.0852203,0.1515798568725586
2022-06-28,5.266600131988525,5.086566,0.18003416061401367
2022-06-29,5.180900096893311,5.087288,0.09361219406128019
2022-06-30,5.251999855041504,5.0881987,0.1638011932373047
2022-07-01,5.330999851226807,5.0925093,0.23849058151245117
2022-07-04,5.3282999992370605,5.098674,0.22962617874145508
2022-07-05,5.385200023651123,5.1055603,0.27963972091674805
2022-07-06,5.427999973297119,5.113147,0.3148531913757324
2022-07-07,5.338200092315674,5.121071,0.21712923049926758
2022-07-08,5.254000186920166,5.127889,0.12611103057861328
2022-07-11,5.377200126647949,5.133131,0.24406909942626953
2022-07-12,5.436500072479248,5.1381207,0.29837942123413086
2022-07-13,5.390900135040283,5.142103,0.24879693984985352
2022-07-14,5.422800064086914,5.145043,0.2777571678161621
2022-07-15,5.410099983215332,5.148281,0.26181888580322266
2022-07-18,5.436800003051758,5.1500173,0.28678274154663086
2022-07-19,5.413099765777588,5.1528854,0.26021432876586914
2022-07-20,5.470200061798096,5.155895,0.31430482864379883
2022-07-21,5.497799873352051,5.1598034,0.3379964828491211
2022-07-22,5.496699810028076,5.1628966,0.3338031768798828
2022-07-25,5.356299877166748,5.1655307,0.19076919555664062
2022-07-26,5.350100040435791,5.1671104,0.18298959732055664
2022-07-27,5.243000030517578,5.169701,0.07329893112182617
2022-07-28,5.182700157165527,5.172654,0.010046005249023438
2022-07-29,5.171199798583984,5.175761,-0.004561424255371094
2022-08-01,5.184000015258789,5.1804376,0.003562450408935547
2022-08-02,5.277699947357178,5.183799,0.09390115737915039
2022-08-03,5.282700061798096,5.187717,0.09498310089111328
2022-08-04,5.211100101470947,5.1911044,0.019995689392089844
2022-08-05,5.164599895477295,5.1931458,-0.028545856475830078
2022-08-08,5.110099792480469,5.19405,-0.08395004272460938
2022-08-09,5.123700141906738,5.1938047,-0.07010459899902344
2022-08-10,5.093699932098389,5.1942124,-0.10051250457763672
2022-08-11,5.1570000648498535,5.1938014,-0.03680133819580078
2022-08-12,5.074900150299072,5.1943235,-0.11942338943481445
2022-08-15,5.095600128173828,5.19484,-0.09923982620239258
2022-08-16,5.1417388916015625,5.1952147,-0.05347585678100586
2022-08-17,5.164999961853027,5.194757,-0.029757022857666016
2022-08-18,5.166999816894531,5.1941185,-0.027118682861328125
2022-08-19,5.168399810791016,5.192358,-0.023958206176757812
2022-08-22,5.156099796295166,5.1893215,-0.03322172164916992
2022-08-23,5.103499889373779,5.186562,-0.08306217193603516
2022-08-24,5.110099792480469,5.184363,-0.07426309585571289
2022-08-25,5.108699798583984,5.1834946,-0.07479476928710938
2022-08-26,5.0625,5.1808214,-0.11832141876220703
2022-08-29,5.027200222015381,5.178124,-0.1509237289428711
2022-08-30,5.1219000816345215,5.175363,-0.053462982177734375
2022-08-31,5.181700229644775,5.1727314,0.008968830108642578
2022-09-01,5.2403998374938965,5.169525,0.07087469100952148
2022-09-02,5.171000003814697,5.1648417,0.006158351898193359
2022-09-05,5.153900146484375,5.160104,-0.006203651428222656
2022-09-06,5.247200012207031,5.1552753,0.09192466735839844
2022-09-07,5.246699810028076,5.151765,0.09493494033813477
2022-09-08,5.2133002281188965,5.148943,0.06435728073120117
2022-09-09,5.146299839019775,5.1475267,-0.0012269020080566406
2022-09-12,5.0920000076293945,5.147129,-0.055129051208496094
2022-09-13,5.189799785614014,5.1440754,0.04572439193725586
2022-09-14,5.162700176239014,5.1415315,0.02116870880126953
2022-09-15,5.246099948883057,5.1386223,0.10747766494750977
2022-09-16,5.250699996948242,5.1357117,0.11498832702636719
2022-09-19,5.170899868011475,5.1338243,0.03707551956176758
2022-09-20,5.141499996185303,5.13172,0.009779930114746094
2022-09-21,5.170400142669678,5.12889,0.04151010513305664
2022-09-22,5.115499973297119,5.125982,-0.010481834411621094
2022-09-23,5.258800029754639,5.12221,0.13659000396728516
2022-09-26,5.389400005340576,5.117906,0.27149391174316406
2022-09-27,5.378099918365479,5.1138787,0.2642211914062509
2022-09-28,5.374199867248535,5.1117,0.2624998092651367
2022-09-29,5.396200180053711,5.108905,0.2872953414916992
2022-09-30,5.414299964904785,5.105821,0.30847883224487305
2022-10-03,5.16349983215332,5.1002464,0.06325340270996094
2022-10-04,5.17579984664917,5.0932026,0.08259725570678711
2022-10-05,5.195199966430664,5.084027,0.11117315292358398
2022-10-06,5.220099925994873,5.072766,0.14733409881591797
2022-10-07,5.198400020599365,5.0595064,0.13889360427856445
2022-10-10,5.186800003051758,5.045738,0.14106178283691406
2022-10-11,5.292099952697754,5.032415,0.25968503952026367
2022-10-12,5.291500091552734,5.0202646,0.27123546600341797
2022-10-13,5.259799957275391,5.011356,0.2484440803527832
2022-10-14,5.327400207519531,5.002599,0.3248014450073242
2022-10-17,5.277359008789063,4.996677,0.28068208694458097
2022-10-18,5.239799976348877,4.9924173,0.24738264083862305
2022-10-19,5.269199848175049,4.989189,0.2800107002258301
2022-10-20,5.216599941253662,4.9859333,0.2306666374206543
2022-10-21,5.163400173187256,4.9838505,0.1795496940612793
2022-10-24,5.30620002746582,4.983111,0.3230891227722168
2022-10-25,5.315199851989746,4.983704,0.3314957618713379
2022-10-26,5.383900165557861,4.9845777,0.399322509765625
2022-10-27,5.339200019836426,4.9849687,0.3542313575744629
2022-10-28,5.28849983215332,4.986443,0.30205678939819336
2022-10-31,5.178800106048584,4.987486,0.1913142204284668
2022-11-01,5.142399787902832,4.9824753,0.15992450714111328
2022-11-02,5.142600059509277,4.9736795,0.16892051696777344
2022-11-03,5.1149001121521,4.963221,0.15167903900146484
2022-11-04,5.078132152557373,4.9545436,0.12358856201171875
2022-11-07,5.153326988220215,4.9477262,0.20560073852539062
2022-11-08,5.14300012588501,4.94244,0.2005600929260254
2022-11-09,5.185200214385986,4.937543,0.24765729904174805
2022-11-10,5.341579914093018,4.9369993,0.40458059310913086
2022-11-11,5.279058933258057,4.9386444,0.34041452407836914
2022-11-14,5.331200122833252,4.9402122,0.3909878730773926
2022-11-15,5.331699848175049,4.9427776,0.38892221450805664
2022-11-16,5.39900016784668,4.944792,0.4542083740234375
2022-11-17,5.422100067138672,4.945993,0.476107120513916
2022-11-18,5.38129997253418,4.9472523,0.4340476989746094
2022-11-21,5.318600177764893,4.948221,0.3703789710998535
2022-11-22,5.357699871063232,4.950019,0.4076809883117676
2022-11-23,5.35830020904541,4.9515233,0.40677690505981445
2022-11-24,5.320000171661377,4.952657,0.3673429489135742
2022-11-25,5.4085001945495605,4.9535627,0.4549374580383301
2022-11-28,5.364699840545654,4.9534554,0.41124439239501953
2022-11-29,5.268199920654297,4.953023,0.31517696380615234
2022-11-30,5.181589126586914,4.954406,0.22718334197998047
2022-12-01,5.183599948883057,4.9545293,0.22907066345214844
2022-12-02,5.2179999351501465,4.9524302,0.26556968688964844
2022-12-05,5.28000020980835,4.9478445,0.332155704498291
2022-12-06,5.234000205993652,4.941086,0.29291439056396484
2022-12-07,5.203999996185303,4.933423,0.27057695388793945
2022-12-08,5.224299907684326,4.926214,0.29808568954467773
2022-12-09,5.235000133514404,4.91894,0.31606006622314453
2022-12-12,5.321300029754639,4.9133916,0.40790843963623047
2022-12-13,5.292799949645996,4.909216,0.38358402252197266
2022-12-14,5.277200222015381,4.905789,0.3714113235473633
2022-12-15,5.311800003051758,4.901602,0.4101982116699219
2022-12-16,5.306509017944336,4.896989,0.40952014923095703
2022-12-19,5.291600227355957,4.89255,0.399050235748291
2022-12-20,5.198400020599365,4.8889794,0.3094205856323242
2022-12-21,5.199900150299072,4.887264,0.3126363754272461
2022-12-22,5.165599822998047,4.8855305,0.28006935119628906
2022-12-23,5.164299964904785,4.8847075,0.27959251403808594
2022-12-26,5.21750020980835,4.8842955,0.3332047462463379
2022-12-27,5.292300224304199,4.8839283,0.4083719253540039
2022-12-28,5.2667999267578125,4.882964,0.3838357925415039
2022-12-29,5.284599781036377,4.882707,0.40189266204833984
2022-12-30,5.2855000495910645,4.8829665,0.40253353118896484
2023-01-02,5.360130786895752,4.8700094,0.49012136459350586
2023-01-03,5.478499889373779,4.849882,0.6286177635192871
2023-01-04,5.430099964141846,4.8253527,0.6047472953796387
2023-01-05,5.349800109863281,4.79944,0.5503602027893066
2023-01-06,5.224400043487549,4.7747273,0.4496726989746094
2023-01-09,5.253699779510498,4.7519846,0.5017151832580566
2023-01-10,5.198299884796143,4.731734,0.4665660858154297
2023-01-11,5.1585001945495605,4.715036,0.4434642791748047
2023-01-12,5.107699871063232,4.701426,0.40627384185791016
2023-01-13,5.080699920654297,4.6906934,0.39000654220581055
2023-01-16,5.145999908447266,4.681955,0.46404504776000977
2023-01-17,5.099599838256836,4.675016,0.42458391189575195
2023-01-18,5.185299873352051,4.6692076,0.5160923004150391
2023-01-19,5.172999858856201,4.6644816,0.5085182189941406
2023-01-20,5.206299781799316,4.6615343,0.5447654724121094
2023-01-23,5.205900192260742,4.660212,0.5456881523132324
2023-01-24,5.138400077819824,4.6595855,0.47881460189819336
2023-01-25,5.072199821472168,4.659708,0.4124917984008789
2023-01-26,5.062745094299316,4.660862,0.4018831253051758
2023-01-27,5.107200145721436,4.662043,0.44515705108642667
2023-01-30,5.1149001121521,4.6622105,0.45268964767456055
2023-01-31,5.072199821472168,4.6627674,0.40943241119384766
2023-02-01,5.053500175476074,4.6576824,0.39581775665283203
2023-02-02,5.049200057983398,4.6499863,0.3992137908935547
2023-02-03,5.149799823760986,4.640436,0.5093636512756348
2023-02-06,5.145699977874756,4.63057,0.5151300430297852
2023-02-07,5.2093000411987305,4.622155,0.5871448516845703
2023-02-08,5.19950008392334,4.6151233,0.5843768119812012
2023-02-09,5.289500236511231,4.6088715,0.6806287765502939
2023-02-10,5.213482856750488,4.603686,0.6097970008850098
2023-02-13,5.158400058746338,4.5997243,0.5586757659912109
2023-02-14,5.191500186920166,4.5969005,0.594599723815918
2023-02-15,5.2179999351501465,4.5951047,0.6228952407836914
2023-02-16,5.216800212860107,4.594022,0.6227784156799316
2023-02-17,5.165168762207031,4.592711,0.5724577903747559
2023-02-20,5.1666998863220215,4.5911627,0.5755372047424316
2023-02-21,5.166500091552734,4.589132,0.5773682594299316
2023-02-22,5.151199817657471,4.586287,0.5649127960205078
2023-02-23,5.136199951171875,4.5837727,0.5524272918701172
2023-02-24,5.207799911499023,4.581432,0.6263680458068848
2023-02-27,5.199699878692627,4.5788717,0.6208281517028809
2023-02-28,5.235899925231934,4.576756,0.6591439247131348
2023-03-01,5.178299903869629,4.5959153,0.5823845863342285
2023-03-02,5.1996002197265625,4.63089,0.5687103271484375
2023-03-03,5.194399833679199,4.675128,0.5192718505859375
2023-03-06,5.152200222015381,4.7216573,0.4305429458618164
2023-03-07,5.190000057220459,4.7643375,0.4256625175476074
2023-03-08,5.144400119781494,4.801558,0.34284210205078125
2023-03-09,5.163700103759766,4.831997,0.33170318603515625
2023-03-10,5.21560001373291,4.8559804,0.3596196174621582
2023-03-13,5.245699882507324,4.87426,0.37143993377685547
2023-03-14,5.251699924468994,4.888346,0.3633537292480469
2023-03-15,5.287099838256836,4.898339,0.388761043548584
2023-03-16,5.229599952697754,4.9063907,0.323209285736084
2023-03-17,5.2778000831604,4.911769,0.3660311698913574
2023-03-20,5.235700130462647,4.9157567,0.31994342803955167
2023-03-21,5.240900039672852,4.9190784,0.3218216896057129
2023-03-22,5.236100196838379,4.9210396,0.3150606155395508
2023-03-23,5.29670000076294,4.9221196,0.37458038330078214
2023-03-24,5.245100021362305,4.922598,0.32250213623046875
2023-03-27,5.197100162506104,4.9233065,0.2737936973571786
2023-03-28,5.164400100708008,4.9240108,0.24038934707641602
2023-03-29,5.134200096130371,4.925407,0.20879316329956055
2023-03-30,5.092700004577637,4.9273806,0.16531944274902344
2023-03-31,5.062300205230713,4.93024,0.13206005096435547
2023-04-03,5.06309986114502,4.925576,0.13752365112304776
2023-04-04,5.070700168609619,4.9174857,0.1532144546508789
2023-04-05,5.033199787139893,4.9069953,0.1262044906616211
2023-04-06,5.058300018310547,4.895724,0.16257619857788086
2023-04-07,5.054399967193604,4.884583,0.1698169708251962
2023-04-10,5.065299987792969,4.874279,0.19102096557617188
2023-04-11,5.004000186920166,4.865617,0.1383833885192871
2023-04-12,4.916900157928467,4.8586106,0.058289527893066406
2023-04-13,4.926700115203857,4.853372,0.07332801818847656
2023-04-14,4.908699989318848,4.8494897,0.05921030044555664
2023-04-17,4.939799785614014,4.8464303,0.0933694839477539
2023-04-18,4.984300136566162,4.8442388,0.1400613784790039
2023-04-19,5.074299812316895,4.8423014,0.2319984436035165
2023-04-20,5.047699928283691,4.8401027,0.2075972557067871
2023-04-21,5.047900199890137,4.8382893,0.2096109390258789
2023-04-24,5.033400058746338,4.836917,0.19648313522338867
2023-04-25,5.053100109100342,4.8348484,0.21825170516967773
2023-04-26,5.043000221252441,4.832043,0.21095705032348633
2023-04-27,4.976200103759766,4.830092,0.14610815048217773
2023-04-28,4.986000061035156,4.8293505,0.15664958953857422
2023-05-01,4.9878997802734375,4.8333316,0.15456819534301758
2023-05-02,5.038400173187256,4.8393188,0.1990814208984375
2023-05-03,4.994400024414063,4.8466043,0.14779567718505948
2023-05-04,4.982600212097168,4.854619,0.12798118591308594
2023-05-05,4.951700210571289,4.864314,0.0873861312866211
2023-05-08,5.007999897003174,4.874587,0.13341283798217773
2023-05-09,4.985899925231934,4.884333,0.10156679153442383
2023-05-10,4.94290018081665,4.893162,0.049738407135009766
2023-05-11,4.929500102996826,4.90047,0.029030323028564453
2023-05-12,4.920199871063232,4.9063463,0.01385354995727539
2023-05-15,4.887899875640869,4.9114084,-0.023508548736572266
2023-05-16,4.93940019607544,4.915265,0.02413511276245206
2023-05-17,4.937699794769287,4.9191613,0.018538475036621094
2023-05-18,4.964399814605713,4.9228086,0.04159116744995117
2023-05-19,4.996799945831299,4.9258156,0.0709843635559082
2023-05-22,4.966100215911865,4.9284143,0.03768587112426758
2023-05-23,4.971199989318848,4.9301696,0.0410304069519043
2023-05-24,4.958600044250488,4.9314704,0.027129650115966797
2023-05-25,5.035200119018555,4.9323816,0.10281848907470703
2023-05-26,4.992800235748291,4.9339414,0.05885887145996094
2023-05-29,5.018099784851074,4.9351506,0.08294916152954102
2023-05-30,5.034800052642822,4.935819,0.09898090362548828
2023-05-31,5.054800033569336,4.9355807,0.11921930313110352
2023-06-01,5.0131001472473145,4.929783,0.08331727981567383
2023-06-02,4.956600189208984,4.9228745,0.033725738525390625
2023-06-05,4.925600051879883,4.9159484,0.009651660919189453
2023-06-06,4.912000179290772,4.9097533,0.002246856689454013
2023-06-07,4.922399997711182,4.9048276,0.017572402954101562
2023-06-08,4.922100067138672,4.901211,0.0208892822265625
2023-06-09,4.877900123596191,4.8985057,-0.02060556411743164
2023-06-12,4.860599994659424,4.896098,-0.03549814224243164
2023-06-13,4.861000061035156,4.895215,-0.03421497344970703
2023-06-14,4.815000057220459,4.894483,-0.0794830322265625
2023-06-15,4.809199810028076,4.8953395,-0.08613967895507812
2023-06-16,4.807000160217285,4.89668,-0.08967971801757812
2023-06-19,4.776899814605713,4.8977036,-0.1208038330078125
2023-06-20,4.789299964904785,4.8984222,-0.10912227630615234
2023-06-21,4.76230001449585,4.8991637,-0.13686370849609375
2023-06-22,4.7697367668151855,4.8994446,-0.12970781326293945
2023-06-23,4.7855000495910645,4.8989687,-0.11346864700317383
2023-06-26,4.767300128936768,4.898231,-0.13093090057373047
2023-06-27,4.810500144958496,4.897616,-0.08711576461791992
2023-06-28,4.850500106811523,4.897483,-0.046982765197753906
2023-06-29,4.855599880218506,4.8975935,-0.04199361801147461
2023-06-30,4.784200191497803,4.898741,-0.11454057693481445
2023-07-03,4.80649995803833,4.8997955,-0.09329557418823242
2023-07-04,4.839900016784668,4.9000287,-0.06012868881225586
2023-07-05,4.8471999168396,4.8997593,-0.05255937576293945
2023-07-06,4.918700218200684,4.898699,0.02000141143798828
2023-07-07,4.8709001541137695,4.897317,-0.026416778564453125
2023-07-10,4.898200035095215,4.89575,0.0024499893188476562
2023-07-11,4.851500034332275,4.8948545,-0.04335451126098633
2023-07-12,4.81689977645874,4.894536,-0.0776362419128418
2023-07-13,4.7947998046875,4.8949194,-0.10011959075927734
2023-07-14,4.788099765777588,4.8951592,-0.10705947875976562
2023-07-17,4.805799961090088,4.894995,-0.08919525146484375
2023-07-18,4.809299945831299,4.8955255,-0.08622550964355469
2023-07-19,4.789899826049805,4.8960276,-0.10612773895263672
2023-07-20,4.796899795532227,4.8961396,-0.09923982620239258
2023-07-21,4.777400016784668,4.8964047,-0.11900472640991211
2023-07-24,4.725500106811523,4.8973436,-0.1718435287475586
2023-07-25,4.748899936676025,4.8986926,-0.14979267120361328
2023-07-26,4.736199855804443,4.89976,-0.1635599136352539
2023-07-27,4.741600036621094,4.900852,-0.15925216674804688
2023-07-28,4.723299980163574,4.9021287,-0.17882871627807617
2023-07-31,4.724699974060059,4.9036417,-0.1789417266845703
2023-08-01,4.791999816894531,4.9096613,-0.1176614761352539
2023-08-02,4.810400009155273,4.9158688,-0.10546875
2023-08-03,4.916399955749512,4.9225464,-0.006146430969238281
2023-08-04,4.88539981842041,4.9289694,-0.04356956481933594
2023-08-07,4.89900016784668,4.9346304,-0.035630226135253906
2023-08-08,4.898600101470947,4.9393277,-0.04072761535644531
2023-08-09,4.901700019836426,4.942991,-0.0412907600402832
2023-08-10,4.891499996185303,4.9454236,-0.053923606872558594
2023-08-11,4.910999774932861,4.947221,-0.03622102737426758
2023-08-14,4.962100028991699,4.948772,0.013328075408935547
2023-08-15,4.983200073242188,4.9490304,0.03416967391967862
2023-08-16,4.9868998527526855,4.9482155,0.03868436813354492
2023-08-17,4.975500106811523,4.947005,0.028495311737060547
2023-08-18,4.966899871826172,4.9458904,0.021009445190429688
2023-08-21,4.978700160980225,4.9452252,0.03347492218017578
2023-08-22,4.937099933624268,4.9443903,-0.007290363311767578
2023-08-23,4.855100154876709,4.943898,-0.08879804611206055
2023-08-24,4.880300045013428,4.943079,-0.06277894973754883
2023-08-25,4.870399951934815,4.942687,-0.07228708267211825
2023-08-28,4.872600078582764,4.9426045,-0.07000446319580078
2023-08-29,4.85129976272583,4.9435353,-0.09223556518554688
2023-08-30,4.888400077819824,4.9449368,-0.05653667449951172
2023-08-31,4.953800201416016,4.9466,0.0072002410888671875
2023-09-01,4.97629976272583,4.942679,0.03362083435058594
2023-09-04,4.936200141906738,4.9362326,-3.24249267578125e-05
2023-09-05,4.966700077056885,4.928746,0.037953853607177734
2023-09-06,4.977000236511231,4.921084,0.05591630935669034
2023-09-07,4.976099967956543,4.913578,0.06252193450927734
2023-09-08,4.982999801635742,4.90716,0.07583999633789062
2023-09-11,4.929399967193604,4.9020267,0.027373313903809482
2023-09-12,4.946599960327148,4.898156,0.04844379425048828
2023-09-13,4.91540002822876,4.895205,0.02019500732421875
2023-09-14,4.868199825286865,4.8937635,-0.025563716888427734
2023-09-15,4.867000102996826,4.8926487,-0.02564859390258789
2023-09-18,4.853700160980225,4.8920174,-0.038317203521728516
2023-09-19,4.865799903869629,4.8915234,-0.02572345733642578
2023-09-20,4.878799915313721,4.890593,-0.011793136596679688
2023-09-21,4.934899806976318,4.889153,0.045746803283691406
2023-09-22,4.933899879455566,4.8879833,0.04591655731201172
2023-09-25,4.968299865722656,4.8872395,0.08106040954589844
2023-09-26,4.986199855804443,4.8863354,0.09986448287963867
2023-09-27,5.042200088500977,4.886109,0.15609121322631836
2023-09-28,5.032800197601318,4.885978,0.1468219757080078
2023-09-29,5.042799949645996,4.885926,0.1568741798400879
2023-10-02,5.061500072479248,4.889488,0.1720118522644043
2023-10-03,5.166299819946289,4.894215,0.27208471298217773
2023-10-04,5.154600143432617,4.8986635,0.2559366226196289
2023-10-05,5.164999961853027,4.9027486,0.2622513771057129
2023-10-06,5.145699977874756,4.907103,0.23859691619873047
2023-10-09,5.135200023651123,4.9121723,0.22302770614624023
2023-10-10,5.051000118255615,4.9168773,0.1341228485107422
2023-10-11,5.049600124359131,4.9206944,0.1289057731628418
2023-10-12,5.045899868011475,4.9234385,0.12246131896972656
2023-10-13,5.048200130462647,4.9261765,0.12202358245849698
2023-10-16,5.037600040435791,4.9284897,0.10911035537719727
2023-10-17,5.037399768829346,4.9305177,0.10688209533691406
2023-10-18,5.056099891662598,4.931903,0.12419700622558594
2023-10-19,5.062900066375732,4.9326086,0.13029146194458008
2023-10-20,5.031300067901611,4.9324307,0.09886932373046875
2023-10-23,5.01230001449585,4.9314213,0.08087873458862305
2023-10-24,4.991000175476074,4.9304466,0.060553550720214844
2023-10-25,4.994699954986572,4.9294524,0.0652475357055664
2023-10-26,4.985300064086914,4.927459,0.05784130096435547
2023-10-27,4.952030181884766,4.9260154,0.02601480484008789
2023-10-30,5.04610013961792,4.924488,0.1216120719909668
2023-10-31,5.03410005569458,4.923229,0.1108708381652832
2023-11-01,4.953700065612793,4.9196734,0.0340266227722168
2023-11-02,4.952899932861328,4.9164586,0.03644132614135742
2023-11-03,4.899199962615967,4.9134393,-0.014239311218261719
2023-11-06,4.884099960327148,4.9108295,-0.026729583740234375
2023-11-07,4.871500015258789,4.907699,-0.036199092864990234
2023-11-08,4.909299850463867,4.904357,0.004942893981933594
2023-11-09,4.933899879455566,4.9008827,0.03301715850830078
2023-11-10,4.893379211425781,4.898391,-0.005011558532714844
2023-11-13,4.906199932098389,4.8965483,0.009651660919189453
2023-11-14,4.864500045776367,4.89558,-0.031079769134521484
2023-11-15,4.860899925231934,4.8948135,-0.033913612365722656
2023-11-16,4.862199783325195,4.893302,-0.03110218048095703
2023-11-17,4.819177150726318,4.8923907,-0.07321357727050781
2023-11-20,4.851799964904785,4.892114,-0.0403141975402832
2023-11-21,4.8993000984191895,4.891958,0.007341861724853516
2023-11-22,4.9054999351501465,4.891708,0.013792037963867188
2023-11-23,4.902500152587891,4.8912024,0.01129770278930664
2023-11-24,4.900899887084961,4.8905115,0.010388374328613281
2023-11-27,4.895500183105469,4.889403,0.006097316741943359
2023-11-28,4.869800090789795,4.888502,-0.018702030181884766
2023-11-29,4.904099941253662,4.8880014,0.016098499298095703
2023-11-30,4.923099994659424,4.8872204,0.03587961196899414
2023-12-01,4.902159214019775,4.8885193,0.01363992691040039
2023-12-04,4.9430999755859375,4.8895025,0.053597450256347656
2023-12-05,4.927700042724609,4.889673,0.03802680969238281
2023-12-06,4.901199817657471,4.8883505,0.01284933090209961
2023-12-07,4.910099983215332,4.8863845,0.023715496063232422
2023-12-08,4.893286228179932,4.884404,0.00888204574584961
2023-12-11,4.936699867248535,4.882525,0.05417490005493164
2023-12-12,4.964499950408936,4.880241,0.08425903320312589
2023-12-13,4.918399810791016,4.878177,0.0402226448059082
2023-12-14,4.914599895477295,4.877441,0.037158966064453125
2023-12-15,4.919657230377197,4.877447,0.04221010208129883
2023-12-18,4.895899772644043,4.8777895,0.018110275268554688
2023-12-19,4.866499900817871,4.8785667,-0.012066841125488281
2023-12-20,4.914599895477295,4.8789496,0.03565025329589844
2023-12-21,4.881800174713135,4.879161,0.002639293670654297
2023-12-22,4.86984395980835,4.8793154,-0.009471416473388672
2023-12-25,4.869743824005127,4.8795877,-0.009843826293945312
2023-12-26,4.813499927520752,4.8800845,-0.06658458709716797
2023-12-27,4.826099872589111,4.880313,-0.05421304702758789
2023-12-28,4.850200176239014,4.880009,-0.029808998107910156
2023-12-29,4.850500106811523,4.8792996,-0.02879953384399414
2024-01-01,4.852399826049805,4.875661,-0.023261070251464844
2024-01-02,4.922500133514404,4.8701706,0.05232954025268555
2024-01-03,4.9191999435424805,4.8634543,0.055745601654052734
2024-01-04,4.895599842071533,4.8562083,0.039391517639160156
2024-01-05,4.8606672286987305,4.848983,0.011684417724609375
2024-01-08,4.86899995803833,4.842309,0.026690959930419922
2024-01-09,4.905099868774414,4.836536,0.06856393814086914
2024-01-10,4.89139986038208,4.8315916,0.05980825424194336
2024-01-11,4.869699954986572,4.8273735,0.04232645034790039
2024-01-12,4.85290002822876,4.8238664,0.029033660888671875
2024-01-15,4.862199783325195,4.820746,0.04145383834838867
2024-01-16,4.924900054931641,4.8182592,0.10664081573486328
2024-01-17,4.934000015258789,4.815863,0.11813688278198242
2024-01-18,4.92609977722168,4.814515,0.11158466339111328
2024-01-19,4.904642105102539,4.8141503,0.09049177169799805
2024-01-22,4.98829984664917,4.8148737,0.17342615127563477
2024-01-23,4.952199935913086,4.8157673,0.13643264770507812
2024-01-24,4.932499885559082,4.8170795,0.11542034149169922
2024-01-25,4.915800094604492,4.819065,0.09673500061035156
2024-01-26,4.913599967956543,4.8212495,0.09235048294067383
2024-01-29,4.950200080871582,4.8236027,0.12659740447998047
2024-01-30,4.950300216674805,4.8260527,0.12424755096435547
2024-01-31,4.951900005340576,4.827056,0.12484407424926758
2024-02-01,4.914999961853027,4.8252473,0.0897526741027832
2024-02-02,4.932938098907471,4.8220463,0.11089181900024414
2024-02-05,4.949943065643311,4.8176384,0.13230466842651456
2024-02-06,4.962299823760986,4.812505,0.1497950553894043
2024-02-07,4.969299793243408,4.807914,0.16138601303100586
2024-02-08,4.991899967193604,4.8041296,0.18777036666870206
2024-02-09,4.953100204467773,4.801039,0.15206098556518555
2024-02-12,4.952199935913086,4.7984314,0.15376853942871094
2024-02-13,4.952000141143799,4.795736,0.1562643051147461
2024-02-14,4.968299865722656,4.7933435,0.1749563217163086
2024-02-15,4.972400188446045,4.791775,0.18062496185302734
2024-02-16,4.965099811553955,4.7908187,0.17428112030029297
2024-02-19,4.956399917602539,4.7900825,0.16631746292114258
2024-02-20,4.926400184631348,4.7892613,0.13713884353637695
2024-02-21,4.934899806976318,4.7885547,0.1463451385498047
2024-02-22,4.962399959564209,4.7889724,0.17342758178710938
2024-02-23,4.993500232696533,4.789783,0.20371723175048828
2024-02-26,4.978899955749512,4.790642,0.18825817108154297
2024-02-27,4.932400226593018,4.7915645,0.14083576202392578
2024-02-28,4.967299938201904,4.792574,0.17472600936889648
2024-02-29,4.969799995422363,4.793608,0.1761918067932129
2024-03-01,4.952700138092041,4.7975926,0.1551074981689453
2024-03-04,4.944900035858154,4.805293,0.13960695266723633
2024-03-05,4.957099914550781,4.8163657,0.14073419570922852
2024-03-06,4.943600177764893,4.8300467,0.11355352401733398
2024-03-07,4.933800220489502,4.8454757,0.08832454681396484
2024-03-08,4.977540016174316,4.8606863,0.11685371398925781
2024-03-11,4.977399826049805,4.8748446,0.1025552749633789
2024-03-12,4.968699932098389,4.887893,0.08080673217773438
2024-03-13,4.969200134277344,4.899819,0.0693812370300293
2024-03-14,4.992700099945068,4.9103804,0.08231973648071289
2024-03-15,4.968047142028809,4.9192357,0.04881143569946289
2024-03-18,5.029399871826172,4.927147,0.10225296020507812
2024-03-19,5.03000020980835,4.934374,0.0956263542175293
2024-03-20,4.96619987487793,4.9407115,0.02548837661743164
2024-03-21,4.974500179290772,4.946679,0.027821063995362216
2024-03-22,5.000899791717529,4.9519796,0.0489201545715332
2024-03-25,4.9721999168396,4.9563627,0.01583719253540039
2024-03-26,4.9756999015808105,4.9597282,0.015971660614013672
2024-03-27,4.990300178527832,4.9626875,0.027612686157226562
2024-03-28,5.014100074768066,4.965406,0.04869413375854492
2024-03-29,5.013199806213379,4.967768,0.04543161392211914
2024-04-01,5.053599834442139,4.9746284,0.07897138595581055
2024-04-02,5.06440019607544,4.9816794,0.0827207565307626
2024-04-03,5.038599967956543,4.9886065,0.04999351501464844
2024-04-04,5.057400226593018,4.994168,0.063232421875
2024-04-05,5.054900169372559,4.999312,0.0555882453918457
2024-04-08,5.023900032043457,5.0032864,0.020613670349121094
2024-04-09,5.007599830627441,5.0063157,0.0012841224670410156
2024-04-10,5.066199779510498,5.0083675,0.05783224105834961
2024-04-11,5.090400218963623,5.0100822,0.08031797409057617
2024-04-12,5.117099761962891,5.010844,0.10625553131103516
2024-04-15,5.183700084686279,5.010572,0.1731281280517578
2024-04-16,5.2855000495910645,5.0100107,0.27548933029174805
2024-04-17,5.232600212097168,5.0088778,0.2237224578857422
2024-04-18,5.241700172424316,5.007586,0.2341141700744629
2024-04-19,5.206200122833252,5.0058365,0.2003636360168457
2024-04-22,5.1656999588012695,5.004628,0.16107177734375
2024-04-23,5.130499839782715,5.004462,0.1260380744934082
2024-04-24,5.145500183105469,5.0045586,0.14094161987304688
