Data,Real,Previsto,Residuo
2016-06-10,3.415800094604492,3.2026374,0.21316266059875488
2016-06-13,3.477299928665161,3.2013302,0.2759697437286377
2016-06-14,3.475100040435791,3.2007403,0.27435970306396484
2016-06-15,3.469300031661988,3.200738,0.26856207847595304
2016-06-16,3.461199998855591,3.2006378,0.2605621814727783
2016-06-17,3.412800073623657,3.200553,0.21224713325500444
2016-06-20,3.391700029373169,3.2004302,0.1912698745727539
2016-06-21,3.412100076675415,3.19987,0.21222996711730957
2016-06-22,3.374300003051758,3.199215,0.17508506774902344
2016-06-23,3.336999893188477,3.198628,0.13837194442749068
2016-06-24,3.3677000999450684,3.197669,0.17003107070922852
2016-06-27,3.3893001079559326,3.1968222,0.19247794151306152
2016-06-28,3.302500009536743,3.1964602,0.10603976249694824
2016-06-29,3.237600088119507,3.1959462,0.04165387153625488
2016-06-30,3.205899953842163,3.1946356,0.011264324188232422
2016-07-01,3.230600118637085,3.1952257,0.03537440299987793
2016-07-04,3.2885000705718994,3.1951127,0.09338736534118652
2016-07-05,3.299099922180176,3.1951776,0.10392236709594727
2016-07-06,3.32699990272522,3.19549,0.1315100193023686
2016-07-07,3.3610999584198,3.1959429,0.16515707969665527
2016-07-08,3.2976999282836914,3.1963277,0.10137224197387695
2016-07-11,3.3071999549865723,3.1964145,0.11078548431396484
2016-07-12,3.2934999465942383,3.1961951,0.0973048210144043
2016-07-13,3.2616000175476074,3.1959743,0.06562566757202148
2016-07-14,3.2483999729156494,3.195325,0.05307507514953613
2016-07-15,3.276599884033203,3.1946247,0.08197522163391113
2016-07-18,3.2493999004364014,3.1940486,0.05535125732421875
2016-07-19,3.247900009155273,3.1933472,0.05455279350280717
2016-07-20,3.252700090408325,3.1925988,0.06010127067565918
2016-07-21,3.2685999870300293,3.1921046,0.07649540901184082
2016-07-22,3.251499891281128,3.1917176,0.05978226661682129
2016-07-25,3.282099962234497,3.1913104,0.0907895565032959
2016-07-26,3.2699999809265137,3.191021,0.0789790153503418
2016-07-27,3.2585999965667725,3.1908722,0.06772780418395996
2016-07-28,3.281899929046631,3.1905658,0.09133410453796387
2016-07-29,3.24620008468628,3.1904387,0.055761337280274326
2016-08-01,3.2583999633789062,3.1882036,0.07019639015197754
2016-08-02,3.2527999877929688,3.1867137,0.0660862922668457
2016-08-03,3.234600067138672,3.1856863,0.04891371726989746
2016-08-04,3.1868999004364014,3.1849625,0.0019373893737792969
2016-08-05,3.1607000827789307,3.1840537,-0.02335357666015625
2016-08-08,3.168600082397461,3.183062,-0.014461994171142578
2016-08-09,3.142899990081787,3.1822684,-0.039368391036987305
2016-08-10,3.1247000694274902,3.1814532,-0.05675315856933594
2016-08-11,3.138999938964844,3.1806931,-0.0416932106018062
2016-08-12,3.190500020980835,3.180171,0.010329008102416992
2016-08-15,3.184799909591675,3.1800876,0.004712343215942383
2016-08-16,3.201200008392334,3.180232,0.020967960357666016
2016-08-17,3.2047998905181885,3.1804285,0.02437138557434082
2016-08-18,3.2379000186920166,3.1806374,0.05726265907287598
2016-08-19,3.2044999599456787,3.181098,0.023401975631713867
2016-08-22,3.198699951171875,3.1813226,0.017377376556396484
2016-08-23,3.2355000972747803,3.1814241,0.05407595634460449
2016-08-24,3.223299980163574,3.1817317,0.04156827926635742
2016-08-25,3.228300094604492,3.1819983,0.046301841735839844
2016-08-26,3.2641000747680664,3.182318,0.08178210258483887
2016-08-29,3.22760009765625,3.1827047,0.04489541053771973
2016-08-30,3.236799955368042,3.1827974,0.05400252342224121
2016-08-31,3.2260000705718994,3.1826682,0.04333186149597168
2016-09-01,3.253200054168701,3.1802568,0.07294321060180664
2016-09-02,3.256099939346313,3.1794348,0.07666516304016069
2016-09-05,3.267199993133545,3.1787534,0.08844661712646484
2016-09-06,3.1963000297546387,3.1783214,0.017978668212890625
2016-09-07,3.190700054168701,3.177669,0.013031005859375
2016-09-08,3.214900016784668,3.1770458,0.03785419464111328
2016-09-09,3.271699905395508,3.1767364,0.09496355056762695
2016-09-12,3.246900081634521,3.1768003,0.07009983062744096
2016-09-13,3.3141000270843506,3.1770258,0.13707423210144043
2016-09-14,3.3434998989105225,3.1774867,0.16601324081420898
2016-09-15,3.299799919128418,3.1781902,0.12160968780517578
2016-09-16,3.265500068664551,3.1786654,0.08683466911315918
2016-09-19,3.271199941635132,3.178803,0.09239697456359863
2016-09-20,3.256099939346313,3.1788218,0.0772781372070308
2016-09-21,3.20959997177124,3.1787791,0.030820846557616743
2016-09-22,3.2170000076293945,3.1784923,0.038507699966430664
2016-09-23,3.2432000637054443,3.1779075,0.0652925968170166
2016-09-26,3.240600109100342,3.1776094,0.06299066543579102
2016-09-27,3.232599973678589,3.1774702,0.0551297664642334
2016-09-28,3.2177999019622803,3.177356,0.04044389724731445
2016-09-29,3.259299993515014,3.1773434,0.08195662498474077
2016-09-30,3.25979995727539,3.1775026,0.0822973251342769
2016-10-03,3.208699941635132,3.1813126,0.027387380599975586
2016-10-04,3.254499912261963,3.1835716,0.07092833518981934
2016-10-05,3.2184998989105225,3.1855924,0.03290748596191406
2016-10-06,3.2272000312805176,3.1870189,0.04018115997314453
2016-10-07,3.219300031661988,3.1878958,0.0314042568206796
2016-10-10,3.202699899673462,3.1883528,0.014347076416015625
2016-10-11,3.1958999633789062,3.1886034,0.007296562194824219
2016-10-12,3.200700044631958,3.1886377,0.012062311172485352
2016-10-13,3.177299976348877,3.1886218,-0.011321783065795898
2016-10-14,3.20199990272522,3.1884794,0.013520479202270952
2016-10-17,3.204200029373169,3.1883183,0.015881776809692383
2016-10-18,3.1816999912261963,3.1881104,-0.006410360336303711
2016-10-19,3.166100025177002,3.1877975,-0.021697521209716797
2016-10-20,3.1391000747680664,3.1870213,-0.047921180725097656
2016-10-21,3.148900032043457,3.1862364,-0.03733634948730469
2016-10-24,3.124500036239624,3.1855116,-0.061011552810668945
2016-10-25,3.1103999614715576,3.1848109,-0.07441091537475586
2016-10-26,3.138799905776977,3.184063,-0.04526305198669478
2016-10-27,3.165299892425537,3.1836514,-0.01835155487060547
2016-10-28,3.2030999660491943,3.1835144,0.019585609436035156
2016-10-31,3.198199987411499,3.183519,0.014681100845336914
2016-11-01,3.235100030899048,3.180875,0.05422496795654297
2016-11-02,3.2525999546051025,3.1797047,0.07289528846740723
2016-11-03,3.2583999633789062,3.178927,0.07947301864624023
2016-11-04,3.232300043106079,3.1786115,0.05368852615356445
2016-11-07,3.200900077819824,3.1782653,0.02263474464416504
2016-11-08,3.168100118637085,3.1776173,-0.009517192840576172
2016-11-09,3.2330000400543213,3.1767359,0.05626416206359863
2016-11-10,3.3956000804901123,3.1763158,0.2192842960357666
2016-11-11,3.390000104904175,3.1772351,0.21276497840881348
2016-11-14,3.4402999877929688,3.178867,0.2614328861236572
2016-11-15,3.441699981689453,3.1807337,0.26096630096435547
2016-11-16,3.450700044631958,3.1826353,0.2680647373199463
2016-11-17,3.4323999881744385,3.1840703,0.24832963943481445
2016-11-18,3.382299900054932,3.1853366,0.19696331024169966
2016-11-21,3.387399911880493,3.1861186,0.20128130912780762
2016-11-22,3.363600015640259,3.1864986,0.17710137367248535
2016-11-23,3.4310998916625977,3.1864142,0.24468564987182617
2016-11-24,3.390700101852417,3.1863918,0.20430827140808105
2016-11-25,3.4210000038146973,3.1862957,0.23470425605773926
2016-11-28,3.40720009803772,3.186405,0.22079515457153365
2016-11-29,3.4537999629974365,3.1862123,0.26758766174316406
2016-11-30,3.406300067901612,3.1869254,0.21937465667724698
2016-12-01,3.572999954223633,3.1882553,0.38474464416503906
2016-12-02,3.4746999740600586,3.1904812,0.28421878814697266
2016-12-05,3.4200000762939453,3.1922894,0.22771072387695312
2016-12-06,3.406300067901612,3.1931014,0.2131986618042001
2016-12-07,3.381599903106689,3.1929264,0.18867349624633745
2016-12-08,3.373699903488159,3.192517,0.181182861328125
2016-12-09,3.377000093460083,3.192158,0.18484210968017578
2016-12-12,3.337300062179565,3.1919951,0.14530491828918413
2016-12-13,3.334199905395508,3.1918006,0.14239931106567383
2016-12-14,3.36899995803833,3.1912932,0.17770671844482422
2016-12-15,3.3657000064849854,3.1910725,0.17462754249572754
2016-12-16,3.390399932861328,3.1911848,0.19921517372131348
2016-12-19,3.363899946212769,3.1915016,0.17239832878112837
2016-12-20,3.353100061416626,3.1918936,0.16120648384094238
2016-12-21,3.325400114059448,3.1920767,0.1333234310150142
2016-12-22,3.28629994392395,3.1920466,0.0942533016204834
2016-12-23,3.2695000171661377,3.1917105,0.0777895450592041
2016-12-26,3.269599914550781,3.191069,0.07853102684020952
2016-12-27,3.269399881362915,3.1903558,0.07904410362243652
2016-12-28,3.282500028610229,3.1898146,0.09268546104431108
2016-12-29,3.2523000240325928,3.1892188,0.06308126449584961
2016-12-30,3.253200054168701,3.1885319,0.06466817855834961
2017-01-02,3.2839999198913574,3.1888905,0.09510946273803711
2017-01-03,3.263499975204468,3.1882842,0.07521581649780318
2017-01-04,3.214099884033203,3.1875393,0.026560544967651367
2017-01-05,3.197700023651123,3.1866987,0.011001348495483398
2017-01-06,3.2221999168396,3.1856272,0.03657269477844283
2017-01-09,3.195499897003174,3.184729,0.010770797729492188
2017-01-10,3.194499969482422,3.1837513,0.010748624801635742
2017-01-11,3.1963000297546387,3.1829243,0.01337575912475586
2017-01-12,3.186800003051758,3.1814208,0.005379199981689453
2017-01-13,3.186800003051758,3.1804082,0.006391763687133789
2017-01-16,3.240499973297119,3.1796238,0.06087613105773926
2017-01-17,3.2098000049591064,3.1793401,0.030459880828857422
2017-01-18,3.229599952697754,3.1790168,0.0505831241607666
2017-01-19,3.1949000358581543,3.1788132,0.016086816787719727
2017-01-20,3.1422998905181885,3.1786914,-0.036391496658325195
2017-01-23,3.1617000102996826,3.178255,-0.016555070877075195
2017-01-24,3.1686999797821045,3.1775725,-0.008872509002685547
2017-01-25,3.1684999465942383,3.1769824,-0.00848245620727539
2017-01-26,3.176100015640259,3.1765585,-0.0004584789276123047
2017-01-27,3.109600067138672,3.1762586,-0.06665849685668945
2017-01-30,3.125499963760376,3.1756907,-0.05019068717956543
2017-01-31,3.150099992752075,3.175291,-0.025191068649291992
2017-02-01,3.128000020980835,3.1749353,-0.046935319900512695
2017-02-02,3.122499942779541,3.1750245,-0.052524566650390625
2017-02-03,3.119499921798706,3.1747727,-0.055272817611694336
2017-02-06,3.1136999130249023,3.1744552,-0.060755252838134766
2017-02-07,3.1166999340057373,3.1741257,-0.057425737380981445
2017-02-08,3.115900039672852,3.1738064,-0.05790638923644975
2017-02-09,3.1287999153137207,3.1735048,-0.04470491409301758
2017-02-10,3.107100009918213,3.1733663,-0.06626629829406738
2017-02-13,3.110100030899048,3.1729648,-0.06286478042602539
2017-02-14,3.081199884414673,3.172383,-0.09118318557739258
2017-02-15,3.0560998916625977,3.1717606,-0.1156606674194336
2017-02-16,3.087500095367432,3.1709142,-0.08341407775878862
2017-02-17,3.095499992370605,3.170288,-0.07478809356689498
2017-02-20,3.0855000019073486,3.1699262,-0.0844261646270752
2017-02-21,3.093899965286255,3.169561,-0.07566094398498535
2017-02-22,3.062299966812134,3.1692238,-0.10692381858825684
2017-02-23,3.06030011177063,3.1677794,-0.10747933387756348
2017-02-24,3.094599962234497,3.1671352,-0.07253527641296387
2017-02-27,3.105299949645996,3.1669075,-0.06160759925842285
2017-02-28,3.1080000400543213,3.1670277,-0.059027671813964844
2017-03-01,3.088200092315674,3.1606095,-0.07240939140319824
2017-03-02,3.154599905014038,3.156905,-0.0023050308227539062
2017-03-03,3.119999885559082,3.1543198,-0.03431987762451172
2017-03-06,3.137200117111206,3.1527805,-0.015580415725708008
2017-03-07,3.115900039672852,3.1518433,-0.035943269729613814
2017-03-08,3.1593000888824463,3.1512043,0.008095741271972656
2017-03-09,3.1912999153137207,3.1508408,0.04045915603637695
2017-03-10,3.1475000381469727,3.1509826,-0.0034825801849365234
2017-03-13,3.152400016784668,3.1511273,0.0012726783752441406
2017-03-14,3.1637001037597656,3.1511536,0.012546539306640625
2017-03-15,3.099900007247925,3.1512225,-0.05132246017456055
2017-03-16,3.11929988861084,3.15107,-0.03177022933959961
2017-03-17,3.0866000652313232,3.1508524,-0.06425237655639648
2017-03-20,3.071000099182129,3.1506877,-0.07968759536743164
2017-03-21,3.086800098419189,3.1504548,-0.06365466117858931
2017-03-22,3.0848000049591064,3.1503887,-0.06558871269226074
2017-03-23,3.138099908828736,3.1504455,-0.012345552444457564
2017-03-24,3.1096999645233154,3.1506956,-0.04099559783935547
2017-03-27,3.125200033187866,3.1509833,-0.025783300399780273
2017-03-28,3.138400077819824,3.1510549,-0.012654781341552734
2017-03-29,3.122100114822388,3.1512659,-0.029165744781493697
2017-03-30,3.147700071334839,3.1514125,-0.0037124156951904297
2017-03-31,3.121799945831299,3.151638,-0.029838085174560547
2017-04-03,3.11299991607666,3.1537733,-0.04077339172363281
2017-04-04,3.095599889755249,3.1553257,-0.05972576141357422
2017-04-05,3.1196000576019287,3.156252,-0.0366518497467041
2017-04-06,3.1414999961853027,3.1569455,-0.015445470809936523
2017-04-07,3.144700050354004,3.1576862,-0.012986183166503906
2017-04-10,3.131799936294556,3.1583393,-0.026539325714110884
2017-04-11,3.1368000507354736,3.1588216,-0.02202153205871582
2017-04-12,3.123500108718872,3.1591597,-0.0356595516204834
2017-04-13,3.142400026321411,3.1579561,-0.015556097030639648
2017-04-14,3.143699884414673,3.1576707,-0.01397085189819336
2017-04-17,3.130300045013428,3.1574588,-0.027158737182616743
2017-04-18,3.1064999103546143,3.157263,-0.05076313018798828
2017-04-19,3.1482999324798584,3.156859,-0.008558988571166992
2017-04-20,3.14709997177124,3.1565604,-0.009460449218750444
2017-04-21,3.1468000411987305,3.156512,-0.009711980819702148
2017-04-24,3.127000093460083,3.156311,-0.029310941696166992
2017-04-25,3.147200107574463,3.1560192,-0.008819103240966797
2017-04-26,3.171099901199341,3.1558003,0.015299558639526367
2017-04-27,3.1810998916625977,3.1557918,0.02530813217163086
2017-04-28,3.176100015640259,3.1559815,0.02011847496032715
2017-05-01,3.175100088119507,3.1550057,0.02009439468383789
2017-05-02,3.1501998901367188,3.1536884,-0.0034885406494140625
2017-05-03,3.162100076675415,3.1526341,0.009465932846069336
2017-05-04,3.184900045394897,3.1518228,0.03307723999023393
2017-05-05,3.1777000427246094,3.151412,0.02628803253173828
2017-05-08,3.1963999271392822,3.1513577,0.04504227638244629
2017-05-09,3.186800003051758,3.1513932,0.03540682792663574
2017-05-10,3.165699958801269,3.1514602,0.014239788055419478
2017-05-11,3.138999938964844,3.1514387,-0.012438774108886275
2017-05-12,3.1777000427246094,3.1510978,0.02660226821899414
2017-05-15,3.1082000732421875,3.1507428,-0.04254269599914551
2017-05-16,3.0957999229431152,3.1502948,-0.05449485778808594
2017-05-17,3.1333999633789062,3.1497676,-0.016367673873901367
2017-05-18,3.36899995803833,3.1498814,0.21911859512329102
2017-05-19,3.2532999515533447,3.1517928,0.10150718688964844
2017-05-22,3.265399932861328,3.1542258,0.11117410659790039
2017-05-23,3.2685999870300293,3.1560478,0.11255216598510742
2017-05-24,3.274199962615967,3.1574903,0.11670970916748047
2017-05-25,3.2734999656677246,3.1583023,0.11519765853881836
2017-05-26,3.1777000427246094,3.158857,0.01884293556213379
2017-05-29,3.255399942398072,3.1588283,0.09657168388366788
2017-05-30,3.256200075149536,3.1586514,0.0975487232208252
2017-05-31,3.225100040435791,3.1587424,0.06635761260986328
2017-06-01,3.249000072479248,3.1515417,0.0974583625793457
2017-06-02,3.2492001056671143,3.1486006,0.10059952735900879
2017-06-05,3.296099901199341,3.1464539,0.14964604377746582
2017-06-06,3.276000022888184,3.1455045,0.13049554824829146
2017-06-07,3.2672998905181885,3.1447961,0.12250375747680664
2017-06-08,3.2595999240875244,3.144212,0.1153879165649414
2017-06-09,3.1777000427246094,3.14397,0.03373003005981445
2017-06-12,3.316699981689453,3.1435623,0.17313766479492188
2017-06-13,3.3143999576568604,3.1435857,0.17081427574157715
2017-06-14,3.272599935531616,3.1441212,0.1284787654876709
2017-06-15,3.273600101470948,3.1444626,0.1291375160217294
2017-06-16,3.288599967956543,3.1447177,0.14388227462768555
2017-06-19,3.281100034713745,3.14485,0.13625001907348633
2017-06-20,3.325500011444092,3.1450934,0.1804065704345703
2017-06-21,3.333400011062622,3.1455464,0.18785357475280762
2017-06-22,3.3396999835968018,3.1462846,0.19341540336608887
2017-06-23,3.3415000438690186,3.1471257,0.19437432289123535
2017-06-26,3.294800043106079,3.1478672,0.14693284034729004
2017-06-27,3.312000036239624,3.1484246,0.1635754108428955
2017-06-28,3.2795000076293945,3.148634,0.13086605072021484
2017-06-29,3.3027000427246094,3.1486769,0.1540231704711914
2017-06-30,3.1777000427246094,3.1485815,0.02911853790283203
2017-07-03,3.30049991607666,3.1521797,0.14832019805908203
2017-07-04,3.309200048446656,3.1530185,0.15618157386779874
2017-07-05,3.2869999408721924,3.1542635,0.1327364444732666
2017-07-06,3.297300100326538,3.155418,0.14188218116760254
2017-07-07,3.1777000427246094,3.1562262,0.02147388458251953
2017-07-10,3.2530999183654785,3.1562462,0.09685373306274414
2017-07-12,3.2067999839782715,3.1558533,0.050946712493896484
2017-07-13,3.2100000381469727,3.1553998,0.05460023880004883
2017-07-14,3.1777000427246094,3.1546586,0.023041486740112305
2017-07-17,3.1812000274658203,3.1537666,0.027433395385742188
2017-07-18,3.1526999473571777,3.1528544,-0.0001544952392578125
2017-07-19,3.147700071334839,3.151989,-0.004288911819458008
2017-07-20,3.1184000968933105,3.1511447,-0.032744646072387695
2017-07-21,3.1777000427246094,3.1501951,0.027504920959472656
2017-07-24,3.144399881362915,3.1495895,-0.005189657211303711
2017-07-25,3.1712000370025635,3.1493278,0.021872282028198242
2017-07-26,3.137500047683716,3.1492496,-0.011749505996704102
2017-07-27,3.152600049972534,3.1477056,0.0048944950103759766
2017-07-28,3.1777000427246094,3.1471329,0.030567169189453125
2017-07-31,3.1257998943328857,3.1470156,-0.02121567726135254
2017-08-01,3.12280011177063,3.1446815,-0.0218813419342041
2017-08-02,3.1122000217437744,3.1427891,-0.03058910369873047
2017-08-03,3.111500024795532,3.141298,-0.02979803085327193
2017-08-04,3.129300117492676,3.1401768,-0.010876655578613281
2017-08-07,3.1242001056671143,3.1393461,-0.015146017074584961
2017-08-08,3.1259000301361084,3.1387122,-0.012812137603759766
2017-08-09,3.1522998809814453,3.138297,0.014002799987792969
2017-08-10,3.1735999584198,3.1383386,0.03526139259338379
2017-08-11,3.1777000427246094,3.1386247,0.039075374603271484
2017-08-14,3.1872000694274902,3.1387568,0.04844331741333008
2017-08-15,3.16759991645813,3.138877,0.02872300148010254
2017-08-16,3.151400089263916,3.1388564,0.012543678283691406
2017-08-17,3.17330002784729,3.138905,0.03439497947692871
2017-08-18,3.1777000427246094,3.1390944,0.038605690002441406
2017-08-21,3.1630001068115234,3.1392422,0.0237579345703125
2017-08-22,3.1605000495910645,3.1389852,0.021514892578125
2017-08-23,3.1393001079559326,3.1386728,0.0006272792816162109
2017-08-24,3.1465001106262207,3.1380544,0.00844573974609375
2017-08-25,3.158699989318848,3.1373124,0.02138757705688521
2017-08-28,3.165800094604492,3.1366682,0.02913188934326172
2017-08-29,3.1642000675201416,3.1361248,0.028075218200683594
2017-08-30,3.158799886703491,3.1357036,0.023096323013305664
2017-08-31,3.1459999084472656,3.1354766,0.010523319244384766
2017-09-01,3.1777000427246094,3.1360369,0.041663169860839844
2017-09-04,3.139400005340576,3.136378,0.0030219554901123047
2017-09-05,3.115799903869629,3.1366086,-0.020808696746826172
2017-09-06,3.097899913787842,3.136255,-0.038355112075805664
2017-09-07,3.097599983215332,3.1355367,-0.03793668746948242
2017-09-08,3.1777000427246094,3.1330154,0.044684648513793945
2017-09-11,3.0996999740600586,3.131722,-0.03202199935913086
2017-09-12,3.121900081634521,3.130865,-0.008965015411377397
2017-09-13,3.131599903106689,3.1300697,0.001530170440673384
2017-09-14,3.1180999279022217,3.1297498,-0.011649847030639648
2017-09-15,3.1096999645233154,3.1293821,-0.01968216896057129
2017-09-18,3.1349000930786133,3.1288686,0.006031513214111328
2017-09-19,3.1328001022338867,3.1284235,0.004376649856567383
2017-09-20,3.130599975585937,3.1282854,0.0023145675659175247
2017-09-21,3.134500026702881,3.128333,0.006166934967041016
2017-09-22,3.123500108718872,3.1284444,-0.004944324493408203
2017-09-25,3.157299995422364,3.1288838,0.028416156768799716
2017-09-26,3.1638998985290527,3.1294441,0.03445577621459961
2017-09-27,3.19190001487732,3.1301613,0.061738729476929155
2017-09-28,3.1809000968933105,3.1309829,0.04991722106933594
2017-09-29,3.1633999347686768,3.131712,0.03168797492980957
2017-10-02,3.152899980545044,3.1338522,0.01904773712158203
2017-10-03,3.1407999992370605,3.134604,0.006196022033691406
2017-10-04,3.13319993019104,3.1351776,-0.001977682113647461
2017-10-05,3.152400016784668,3.1355832,0.01681685447692871
2017-10-06,3.1554999351501465,3.1359415,0.019558429718017578
2017-10-09,3.186800003051758,3.1364894,0.050310611724853516
2017-10-10,3.177799940109253,3.1373072,0.04049277305603027
2017-10-11,3.1696999073028564,3.1382055,0.0314943790435791
2017-10-12,3.1689999103546143,3.1388183,0.0301816463470459
2017-10-13,3.146199941635132,3.1393185,0.0068814754486083984
2017-10-16,3.170300006866455,3.1396637,0.030636310577392578
2017-10-17,3.156100034713745,3.1399794,0.01612067222595215
2017-10-18,3.170099973678589,3.14031,0.02978992462158203
2017-10-19,3.164900064468384,3.1404862,0.0244138240814209
2017-10-20,3.1909000873565674,3.1406221,0.0502779483795166
2017-10-23,3.2344000339508057,3.141101,0.09329915046691895
2017-10-24,3.2425999641418457,3.1419978,0.1006021499633789
2017-10-25,3.2311999797821045,3.1430774,0.08812260627746582
2017-10-26,3.2864999771118164,3.143062,0.14343786239624023
2017-10-27,3.234800100326538,3.144204,0.09059619903564453
2017-10-30,3.287300109863281,3.14571,0.14159011840820268
2017-10-31,3.269599914550781,3.1473718,0.12222814559936479
2017-11-01,3.266200065612793,3.1497178,0.11648225784301758
2017-11-02,3.2646000385284424,3.1523938,0.11220622062683105
2017-11-03,3.29259991645813,3.1547055,0.1378943920135498
2017-11-06,3.247900009155273,3.1570265,0.0908734798431392
2017-11-07,3.2701001167297363,3.1587667,0.11133337020874023
2017-11-08,3.251300096511841,3.1599154,0.0913846492767334
2017-11-09,3.248699903488159,3.1607378,0.08796215057373047
2017-11-10,3.276400089263916,3.1613193,0.1150808334350586
2017-11-13,3.275899887084961,3.1619596,0.11394023895263672
2017-11-14,3.3118999004364014,3.1625924,0.1493074893951416
2017-11-15,3.2706000804901123,3.163519,0.10708117485046387
2017-11-17,3.254499912261963,3.1641622,0.09033775329589844
2017-11-20,3.253999948501587,3.1640692,0.08993077278137207
2017-11-21,3.257299900054932,3.1636524,0.09364748001098677
2017-11-22,3.222899913787842,3.1634045,0.05949544906616211
2017-11-23,3.22029995918274,3.1629496,0.05735039710998624
2017-11-24,3.232899904251098,3.1623707,0.07052922248840288
2017-11-27,3.2263998985290527,3.1617603,0.06463956832885742
2017-11-28,3.209700107574463,3.1610706,0.0486295223236084
2017-11-29,3.244800090789795,3.1603687,0.08443140983581543
2017-11-30,3.271199941635132,3.1600885,0.11111140251159668
2017-12-01,3.2574000358581543,3.1612787,0.09612131118774414
2017-12-04,3.2425999641418457,3.16205,0.08054995536804199
2017-12-05,3.240299940109253,3.1627102,0.07758975028991699
2017-12-06,3.234299898147583,3.162918,0.07138180732727051
2017-12-07,3.2871999740600586,3.1625152,0.12468481063842773
2017-12-08,3.287800073623657,3.1632555,0.12454462051391557
2017-12-11,3.303299903869629,3.1645918,0.13870811462402344
2017-12-12,3.303100109100342,3.1659203,0.13717985153198242
2017-12-13,3.3085999488830566,3.1672251,0.14137482643127441
2017-12-14,3.340399980545044,3.1688352,0.17156481742858887
2017-12-15,3.2920000553131104,3.170609,0.12139105796813965
2017-12-18,3.290499925613404,3.1718893,0.11861062049865811
2017-12-19,3.2885000705718994,3.1727939,0.11570620536804199
2017-12-20,3.296499967575073,3.1735706,0.12292933464050249
2017-12-21,3.30679988861084,3.1740067,0.13279318809509277
2017-12-22,3.338000059127808,3.1742883,0.16371178627014205
2017-12-25,3.3355000019073486,3.1749926,0.1605074405670166
2017-12-26,3.3097000122070312,3.1759903,0.13370966911315918
2017-12-27,3.3132998943328857,3.176553,0.13674688339233398
2017-12-28,3.311100006103516,3.176835,0.13426494598388716
2017-12-29,3.3076000213623047,3.177219,0.13038110733032227
2018-01-01,3.311000108718872,3.1753418,0.13565826416015625
2018-01-02,3.2578001022338867,3.173399,0.08440113067626953
2018-01-03,3.2355000972747803,3.1712346,0.06426548957824707
2018-01-04,3.233099937438965,3.1686563,0.06444358825683594
2018-01-05,3.226599931716919,3.1657104,0.060889482498168945
2018-01-08,3.239000082015991,3.1629438,0.07605624198913574
2018-01-09,3.246799945831299,3.1608844,0.08591556549072266
2018-01-10,3.2263998985290527,3.1595945,0.06680536270141602
2018-01-11,3.214200019836426,3.1583955,0.05580449104309082
2018-01-12,3.200700044631958,3.1571722,0.043527841567993164
2018-01-15,3.213200092315674,3.1559248,0.05727529525756836
2018-01-16,3.2227001190185547,3.1547937,0.06790637969970703
2018-01-17,3.2221999168396,3.1537828,0.06841707229614302
2018-01-18,3.2051000595092773,3.1530094,0.05209064483642578
2018-01-19,3.194700002670288,3.1520758,0.04262423515319824
2018-01-22,3.200700044631958,3.150999,0.04970097541809082
2018-01-23,3.2355000972747803,3.1503596,0.08514046669006348
2018-01-24,3.1451001167297363,3.1502562,-0.005156040191650391
2018-01-25,3.146899938583374,3.1494524,-0.002552509307861328
2018-01-26,3.151000022888184,3.1479878,0.0030121803283695847
2018-01-29,3.153599977493286,3.1466503,0.006949663162231445
2018-01-30,3.179500102996826,3.1454844,0.034015655517578125
2018-01-31,3.1847000122070312,3.1447115,0.03998851776123047
2018-02-01,3.1637001037597656,3.1445658,0.0191342830657959
2018-02-02,3.215399980545044,3.1443496,0.07105040550231934
2018-02-05,3.2611000537872314,3.144918,0.11618208885192871
2018-02-06,3.2334001064300537,3.1454663,0.08793377876281738
2018-02-07,3.26990008354187,3.145914,0.12398600578308105
2018-02-08,3.284600019454956,3.146748,0.13785195350646973
2018-02-09,3.290800094604492,3.1474977,0.14330244064331055
2018-02-12,3.2939999103546143,3.1482463,0.1457536220550537
2018-02-13,3.2941999435424805,3.148932,0.14526796340942383
2018-02-14,3.216200113296509,3.1495774,0.06662273406982422
2018-02-15,3.2263998985290527,3.1494923,0.07690763473510742
2018-02-16,3.228199958801269,3.1489167,0.07928323745727495
2018-02-19,3.233099937438965,3.1483622,0.08473777770996094
2018-02-20,3.254300117492676,3.1478076,0.10649251937866211
2018-02-21,3.2676000595092773,3.1474347,0.12016534805297852
2018-02-22,3.248699903488159,3.1475186,0.1011812686920166
2018-02-23,3.2372000217437744,3.1474946,0.0897054672241211
2018-02-26,3.2225000858306885,3.1472318,0.07526826858520508
2018-02-27,3.248500108718872,3.146908,0.1015920639038086
2018-02-28,3.244800090789795,3.1466947,0.09810543060302734
2018-03-01,3.25,3.142005,0.10799503326416016
2018-03-02,3.249599933624268,3.140738,0.10886192321777388
2018-03-05,3.240999937057495,3.1401544,0.1008455753326416
2018-03-06,3.2079999446868896,3.14017,0.06782984733581543
2018-03-07,3.2428998947143555,3.1398904,0.10300946235656738
2018-03-08,3.2660999298095703,3.1396239,0.12647604942321777
2018-03-09,3.256099939346313,3.1400623,0.11603760719299272
2018-03-12,3.2602999210357666,3.140561,0.11973881721496582
2018-03-13,3.258699893951416,3.141138,0.11756181716918945
2018-03-14,3.258500099182129,3.1420038,0.11649632453918457
2018-03-15,3.282099962234497,3.143068,0.13903188705444336
2018-03-16,3.280100107192993,3.1445923,0.13550782203674316
2018-03-19,3.28410005569458,3.146439,0.13766098022460938
2018-03-20,3.30870008468628,3.148449,0.1602511405944833
2018-03-21,3.272700071334839,3.1508994,0.12180066108703613
2018-03-22,3.3141000270843506,3.1528296,0.1612703800201416
2018-03-23,3.314500093460083,3.155655,0.1588451862335205
2018-03-26,3.31030011177063,3.1578932,0.15240693092346191
2018-03-27,3.3229000568389893,3.1602895,0.16261053085327148
2018-03-28,3.319299936294556,3.162304,0.15699601173400923
2018-03-29,3.303499937057495,3.16391,0.13959002494812012
2018-03-30,3.302000045776367,3.1649446,0.1370553970336914
2018-04-02,3.309400081634521,3.166232,0.14316797256469682
2018-04-03,3.339400053024292,3.1669254,0.17247462272644043
2018-04-04,3.327699899673462,3.1678023,0.1598975658416748
2018-04-05,3.341599941253662,3.1686914,0.17290854454040527
2018-04-06,3.367500066757202,3.169607,0.1978931427001953
2018-04-09,3.4210000038146973,3.1714125,0.2495875358581543
2018-04-10,3.407299995422364,3.1743839,0.23291611671447843
2018-04-11,3.37310004234314,3.1781504,0.19494962692260787
2018-04-12,3.4110000133514404,3.1812453,0.22975468635559082
2018-04-13,3.424299955368042,3.1846037,0.23969626426696777
2018-04-16,3.416100025177002,3.1879277,0.22817230224609375
2018-04-17,3.405800104141236,3.1910527,0.2147474288940434
2018-04-18,3.3770999908447266,3.1942286,0.18287134170532227
2018-04-19,3.382699966430664,3.196476,0.18622398376464844
2018-04-20,3.4137001037597656,3.198258,0.21544218063354492
2018-04-23,3.448899984359741,3.200182,0.2487180233001709
2018-04-24,3.4714999198913574,3.202505,0.2689948081970215
2018-04-25,3.4809000492095947,3.2055402,0.2753598690032959
2018-04-26,3.4742000102996826,3.2087154,0.2654845714569092
2018-04-27,3.4581000804901123,3.2117496,0.24635052680969238
2018-04-30,3.505800008773804,3.2146447,0.29115533828735396
2018-05-01,3.506099939346313,3.218934,0.2871658802032466
2018-05-02,3.549599885940552,3.2222757,0.3273241519927983
2018-05-03,3.526599884033203,3.2261853,0.3004145622253418
2018-05-04,3.525500059127808,3.230228,0.29527211189270064
2018-05-07,3.5492000579833984,3.2343228,0.3148772716522217
2018-05-08,3.5618999004364014,3.2379105,0.3239893913269043
2018-05-09,3.5903000831604004,3.2422767,0.3480234146118164
2018-05-10,3.549499988555908,3.2470171,0.30248284339904785
2018-05-11,3.60290002822876,3.2509837,0.35191631317138716
2018-05-14,3.6215999126434326,3.2555232,0.3660767078399658
2018-05-15,3.648699998855591,3.2610288,0.38767123222351074
2018-05-16,3.6744000911712646,3.2671945,0.40720558166503906
2018-05-17,3.695100069046021,3.2744327,0.42066740989685103
2018-05-18,3.7383999824523926,3.282509,0.4558908939361572
2018-05-21,3.6756999492645264,3.2922187,0.3834812641143799
2018-05-22,3.6459999084472656,3.300717,0.34528279304504395
2018-05-23,3.625600099563599,3.3069978,0.31860232353210494
2018-05-24,3.648099899291992,3.3106866,0.33741331100463867
2018-05-25,3.626199960708618,3.3119712,0.31422877311706543
2018-05-28,3.73420000076294,3.311811,0.4223890304565434
2018-05-29,3.724100112915039,3.3130643,0.41103577613830566
2018-05-30,3.722100019454956,3.3154373,0.4066627025604248
2018-05-31,3.721999883651733,3.3175406,0.4044592380523677
2018-06-01,3.761600017547608,3.327231,0.4343690872192387
2018-06-04,3.744499921798706,3.341237,0.4032628536224365
2018-06-05,3.80430006980896,3.3606873,0.44361281394958496
2018-06-06,3.843400001525879,3.3853521,0.45804786682128906
2018-06-07,3.900700092315674,3.4156003,0.48509979248046875
2018-06-08,3.704900026321411,3.45052,0.2543799877166748
2018-06-11,3.7088000774383545,3.4798636,0.22893643379211426
2018-06-12,3.714999914169312,3.503666,0.21133399009704634
2018-06-13,3.7188000679016113,3.5230043,0.19579577445983887
2018-06-14,3.803999900817871,3.5382872,0.2657127380371094
2018-06-15,3.7286999225616455,3.552764,0.17593598365783691
2018-06-18,3.7462000846862793,3.5630658,0.1831343173980713
2018-06-19,3.744999885559082,3.5701098,0.17489004135131836
2018-06-20,3.769099950790405,3.5752075,0.19389247894287065
2018-06-21,3.7651000022888175,3.5795965,0.18550348281860263
2018-06-22,3.78629994392395,3.584373,0.20192694664001465
2018-06-25,3.775099992752075,3.589341,0.1857590675354004
2018-06-26,3.795799970626831,3.594614,0.201185941696167
2018-06-27,3.860100030899048,3.601461,0.2586390972137451
2018-06-28,3.859499931335449,3.6115375,0.24796247482299805
2018-06-29,3.875600099563599,3.6232538,0.2523462772369389
2018-07-02,3.912600040435791,3.61972,0.2928800582885742
2018-07-03,3.8963000774383545,3.615696,0.28060412406921387
2018-07-04,3.91100001335144,3.609323,0.3016769886016841
2018-07-05,3.931299924850464,3.6030946,0.3282053470611572
2018-07-06,3.865900039672852,3.599679,0.26622104644775435
2018-07-09,3.871299982070923,3.5953867,0.2759132385253906
2018-07-10,3.815099954605103,3.5917675,0.22333240509033248
2018-07-11,3.876100063323975,3.5842,0.29190015792846724
2018-07-12,3.88070011138916,3.57876,0.3019402027130127
2018-07-13,3.849400043487549,3.5757883,0.27361178398132324
2018-07-16,3.8559999465942383,3.571587,0.28441286087036133
2018-07-17,3.835900068283081,3.5680628,0.2678372859954834
2018-07-18,3.8492000102996826,3.5649211,0.28427886962890625
2018-07-19,3.828500032424927,3.5634494,0.2650506496429448
2018-07-20,3.7708001136779785,3.5625343,0.2082657814025879
2018-07-23,3.780400037765503,3.5581737,0.22222638130187988
2018-07-24,3.7460999488830566,3.5531576,0.19294238090515137
2018-07-25,3.6863999366760254,3.5467305,0.13966941833496094
2018-07-26,3.74429988861084,3.53728,0.20701980590820312
2018-07-27,3.7111001014709473,3.5287523,0.18234777450561523
2018-07-30,3.728100061416626,3.5207808,0.2073192596435547
2018-07-31,3.753000020980835,3.5135293,0.2394707202911377
2018-08-01,3.746999979019165,3.5106368,0.23636317253112793
2018-08-02,3.7483999729156494,3.5125926,0.2358074188232422
2018-08-03,3.7023000717163086,3.5162525,0.18604755401611328
2018-08-06,3.734499931335449,3.5189912,0.21550869941711426
2018-08-07,3.750499963760376,3.5225997,0.22790026664733887
2018-08-08,3.770100116729736,3.5266302,0.24346995353698686
2018-08-09,3.799599885940552,3.5320635,0.26753640174865767
2018-08-10,3.865400075912476,3.5402784,0.32512164115905806
2018-08-13,3.881999969482422,3.5522194,0.32978057861328125
2018-08-14,3.864399909973145,3.5670762,0.2973237037658696
2018-08-15,3.900599956512451,3.5818903,0.3187096118927002
2018-08-16,3.903899908065796,3.5985236,0.3053762912750244
2018-08-17,3.9098000526428223,3.6161413,0.2936587333679199
2018-08-20,3.9660000801086426,3.6341615,0.33183860778808594
2018-08-21,4.048500061035156,3.655018,0.393481969833374
2018-08-22,4.036900043487549,3.6814513,0.35544872283935547
2018-08-23,4.112299919128418,3.7096925,0.40260744094848633
2018-08-24,4.102799892425537,3.742806,0.35999393463134766
2018-08-27,4.077499866485596,3.77694,0.30055975914001465
2018-08-28,4.133900165557861,3.8080573,0.32584285736083984
2018-08-29,4.105500221252441,3.839405,0.2660951614379883
2018-08-30,4.148600101470947,3.8673902,0.28120994567871094
2018-08-31,4.053699970245361,3.8941479,0.15955209732055664
2018-09-03,4.154799938201904,3.890797,0.26400303840637207
2018-09-04,4.15369987487793,3.883782,0.26991796493530273
2018-09-05,4.143099784851074,3.875807,0.26729273796081543
2018-09-06,4.057300090789795,3.8672483,0.19005179405212402
2018-09-07,4.043799877166748,3.8533878,0.19041204452514648
2018-09-10,4.08459997177124,3.8362026,0.2483973503112793
2018-09-11,4.151599884033203,3.8217103,0.32988953590393066
2018-09-12,4.159800052642822,3.8144414,0.34535861015319824
2018-09-13,4.204999923706055,3.8120291,0.3929708003997803
2018-09-14,4.171999931335449,3.8162754,0.355724573135376
2018-09-17,4.1321001052856445,3.8223047,0.3097953796386719
2018-09-18,4.158400058746338,3.8267894,0.33161067962646484
2018-09-19,4.130300045013428,3.8323455,0.2979545593261719
2018-09-20,4.076000213623047,3.8362305,0.23976969718933105
2018-09-21,4.050000190734863,3.834811,0.21518921852111816
2018-09-24,4.091300010681152,3.8287582,0.2625417709350586
2018-09-25,4.073599815368652,3.8223376,0.25126218795776367
2018-09-26,4.030799865722656,3.8142238,0.21657609939575195
2018-09-27,4.01200008392334,3.8026493,0.2093508243560791
2018-09-28,4.052700042724609,3.7888317,0.2638683319091797
2018-10-01,4.01639986038208,3.783555,0.23284482955932617
2018-10-02,3.939500093460083,3.782109,0.15739107131958008
2018-10-03,3.900399923324585,3.7788024,0.1215975284576416
2018-10-04,3.8738999366760254,3.7708368,0.10306310653686523
2018-10-05,3.8357999324798575,3.7591035,0.07669639587402255
2018-10-08,3.7771999835968018,3.7428527,0.0343472957611084
2018-10-09,3.714799880981445,3.7217715,-0.006971597671509233
2018-10-10,3.754800081253052,3.6943011,0.06049895286560103
2018-10-11,3.7815001010894775,3.6659136,0.11558651924133301
2018-10-12,3.781599998474121,3.6405826,0.14101743698120117
2018-10-15,3.7339000701904297,3.6193526,0.1145474910736084
2018-10-16,3.723599910736084,3.5987606,0.12483930587768555
2018-10-17,3.686199903488159,3.578515,0.10768485069274902
2018-10-18,3.7202999591827393,3.5582035,0.16209650039672852
2018-10-19,3.710900068283081,3.5412083,0.169691801071167
2018-10-22,3.682300090789795,3.526667,0.15563297271728516
2018-10-23,3.6923999786376953,3.5118093,0.18059062957763672
2018-10-24,3.731100082397461,3.4992006,0.23189949989318848
2018-10-25,3.704900026321411,3.490209,0.2146909236907959
2018-10-26,3.6415998935699454,3.4829497,0.15865015983581454
2018-10-29,3.715800046920776,3.4743183,0.24148178100585893
2018-10-30,3.694600105285645,3.4677148,0.22688531875610396
2018-10-31,3.720700025558472,3.4617903,0.25890970230102583
2018-11-01,3.6949000358581534,3.4560673,0.23883271217346103
2018-11-02,3.700000047683716,3.4542553,0.2457447052001953
2018-11-05,3.724600076675415,3.454626,0.2699739933013916
2018-11-06,3.759900093078613,3.4572902,0.30260992050170854
2018-11-07,3.7304000854492174,3.4630568,0.26734328269958363
2018-11-08,3.759200096130371,3.4696984,0.2895016670227051
2018-11-09,3.729399919509888,3.4777617,0.2516381740570073
2018-11-12,3.766400098800659,3.4848921,0.2815079689025879
2018-11-13,3.801399946212769,3.4915643,0.3098356723785405
2018-11-14,3.782399892807007,3.5001204,0.28227949142456055
2018-11-15,3.782399892807007,3.508451,0.27394890785217285
2018-11-16,3.742500066757202,3.5161881,0.22631192207336426
2018-11-19,3.7544000148773193,3.521862,0.23253798484802246
2018-11-20,3.75570011138916,3.5255642,0.23013591766357422
2018-11-21,3.796099901199341,3.5288105,0.267289400100708
2018-11-22,3.803100109100342,3.53258,0.2705202102661133
2018-11-23,3.67300009727478,3.5369563,0.13604378700256303
2018-11-26,3.93969988822937,3.5362506,0.40344929695129395
2018-11-27,3.873500108718872,3.5439842,0.3295159339904785
2018-11-28,3.8492000102996826,3.554031,0.2951691150665283
2018-11-29,3.8510000705718994,3.5642648,0.28673529624938965
2018-11-30,3.86520004272461,3.5742056,0.2909944057464604
2018-12-03,3.840800046920776,3.5759277,0.2648723125457759
2018-12-04,3.851099967956543,3.574511,0.27658891677856445
2018-12-05,3.86739993095398,3.571899,0.29550099372863814
2018-12-06,3.8777999877929688,3.5698702,0.30792975425720215
2018-12-07,3.9058001041412354,3.5696445,0.33615565299987793
2018-12-10,3.9166998863220215,3.5716305,0.34506940841674805
2018-12-11,3.902600049972534,3.5754976,0.3271024227142334
2018-12-12,3.854099988937378,3.5792055,0.27489447593688965
2018-12-13,3.890700101852417,3.580082,0.31061816215515137
2018-12-14,3.9154999256134033,3.580511,0.3349888324737549
2018-12-17,3.897599935531616,3.5815935,0.3160064220428467
2018-12-18,3.910900115966797,3.5806046,0.3302955627441406
2018-12-19,3.896199941635132,3.5796163,0.31658363342285156
2018-12-20,3.838900089263916,3.5771592,0.26174092292785645
2018-12-21,3.843400001525879,3.5703845,0.27301549911499023
2018-12-24,3.902600049972534,3.5603592,0.3422408103942871
2018-12-25,3.9028000831604,3.5522547,0.3505454063415523
2018-12-26,3.920599937438965,3.5463452,0.3742547035217285
2018-12-27,3.871500015258789,3.5427003,0.3287997245788574
2018-12-28,3.874200105667114,3.5384893,0.33571076393127397
2018-12-31,3.880000114440918,3.534285,0.3457150459289551
2019-01-01,3.8798999786376953,3.528672,0.3512279987335205
2019-01-02,3.78629994392395,3.5236013,0.2626986503601074
2019-01-03,3.7551000118255615,3.5149093,0.24019074440002441
2019-01-04,3.661200046539306,3.5029502,0.15824985504150346
2019-01-07,3.734100103378296,3.4861984,0.24790167808532715
2019-01-08,3.712399959564209,3.4706666,0.24173331260681152
2019-01-09,3.680000066757202,3.4571335,0.22286653518676758
2019-01-10,3.707900047302246,3.4441493,0.2637507915496826
2019-01-11,3.659600019454956,3.4333088,0.22629117965698242
2019-01-14,3.697499990463257,3.4227614,0.2747385501861572
2019-01-15,3.716399908065796,3.4148502,0.30154967308044434
2019-01-16,3.734299898147583,3.4098759,0.32442402839660645
2019-01-17,3.7488999366760254,3.4075594,0.3413405418395996
2019-01-18,3.750200033187866,3.408296,0.3419039249420166
2019-01-21,3.751399993896485,3.4108982,0.34050178527832076
2019-01-22,3.812000036239624,3.4146228,0.39737725257873535
2019-01-23,3.7623000144958496,3.4214025,0.3408975601196289
2019-01-24,3.769799947738648,3.428049,0.34175086021423384
2019-01-25,3.769599914550781,3.4345505,0.33504939079284624
2019-01-28,3.759599924087525,3.440331,0.3192689418792729
2019-01-29,3.7184998989105225,3.4453292,0.27317070960998535
2019-01-30,3.681400060653688,3.4476385,0.233761548995973
2019-01-31,3.642800092697144,3.446361,0.19643902778625533
2019-02-01,3.6572999954223633,3.4442651,0.21303486824035645
2019-02-04,3.6670000553131104,3.4395707,0.22742938995361328
2019-02-05,3.668299913406372,3.4341085,0.2341914176940918
2019-02-06,3.694700002670288,3.4294026,0.26529741287231445
2019-02-07,3.714900016784668,3.4259717,0.2889282703399658
2019-02-08,3.728600025177002,3.4244213,0.30417871475219727
2019-02-11,3.755199909210205,3.4246092,0.33059072494506836
2019-02-12,3.7079999446868896,3.4268448,0.2811551094055176
2019-02-13,3.753200054168701,3.4290679,0.32413220405578613
2019-02-14,3.721999883651733,3.433303,0.28869676589965776
2019-02-15,3.6468000411987305,3.4377935,0.20900654792785645
2019-02-18,3.731699943542481,3.4392874,0.2924125194549565
2019-02-19,3.721999883651733,3.4421146,0.2798852920532222
2019-02-20,3.723999977111816,3.445706,0.2782940864562984
2019-02-21,3.766499996185303,3.449382,0.3171179294586186
2019-02-22,3.746299982070923,3.4545684,0.291731595993042
2019-02-25,3.750400066375733,3.4590788,0.29132127761840865
2019-02-26,3.747100114822388,3.4631014,0.28399872779846236
2019-02-27,3.727299928665161,3.4669216,0.260378360748291
2019-02-28,3.747499942779541,3.4694214,0.278078556060791
2019-03-01,3.721400022506714,3.4734695,0.24793052673339844
2019-03-04,3.7741000652313232,3.4781303,0.29596972465515137
2019-03-05,3.774399995803833,3.4859211,0.2884788513183594
2019-03-06,3.8368000984191895,3.4955566,0.3412435054779053
2019-03-07,3.86929988861084,3.5092978,0.3600020408630371
2019-03-08,3.813400030136109,3.5262818,0.2871181964874272
2019-03-11,3.837300062179565,3.541959,0.2953410148620601
2019-03-12,3.811599969863892,3.5577261,0.25387382507324263
2019-03-13,3.8132998943328857,3.5719266,0.24137330055236816
2019-03-14,3.8405001163482666,3.5845656,0.255934476852417
2019-03-15,3.812999963760376,3.5967412,0.21625876426696777
2019-03-18,3.7899999618530273,3.606307,0.18369293212890625
2019-03-19,3.7876999378204346,3.6124105,0.17528939247131348
2019-03-20,3.774199962615967,3.6162539,0.15794610977172852
2019-03-21,3.7909998893737793,3.6173885,0.17361140251159668
2019-03-22,3.9059998989105225,3.617603,0.28839683532714844
2019-03-25,3.853600025177002,3.6223483,0.23125171661376953
2019-03-26,3.875,3.6268578,0.24814224243164062
2019-03-27,3.9881999492645264,3.6326935,0.35550642013549805
2019-03-28,3.897700071334839,3.6442935,0.2534065246582031
2019-03-29,3.922499895095825,3.6546726,0.26782727241516113
2019-04-01,3.84850001335144,3.6630747,0.18542528152465776
2019-04-02,3.852299928665161,3.66899,0.18331003189086914
2019-04-03,3.868299961090088,3.6727479,0.19555211067199707
2019-04-04,3.8559000492095934,3.6750536,0.18084645271301136
2019-04-05,3.874000072479248,3.6757717,0.1982283592224121
2019-04-08,3.84820008277893,3.6769223,0.17127776145935014
2019-04-09,3.848000049591065,3.67646,0.17154002189636275
2019-04-10,3.8239998817443848,3.6749635,0.14903640747070312
2019-04-11,3.855799913406372,3.6709516,0.18484830856323242
2019-04-12,3.880300045013428,3.6672359,0.21306419372558638
2019-04-15,3.8703999519348153,3.6649268,0.20547318458557218
2019-04-16,3.903800010681152,3.662955,0.24084496498107866
2019-04-17,3.936700105667114,3.6633668,0.2733333110809322
2019-04-18,3.9267001152038574,3.6670012,0.25969886779785156
2019-04-19,3.934499979019165,3.6725175,0.26198244094848633
2019-04-22,3.9340999126434326,3.6799455,0.2541544437408447
2019-04-23,3.918299913406372,3.6882248,0.23007512092590332
2019-04-24,3.9895999431610094,3.6958838,0.29371619224548207
2019-04-25,3.952699899673462,3.7063937,0.2463061809539795
2019-04-26,3.929199934005737,3.7152867,0.21391320228576616
2019-04-29,3.944299936294556,3.7214851,0.22281479835510298
2019-04-30,3.916899919509888,3.7265124,0.19038748741149947
2019-05-01,3.919300079345703,3.7261324,0.19316768646240234
2019-05-02,3.966200113296509,3.7248318,0.24136829376220703
2019-05-03,3.936599969863892,3.7250595,0.2115404605865483
2019-05-06,3.9681999683380127,3.7240796,0.24412035942077637
2019-05-07,3.9686999320983887,3.7237756,0.24492430686950684
2019-05-08,3.926300048828125,3.7235427,0.2027573585510254
2019-05-09,3.9453999996185294,3.7204952,0.22490477561950595
2019-05-10,3.959700107574463,3.7174253,0.24227476119995117
2019-05-13,3.990499973297119,3.715489,0.2750110626220703
2019-05-14,3.975100040435791,3.716514,0.25858592987060547
2019-05-15,3.999900102615357,3.7186751,0.2812249660491948
2019-05-16,4.046199798583984,3.723866,0.32233381271362305
2019-05-17,4.097400188446045,3.7337909,0.36360931396484375
2019-05-20,4.094900131225586,3.7494502,0.34544992446899414
2019-05-21,4.036799907684326,3.7678168,0.2689831256866455
2019-05-23,4.038700103759766,3.7817967,0.25690340995788574
2019-05-24,4.021200180053711,3.7929044,0.22829580307006836
2019-05-27,4.042099952697754,3.7996945,0.24240541458129883
2019-05-28,4.023600101470947,3.8042188,0.21938133239746094
2019-05-29,3.973400115966797,3.8054943,0.1679058074951172
2019-05-30,3.9800000190734863,3.8001423,0.17985773086547852
2019-05-31,3.9242000579833984,3.7904844,0.13371562957763672
2019-06-03,3.884099960327149,3.7750168,0.10908317565918013
2019-06-04,3.853600025177002,3.7539134,0.0996866226196289
2019-06-05,3.8794000148773193,3.7285678,0.1508321762084961
2019-06-06,3.878400087356568,3.7039514,0.1744487285614018
2019-06-07,3.876499891281128,3.6816292,0.1948707103729248
2019-06-10,3.884500026702881,3.6623418,0.22215819358825684
2019-06-11,3.85509991645813,3.6466606,0.20843935012817383
2019-06-12,3.865900039672852,3.6324291,0.23347091674804732
2019-06-13,3.84820008277893,3.6212215,0.22697854042053178
2019-06-14,3.8945000171661377,3.611878,0.2826220989227295
2019-06-17,3.88700008392334,3.6068442,0.28015589714050293
2019-06-18,3.859499931335449,3.6049383,0.2545616626739502
2019-06-19,3.835400104522705,3.6036038,0.2317962646484375
2019-06-20,3.837699890136719,3.6022944,0.2354054450988774
2019-06-21,3.820499897003174,3.6014094,0.21909046173095703
2019-06-24,3.825599908828736,3.5999851,0.22561478614807173
2019-06-25,3.8454999923706055,3.5986965,0.24680352210998535
2019-06-26,3.842900037765503,3.5985334,0.24436664581298828
2019-06-27,3.815999984741211,3.5986972,0.21730279922485352
2019-06-28,3.849499940872192,3.5970247,0.252475261688232
2019-07-01,3.839600086212158,3.5952885,0.24431157112121582
2019-07-02,3.843899965286255,3.5963297,0.24757027626037598
2019-07-03,3.825000047683716,3.5998116,0.2251884937286377
2019-07-04,3.800800085067749,3.6034098,0.19739031791687012
2019-07-05,3.8190999031066895,3.605536,0.2135639190673828
2019-07-08,3.799099922180176,3.6077335,0.19136643409729004
2019-07-09,3.799000024795532,3.608638,0.1903619766235347
2019-07-10,3.7502999305725098,3.6094704,0.14082956314086914
2019-07-11,3.754800081253052,3.6073632,0.1474368572235112
2019-07-12,3.7344000339508057,3.603931,0.13046908378601074
2019-07-15,3.753700017929077,3.598717,0.1549830436706543
2019-07-16,3.767199993133545,3.5930266,0.17417335510253906
2019-07-17,3.7618000507354736,3.5878704,0.17392969131469727
2019-07-18,3.717400074005127,3.5824885,0.13491153717041016
2019-07-19,3.7458999156951904,3.5754154,0.1704845428466797
2019-07-22,3.739799976348877,3.5693758,0.170424222946167
2019-07-23,3.77239990234375,3.5643885,0.20801138877868652
2019-07-24,3.7713000774383545,3.5620375,0.20926260948181152
2019-07-25,3.775199890136719,3.5618875,0.2133123874664311
2019-07-26,3.7734999656677246,3.563479,0.2100210189819336
2019-07-29,3.780100107192993,3.5661867,0.2139134407043457
2019-07-30,3.789299964904785,3.5703373,0.2189626693725586
2019-07-31,3.811700105667114,3.5758967,0.23580336570739702
2019-08-01,3.837300062179565,3.5822144,0.255085706710815
2019-08-02,3.883899927139282,3.5907443,0.2931556701660152
2019-08-05,3.973099946975708,3.6023626,0.37073731422424316
2019-08-06,3.958699941635132,3.6197517,0.33894824981689453
2019-08-07,3.967400074005127,3.63863,0.32877016067504883
2019-08-08,3.91759991645813,3.6585739,0.25902605056762695
2019-08-09,3.940200090408325,3.6755984,0.2646017074584961
2019-08-12,3.9839000701904297,3.6909766,0.2929234504699707
2019-08-13,3.962399959564209,3.7077065,0.25469350814819336
2019-08-14,4.050300121307373,3.7226117,0.32768845558166504
2019-08-15,3.9900999069213854,3.741165,0.248934984207152
2019-08-16,4.0046000480651855,3.7567782,0.24782180786132812
2019-08-19,4.073200225830078,3.771027,0.3021731376647949
2019-08-20,4.051700115203857,3.7883835,0.26331663131713867
2019-08-21,4.02400016784668,3.8047404,0.21925973892211914
2019-08-22,4.067999839782715,3.8178723,0.25012755393981934
2019-08-23,4.126200199127197,3.8310897,0.29511046409606934
2019-08-26,4.151500225067139,3.8479931,0.30350708961486816
2019-08-27,4.122799873352051,3.8680177,0.25478219985961914
2019-08-28,4.167699813842773,3.8868392,0.28086066246032715
2019-08-29,4.168099880218506,3.9072766,0.26082324981689453
2019-08-30,4.143899917602539,3.9273999,0.21650004386901855
2019-09-02,4.1844000816345215,3.9442456,0.24015450477600098
2019-09-03,4.16510009765625,3.9605608,0.20453929901123047
2019-09-04,4.093200206756592,3.973613,0.11958718299865723
2019-09-05,4.105999946594238,3.9777503,0.1282496452331543
2019-09-06,4.061299800872803,3.976513,0.08478689193725586
2019-09-09,4.093400001525879,3.9682412,0.12515878677368164
2019-09-10,4.079500198364258,3.9582353,0.12126493453979492
2019-09-11,4.064199924468994,3.946284,0.11791586875915527
2019-09-12,4.058899879455566,3.9324913,0.12640857696533203
2019-09-13,4.0854997634887695,3.9181614,0.16733837127685547
2019-09-16,4.0792999267578125,3.9072924,0.17200756072998047
2019-09-17,4.076000213623047,3.8985076,0.17749261856079102
2019-09-18,4.1072998046875,3.8914936,0.215806245803833
2019-09-19,4.166600227355957,3.8923318,0.27426838874816895
2019-09-20,4.1483001708984375,3.9022865,0.24601364135742188
2019-09-23,4.161499977111816,3.916141,0.24535894393920898
2019-09-24,4.161699771881104,3.932644,0.22905588150024503
2019-09-25,4.14709997177124,3.9496114,0.19748854637145996
2019-09-26,4.1691999435424805,3.9641452,0.20505475997924805
2019-09-27,4.157100200653076,3.9779453,0.1791548728942871
2019-09-30,4.154799938201904,3.9892187,0.16558122634887695
2019-10-01,4.154600143432617,3.9975462,0.15705394744873047
2019-10-02,4.1244001388549805,4.0050297,0.1193704605102539
2019-10-03,4.082900047302246,4.008982,0.07391786575317383
2019-10-04,4.054599761962891,4.007137,0.04746294021606445
2019-10-07,4.105100154876709,4.000235,0.10486507415771484
2019-10-08,4.09089994430542,3.9947743,0.09612560272216797
2019-10-09,4.10830020904541,3.989562,0.11873817443847656
2019-10-10,4.108399868011475,3.9867456,0.12165427207946777
2019-10-11,4.108500003814697,3.9859908,0.12250924110412598
2019-10-14,4.123700141906738,3.9868553,0.13684487342834473
2019-10-15,4.178599834442139,3.9901195,0.18848037719726562
2019-10-16,4.148600101470947,3.9992805,0.14931964874267578
2019-10-17,4.161099910736084,4.009529,0.15157079696655273
2019-10-18,4.111100196838379,4.020752,0.0903482437133789
2019-10-21,4.1247639656066895,4.027341,0.09742307662963867
2019-10-22,4.078400135040283,4.0309577,0.04744243621826172
2019-10-23,4.033100128173828,4.028647,0.004453182220458984
2019-10-24,4.039299964904785,4.0191483,0.020151615142822266
2019-10-25,4.002900123596191,4.00597,-0.0030698776245117188
2019-10-28,3.988800048828125,3.9880722,0.0007278919219970703
2019-10-29,3.9967000484466553,3.967393,0.029307126998901367
2019-10-30,3.9862000942230233,3.946675,0.03952503204345792
2019-10-31,4.015999794006348,3.9305022,0.08549761772155762
2019-11-01,3.989399909973145,3.9092999,0.08010005950927779
2019-11-04,4.010799884796143,3.8885043,0.12229561805725098
2019-11-05,3.992000102996826,3.872872,0.11912798881530762
2019-11-06,4.082300186157227,3.8611505,0.22114968299865723
2019-11-07,4.099500179290772,3.8603265,0.23917365074157804
2019-11-08,4.133399963378906,3.8689387,0.2644612789154053
2019-11-11,4.151299953460693,3.8858342,0.26546573638916016
2019-11-12,4.167900085449219,3.9091084,0.2587916851043701
2019-11-13,4.168600082397461,3.937068,0.23153209686279297
2019-11-14,4.194300174713135,3.9664068,0.22789335250854492
2019-11-15,4.194799900054932,3.997478,0.19732189178466797
2019-11-18,4.216400146484375,4.0274253,0.18897485733032227
2019-11-19,4.191699981689453,4.056176,0.13552379608154297
2019-11-20,4.195000171661377,4.079916,0.11508417129516602
2019-11-21,4.191699981689453,4.098712,0.0929880142211914
2019-11-22,4.195000171661377,4.111968,0.08303213119506836
2019-11-25,4.225399971008301,4.121005,0.10439491271972656
2019-11-26,4.231800079345703,4.1296244,0.10217571258544922
2019-11-27,4.262700080871582,4.137295,0.12540531158447266
2019-11-28,4.188000202178955,4.1459427,0.04205751419067383
2019-11-29,4.236100196838379,4.1480265,0.08807373046875
2019-12-02,4.222300052642822,4.1380706,0.0842294692993164
2019-12-03,4.203999996185303,4.1234174,0.0805826187133789
2019-12-04,4.206099987030029,4.108999,0.09710121154785156
2019-12-05,4.184599876403809,4.097985,0.08661508560180664
2019-12-06,4.118899822235107,4.089767,0.029132843017578125
2019-12-09,4.14109992980957,4.080208,0.06089210510253906
2019-12-10,4.144599914550781,4.0725923,0.07200765609741211
2019-12-11,4.123700141906738,4.0664473,0.05725288391113281
2019-12-12,4.087247848510742,4.062421,0.024827003479003906
2019-12-13,4.0858001708984375,4.057321,0.02847909927368164
2019-12-16,4.0619001388549805,4.052107,0.009793281555175781
2019-12-17,4.070199966430664,4.0449433,0.025256633758544922
2019-12-18,4.059662818908691,4.036531,0.023131847381591797
2019-12-19,4.06879997253418,4.026997,0.04180288314819336
2019-12-20,4.079899787902832,4.0176554,0.062244415283203125
2019-12-23,4.081999778747559,4.009409,0.07259082794189453
2019-12-24,4.082799911499023,4.0025296,0.08027029037475586
2019-12-25,4.083000183105469,3.9970345,0.08596563339233398
2019-12-26,4.054699897766113,3.992916,0.061783790588378906
2019-12-27,4.022299766540527,3.9887195,0.03358030319213867
2019-12-30,4.015710830688477,3.9831326,0.032578229904174805
2019-12-31,4.016786098480225,3.976096,0.04069018363952637
2020-01-01,4.016300201416016,3.9723737,0.04392647743225098
2020-01-02,4.023399829864502,3.9740083,0.04939150810241699
2020-01-03,4.057000160217285,3.9780626,0.07893753051757812
2020-01-06,4.060400009155273,3.9836364,0.07676362991333008
2020-01-07,4.066199779510498,3.9877377,0.07846212387084961
2020-01-08,4.06279993057251,3.9893687,0.07343125343322754
2020-01-09,4.092100143432617,3.9884367,0.10366344451904297
2020-01-10,4.070499897003174,3.9880502,0.08244967460632324
2020-01-13,4.1458001136779785,3.9852197,0.16058039665222168
2020-01-14,4.13129997253418,3.9880552,0.14324474334716797
2020-01-15,4.174200057983398,3.9941528,0.18004727363586426
2020-01-16,4.183599948883057,4.0063405,0.1772594451904297
2020-01-17,4.161600112915039,4.022713,0.1388869285583496
2020-01-20,4.188499927520752,4.039586,0.14891386032104492
2020-01-21,4.210899829864502,4.0589824,0.1519174575805664
2020-01-22,4.181300163269043,4.0800557,0.10124444961547852
2020-01-23,4.169099807739258,4.098028,0.07107162475585938
2020-01-24,4.1595001220703125,4.111764,0.047736167907714844
2020-01-27,4.206099987030029,4.121498,0.08460187911987305
2020-01-28,4.193399906158447,4.1308055,0.06259441375732422
2020-01-29,4.228899955749512,4.1379743,0.09092569351196289
2020-01-30,4.242199897766113,4.1460166,0.09618330001831055
2020-01-31,4.282599925994873,4.1548996,0.1277003288269043
2020-02-03,4.246799945831299,4.165987,0.08081293106079102
2020-02-04,4.253699779510498,4.1748486,0.07885122299194336
2020-02-05,4.23360013961792,4.1839595,0.049640655517578125
2020-02-06,4.280799865722656,4.194709,0.0860910415649414
2020-02-07,4.320400238037109,4.2111216,0.10927867889404297
2020-02-10,4.320974826812744,4.2346573,0.08631753921508789
2020-02-11,4.327530860900879,4.260146,0.06738471984863281
2020-02-12,4.354499816894531,4.287672,0.06682777404785156
2020-02-13,4.346766948699951,4.3166285,0.030138492584228516
2020-02-14,4.296999931335449,4.3446207,-0.04762077331542969
2020-02-17,4.326499938964844,4.3650303,-0.03853034973144531
2020-02-18,4.354800224304199,4.3818903,-0.027090072631835938
2020-02-19,4.363999843597412,4.3962903,-0.03229045867919922
2020-02-20,4.392300128936768,4.4100394,-0.017739295959472656
2020-02-21,4.389800071716309,4.424819,-0.0350189208984375
2020-02-24,4.386600017547607,4.439802,-0.053202152252197266
2020-02-25,4.386799812316895,4.453749,-0.06694936752319247
2020-02-26,4.449100017547607,4.467306,-0.018206119537353516
2020-02-27,4.484799861907959,4.4853616,-0.0005617141723632812
2020-02-28,4.441299915313721,4.507478,-0.0661783218383789
2020-03-02,4.472400188446045,4.528773,-0.056372642517089844
2020-03-03,4.513199806213379,4.552179,-0.03897905349731445
2020-03-04,4.583399772644043,4.580522,0.0028777122497558594
2020-03-05,4.606200218200684,4.6199727,-0.01377248764038086
2020-03-06,4.589799880981445,4.669824,-0.08002424240112305
2020-03-09,4.722899913787842,4.728353,-0.0054531097412109375
2020-03-10,4.642099857330322,4.796516,-0.15441608428955078
2020-03-11,4.813799858093262,4.8611817,-0.04738187789916992
2020-03-12,4.790200233459473,4.9371605,-0.14696025848388672
2020-03-13,4.85260009765625,5.0098147,-0.15721464157104492
2020-03-16,4.999000072479248,5.0806656,-0.0816655158996582
2020-03-17,5.009699821472168,5.158058,-0.14835834503173828
2020-03-18,5.103961944580078,5.236394,-0.1324319839477539
2020-03-19,5.094200134277344,5.316795,-0.2225947380065918
2020-03-20,5.045499801635742,5.3901124,-0.34461259841918945
2020-03-23,5.14169979095459,5.448455,-0.30675506591796875
2020-03-24,5.098100185394287,5.50029,-0.4021897315979004
2020-03-25,5.033699989318848,5.5404644,-0.5067644119262695
2020-03-26,5.022600173950195,5.5675387,-0.5449385643005371
2020-03-27,5.104629039764404,5.5847926,-0.48016357421875
2020-03-30,5.192699909210205,5.6003766,-0.40767669677734375
2020-03-31,5.203499794006348,5.619013,-0.4155130386352539
2020-04-01,5.248199939727783,5.6356416,-0.38744163513183594
2020-04-02,5.255300045013428,5.6509314,-0.3956313133239746
2020-04-03,5.348499774932861,5.6648226,-0.31632280349731445
2020-04-06,5.285299777984619,5.6822634,-0.39696359634399414
2020-04-07,5.221700191497803,5.697271,-0.4755706787109375
2020-04-08,5.123499870300293,5.7050304,-0.5815305709838867
2020-04-09,5.105800151824951,5.705276,-0.5994758605957031
2020-04-10,5.105500221252441,5.6991935,-0.5936932563781738
2020-04-13,5.198500156402588,5.689531,-0.4910306930541992
2020-04-14,5.162000179290772,5.6839576,-0.5219573974609366
2020-04-15,5.236999988555908,5.679559,-0.44255924224853516
2020-04-16,5.230899810791016,5.6801777,-0.4492778778076172
2020-04-17,5.232699871063232,5.6846604,-0.45196056365966797
2020-04-20,5.315400123596191,5.6984053,-0.38300514221191406
2020-04-21,5.315000057220459,5.710379,-0.39537906646728516
2020-04-22,5.456900119781494,5.7244463,-0.2675461769104004
2020-04-23,5.533100128173828,5.745756,-0.21265602111816406
2020-04-24,5.5725998878479,5.775855,-0.20325517654418945
2020-04-27,5.652599811553955,5.809454,-0.15685415267944336
2020-04-28,5.497399806976318,5.8427024,-0.3453025817871094
2020-04-29,5.334799766540527,5.8657665,-0.5309667587280273
2020-04-30,5.486000061035156,5.8750763,-0.38907623291015625
2020-05-01,5.477000236511231,5.884674,-0.40767383575439364
2020-05-04,5.540599822998047,5.891117,-0.35051727294921875
2020-05-05,5.578100204467773,5.895055,-0.3169546127319336
2020-05-06,5.715199947357178,5.8995633,-0.18436336517333984
2020-05-07,5.828719139099121,5.9120994,-0.08338022232055664
2020-05-08,5.477000236511231,5.9288073,-0.4518070220947257
2020-05-11,5.8171000480651855,5.9358664,-0.11876630783081055
2020-05-12,5.884799957275391,5.9456263,-0.06082630157470703
2020-05-13,5.88640022277832,5.9594784,-0.07307815551757812
2020-05-14,5.8094000816345215,5.971804,-0.16240406036376953
2020-05-15,5.855199813842773,5.98019,-0.12498998641967773
2020-05-18,5.718999862670898,5.9845734,-0.26557350158691406
2020-05-19,5.755199909210205,5.983532,-0.2283320426940918
2020-05-20,5.690499782562256,5.9794703,-0.2889704704284668
2020-05-21,5.5524001121521,5.9714065,-0.41900634765625
2020-05-22,5.52869987487793,5.95825,-0.4295501708984375
2020-05-25,5.443399906158447,5.93942,-0.4960203170776367
2020-05-26,5.343999862670898,5.916064,-0.5720639228820801
2020-05-27,5.27269983291626,5.887671,-0.6149711608886719
2020-05-28,5.403600215911865,5.8545823,-0.45098209381103516
2020-05-29,5.334799766540527,5.824742,-0.4899420738220215
2020-06-01,5.366499900817871,5.793521,-0.4270210266113281
2020-06-02,5.199299812316895,5.7667694,-0.5674695968627921
2020-06-03,5.061600208282471,5.7368703,-0.6752700805664062
2020-06-04,5.117199897766113,5.700415,-0.5832152366638184
2020-06-05,4.959499835968018,5.66575,-0.7062501907348633
2020-06-08,4.821599960327148,5.6272345,-0.8056344985961914
2020-06-09,4.898399829864502,5.581582,-0.6831822395324707
2020-06-10,4.9721999168396,5.5418196,-0.5696196556091309
2020-06-11,4.974999904632568,5.514516,-0.5395159721374512
2020-06-12,5.047800064086914,5.4978604,-0.4500603675842285
2020-06-15,5.153206825256348,5.494292,-0.34108495712280273
2020-06-16,5.243599891662598,5.505176,-0.26157617568969727
2020-06-17,5.22790002822876,5.5286875,-0.30078744888305664
2020-06-18,5.377200126647949,5.5617485,-0.18454837799072266
2020-06-19,5.309999942779541,5.603197,-0.2931971549987793
2020-06-22,5.25190019607544,5.643568,-0.39166784286498935
2020-06-23,5.151000022888184,5.6746635,-0.5236635208129883
2020-06-24,5.34660005569458,5.6942015,-0.34760141372680664
2020-06-25,5.359499931335449,5.711638,-0.35213804244995117
2020-06-26,5.480899810791016,5.7279563,-0.2470564842224121
2020-06-29,5.402100086212158,5.744488,-0.34238767623901367
2020-06-30,5.461699962615967,5.757717,-0.2960171699523926
2020-07-01,5.316199779510498,5.77349,-0.4572901725769043
2020-07-02,5.35890007019043,5.7807617,-0.4218616485595703
2020-07-03,5.311399936676025,5.7840314,-0.47263145446777344
2020-07-06,5.354300022125244,5.7815557,-0.42725563049316406
2020-07-07,5.377799987792969,5.7784624,-0.4006624221801758
2020-07-08,5.342599868774414,5.7748733,-0.43227338790893555
2020-07-09,5.337800025939941,5.77078,-0.4329800605773926
2020-07-10,5.326900005340576,5.7650876,-0.4381875991821289
2020-07-13,5.401500225067139,5.7588053,-0.35730504989624023
2020-07-14,5.366799831390381,5.755674,-0.3888740539550781
2020-07-15,5.366948127746582,5.7523756,-0.38542747497558594
2020-07-16,5.330699920654297,5.7507,-0.4200000762939453
2020-07-17,5.385300159454346,5.7467766,-0.36147642135620117
2020-07-20,5.327700138092041,5.7438107,-0.4161105155944824
2020-07-21,5.1697998046875,5.7386994,-0.5688996315002441
2020-07-22,5.118100166320801,5.7254076,-0.6073074340820312
2020-07-23,5.210599899291992,5.707082,-0.49648189544677734
2020-07-24,5.229100227355957,5.69113,-0.46202993392944336
2020-07-27,5.141421794891357,5.6771584,-0.5357365608215332
2020-07-28,5.152299880981445,5.66142,-0.509119987487793
2020-07-29,5.168799877166748,5.645466,-0.4766659736633301
2020-07-30,5.153900146484375,5.633341,-0.47944068908691406
2020-07-31,5.221199989318848,5.62532,-0.40411996841430664
2020-08-03,5.318699836730957,5.62591,-0.30720996856689453
2020-08-04,5.290200233459473,5.6386757,-0.34847545623779297
2020-08-05,5.290900230407715,5.6539316,-0.36303138732910156
2020-08-06,5.331299781799316,5.6702347,-0.33893489837646484
2020-08-07,5.43720006942749,5.688835,-0.2516350746154785
2020-08-10,5.480500221252441,5.7110486,-0.23054838180541992
2020-08-11,5.38040018081665,5.73617,-0.35576963424682617
2020-08-12,5.434999942779541,5.755513,-0.3205132484436035
2020-08-13,5.367000102996826,5.773514,-0.40651369094848633
2020-08-14,5.42080020904541,5.785223,-0.3644227981567383
2020-08-17,5.508299827575684,5.7950587,-0.2867588996887207
2020-08-18,5.465400218963623,5.804423,-0.3390226364135742
2020-08-19,5.556399822235107,5.811955,-0.2555551528930664
2020-08-20,5.555900096893311,5.8204603,-0.26456022262573153
2020-08-21,5.618599891662598,5.828793,-0.21019315719604492
2020-08-24,5.610599994659424,5.83765,-0.2270498275756836
2020-08-25,5.507400035858154,5.8457694,-0.33836936950683594
2020-08-26,5.607200145721436,5.850373,-0.24317264556884677
2020-08-27,5.568699836730957,5.8559,-0.2871999740600586
2020-08-28,5.389999866485596,5.859246,-0.46924591064453125
2020-08-31,5.490900039672852,5.856861,-0.36596107482910156
2020-09-01,5.397299766540527,5.8529162,-0.45561647415161133
2020-09-02,5.338699817657471,5.8455763,-0.5068764686584473
2020-09-03,5.289899826049805,5.8339586,-0.5440587997436523
2020-09-04,5.301000118255615,5.818865,-0.5178647041320801
2020-09-07,5.298299789428711,5.8041916,-0.5058917999267578
2020-09-08,5.360599994659424,5.79117,-0.430570125579834
2020-09-09,5.308499813079834,5.782176,-0.4736762046813965
2020-09-10,5.320499897003174,5.7761936,-0.45569372177124023
2020-09-11,5.316199779510498,5.77306,-0.4568600654602051
2020-09-14,5.26830005645752,5.771171,-0.5028710365295401
2020-09-15,5.2743000984191895,5.767981,-0.4936809539794922
2020-09-16,5.236000061035156,5.7651553,-0.5291552543640137
2020-09-17,5.237800121307373,5.7606697,-0.5228695869445801
2020-09-18,5.389800071716309,5.7569995,-0.3671994209289551
2020-09-21,5.412600040435791,5.763136,-0.35053586959838867
2020-09-22,5.469900131225586,5.7748103,-0.30491018295288086
2020-09-23,5.592400074005127,5.791461,-0.19906091690063477
2020-09-24,5.508399963378906,5.813665,-0.305264949798584
2020-09-25,5.561100006103516,5.833856,-0.27275609970092773
2020-09-28,5.660200119018555,5.8544354,-0.19423532485961914
2020-09-29,5.630499839782715,5.8779793,-0.24747943878173828
2020-09-30,5.608399868011475,5.898007,-0.28960704803466797
2020-10-01,5.642000198364258,5.9146457,-0.2726454734802246
2020-10-02,5.681600093841553,5.9292736,-0.24767351150512695
2020-10-05,5.573400020599365,5.9406767,-0.367276668548584
2020-10-06,5.593800067901611,5.9457355,-0.35193538665771484
2020-10-07,5.611299991607666,5.948521,-0.3372211456298828
2020-10-08,5.598599910736084,5.948596,-0.34999608993530273
2020-10-09,5.52899980545044,5.948409,-0.41940927505493075
2020-10-12,5.529699802398682,5.945264,-0.41556406021118164
2020-10-13,5.56850004196167,5.9394355,-0.37093544006347656
2020-10-14,5.590499877929688,5.9338026,-0.3433027267456046
2020-10-15,5.611199855804443,5.930221,-0.31902122497558594
2020-10-16,5.644800186157227,5.9292564,-0.2844562530517578
2020-10-19,5.605599880218506,5.930287,-0.32468700408935547
2020-10-20,5.6041998863220215,5.929658,-0.3254580497741699
2020-10-21,5.607800006866455,5.929326,-0.32152605056762695
2020-10-22,5.591300010681152,5.9280415,-0.33674144744873047
2020-10-23,5.616199970245361,5.927213,-0.31101322174072266
2020-10-26,5.622700214385986,5.9276056,-0.30490541458129883
2020-10-27,5.7052001953125,5.9292097,-0.22400951385498047
2020-10-28,5.744900226593018,5.937122,-0.19222164154052734
2020-10-29,5.7778000831604,5.947715,-0.16991472244262695
2020-10-30,5.741399765014648,5.961102,-0.21970224380493164
2020-11-02,5.741099834442139,5.9739704,-0.23287057876586914
2020-11-03,5.754899978637695,5.9839635,-0.2290635108947754
2020-11-04,5.663000106811523,5.9909477,-0.32794761657714844
2020-11-05,5.523399829864502,5.9918985,-0.46849870681762695
2020-11-06,5.36269998550415,5.9849358,-0.6222357749938965
2020-11-09,5.384699821472168,5.9643,-0.5796003341674805
2020-11-10,5.413899898529053,5.9391623,-0.5252623558044434
2020-11-11,5.389999866485596,5.9163594,-0.5263595581054688
2020-11-12,5.456699848175049,5.8964086,-0.4397087097167969
2020-11-13,5.456999778747559,5.880929,-0.42392921447753906
2020-11-16,5.414899826049805,5.868291,-0.45339107513427734
2020-11-17,5.327199935913086,5.8561416,-0.5289416313171387
2020-11-18,5.361700057983398,5.84143,-0.47973012924194336
2020-11-19,5.304500102996826,5.8289533,-0.5244531631469727
2020-11-20,5.378099918365479,5.815547,-0.43744707107543856
2020-11-23,5.440599918365479,5.806902,-0.3663020133972159
2020-11-24,5.372600078582764,5.803541,-0.430941104888916
2020-11-25,5.3225998878479,5.799966,-0.47736597061157227
2020-11-26,5.335299968719482,5.794182,-0.45888185501098633
2020-11-27,5.34250020980835,5.788419,-0.44591856002807617
2020-11-30,5.331099987030029,5.7850204,-0.4539203643798828
2020-12-01,5.204899787902832,5.7727847,-0.5678849220275879
2020-12-02,5.216300010681152,5.746782,-0.5304818153381348
2020-12-03,5.151000022888184,5.716049,-0.5650491714477539
2020-12-04,5.154399871826172,5.6813445,-0.526944637298584
2020-12-07,5.098299980163574,5.648173,-0.549872875213623
2020-12-08,5.119699954986572,5.614905,-0.4952049255371094
2020-12-09,5.169700145721436,5.58655,-0.4168500900268546
2020-12-10,5.024199962615967,5.5651207,-0.5409207344055176
2020-12-11,5.064199924468994,5.538417,-0.47421693801879883
2020-12-14,5.117700099945068,5.5152197,-0.397519588470459
2020-12-15,5.078884124755859,5.4997673,-0.4208831787109375
2020-12-16,5.083199977874756,5.485504,-0.40230417251586914
2020-12-17,5.056900024414063,5.4743843,-0.41748428344726474
2020-12-18,5.100599765777588,5.464167,-0.3635673522949219
2020-12-21,5.118937969207764,5.45973,-0.340792179107666
2020-12-22,5.1566548347473145,5.459159,-0.3025040626525879
2020-12-23,5.2153000831604,5.4625034,-0.24720335006713867
2020-12-24,5.2153000831604,5.4718757,-0.2565755844116211
2020-12-25,5.2153000831604,5.4832973,-0.26799726486206055
2020-12-28,5.2459001541137695,5.4948378,-0.24893760681152344
2020-12-29,5.208600044250488,5.50733,-0.29872989654541016
2020-12-30,5.190838813781738,5.516547,-0.32570838928222656
2020-12-31,5.1921000480651855,5.522516,-0.3304157257080078
2021-01-01,5.19189977645874,5.558799,-0.3668990135192871
2021-01-04,5.295300006866455,5.6033564,-0.3080563545227051
2021-01-05,5.28410005569458,5.648813,-0.3647127151489258
2021-01-06,5.312900066375732,5.685,-0.3720998764038086
2021-01-07,5.40880012512207,5.7098594,-0.3010592460632324
2021-01-08,5.412188053131104,5.726057,-0.3138689994812003
2021-01-11,5.48769998550415,5.736837,-0.24913692474365234
2021-01-12,5.321400165557861,5.7435093,-0.42210912704467773
2021-01-13,5.297500133514404,5.741373,-0.44387292861938477
2021-01-14,5.195799827575684,5.730719,-0.534919261932373
2021-01-15,5.291299819946289,5.7144737,-0.4231739044189453
2021-01-18,5.2947998046875,5.6998754,-0.4050755500793457
2021-01-19,5.3566999435424805,5.688489,-0.3317890167236328
2021-01-20,5.290500164031982,5.6844573,-0.39395713806152344
2021-01-21,5.349500179290772,5.682811,-0.3333106040954581
2021-01-22,5.465499877929688,5.68759,-0.222090244293212
2021-01-25,5.465499877929688,5.701721,-0.2362213134765616
2021-01-26,5.353799819946289,5.7202415,-0.3664417266845703
2021-01-27,5.412600040435791,5.7335505,-0.3209505081176758
2021-01-28,5.437989234924316,5.7433925,-0.3054032325744629
2021-01-29,5.4608001708984375,5.7548137,-0.29401350021362305
2021-02-01,5.430500030517578,5.7612214,-0.330721378326416
2021-02-02,5.366899967193604,5.764142,-0.3972420692443839
2021-02-03,5.352000236511231,5.7608857,-0.4088854789733878
2021-02-04,5.4257001876831055,5.755679,-0.32997894287109375
2021-02-05,5.369200229644775,5.7536263,-0.3844261169433594
2021-02-08,5.364299774169922,5.750718,-0.38641834259033203
2021-02-09,5.376699924468994,5.747396,-0.3706960678100586
2021-02-10,5.384900093078613,5.7456565,-0.36075639724731445
2021-02-11,5.3653998374938965,5.744751,-0.3793511390686035
2021-02-12,5.368599891662598,5.744977,-0.3763771057128906
2021-02-15,5.368000030517578,5.7440076,-0.3760075569152832
2021-02-16,5.369400024414063,5.7418637,-0.3724637031555167
2021-02-17,5.409800052642822,5.7383003,-0.32850027084350586
2021-02-18,5.42579984664917,5.737811,-0.3120112419128418
2021-02-19,5.38070011138916,5.7402225,-0.35952234268188477
2021-02-22,5.463399887084961,5.745115,-0.28171491622924805
2021-02-23,5.439599990844727,5.7523293,-0.3127293586730957
2021-02-24,5.402964115142822,5.7587347,-0.3557705879211426
2021-02-25,5.528025150299072,5.7647457,-0.23672056198120117
2021-02-26,5.597599983215332,5.778123,-0.18052291870117188
2021-03-01,5.640699863433838,5.8033485,-0.16264867782592773
2021-03-02,5.675099849700928,5.825741,-0.15064096450805664
2021-03-03,5.617499828338623,5.8448477,-0.22734785079956055
2021-03-04,5.668300151824951,5.8550644,-0.18676424026489258
2021-03-05,5.689499855041504,5.8613954,-0.17189550399780273
2021-03-08,5.874599933624268,5.870288,0.004312038421630859
2021-03-09,5.801499843597412,5.887634,-0.08613395690917969
2021-03-10,5.67110013961792,5.9017754,-0.23067522048950195
2021-03-11,5.534800052642822,5.9052877,-0.37048768997192383
2021-03-12,5.495155811309815,5.8984365,-0.40328073501586825
2021-03-15,5.614500045776367,5.885014,-0.27051401138305664
2021-03-16,5.6234002113342285,5.876794,-0.25339365005493164
2021-03-17,5.583099842071533,5.869303,-0.28620338439941406
2021-03-18,5.558700084686279,5.8598266,-0.30112648010253906
2021-03-19,5.493563175201416,5.846719,-0.35315561294555664
2021-03-22,5.505499839782715,5.8312736,-0.3257737159729004
2021-03-23,5.520400047302246,5.8180156,-0.29761552810668945
2021-03-24,5.61959981918335,5.8073297,-0.1877298355102539
2021-03-25,5.648399829864502,5.80422,-0.15582036972045898
2021-03-26,5.752399921417236,5.8064437,-0.05404376983642578
2021-03-29,5.780799865722656,5.8170066,-0.036206722259521484
2021-03-30,5.771599769592285,5.831366,-0.059766292572021484
2021-03-31,5.63129997253418,5.8465657,-0.21526575088500977
2021-04-01,5.707399845123291,5.869794,-0.16239404678344727
2021-04-02,5.710599899291992,5.894107,-0.18350696563720703
2021-04-05,5.662700176239014,5.912133,-0.24943304061889648
2021-04-06,5.593200206756592,5.919393,-0.32619285583496094
2021-04-07,5.612100124359131,5.9151487,-0.30304861068725586
2021-04-08,5.566599845886231,5.9037333,-0.33713340759277255
2021-04-09,5.679299831390381,5.8864803,-0.20718050003051758
2021-04-12,5.732200145721436,5.869358,-0.1371579170227042
2021-04-13,5.716300010681152,5.85489,-0.13858985900878906
2021-04-14,5.652900218963623,5.839715,-0.1868147850036621
2021-04-15,5.614999771118164,5.8237724,-0.2087726593017578
2021-04-16,5.5858001708984375,5.8075113,-0.2217111587524414
2021-04-19,5.545300006866455,5.7912188,-0.24591875076293945
2021-04-20,5.56790018081665,5.776252,-0.20835161209106445
2021-04-21,5.56790018081665,5.765207,-0.19730663299560547
2021-04-22,5.44320011138916,5.7568808,-0.31368064880371094
2021-04-23,5.477200031280518,5.743299,-0.2660989761352539
2021-04-26,5.435299873352051,5.730444,-0.29514408111572266
2021-04-27,5.451000213623047,5.717436,-0.2664356231689453
2021-04-28,5.341400146484375,5.7043495,-0.3629493713378906
2021-04-29,5.336400032043457,5.6874237,-0.35102367401123047
2021-04-30,5.439700126647949,5.6718807,-0.23218059539794922
2021-05-03,5.43809986114502,5.6578746,-0.21977472305297763
2021-05-04,5.442599773406982,5.6466184,-0.20401859283447266
2021-05-05,5.352700233459473,5.63783,-0.2851295471191406
2021-05-06,5.273430824279785,5.6243696,-0.3509387969970703
2021-05-07,5.235499858856201,5.6040673,-0.36856746673583984
2021-05-10,5.2221999168396,5.5811663,-0.3589663505554199
2021-05-11,5.221199989318848,5.557672,-0.3364720344543457
2021-05-12,5.303100109100342,5.5399084,-0.23680830001831055
2021-05-13,5.307700157165527,5.5339513,-0.22625112533569336
2021-05-14,5.269499778747559,5.5324855,-0.2629857063293457
2021-05-17,5.271500110626221,5.530315,-0.25881481170654297
2021-05-18,5.259500026702881,5.5285106,-0.2690105438232422
2021-05-19,5.308000087738037,5.5266805,-0.21868038177490234
2021-05-20,5.281300067901611,5.528209,-0.24690914154052734
2021-05-21,5.361800193786621,5.5284204,-0.16662025451660156
2021-05-24,5.31850004196167,5.531869,-0.21336889266967773
2021-05-25,5.330699920654297,5.5352364,-0.20453643798828125
2021-05-26,5.310500144958496,5.538285,-0.2277846336364746
2021-05-27,5.2382001876831055,5.539257,-0.3010568618774414
2021-05-28,5.23799991607666,5.533426,-0.2954258918762207
2021-05-31,5.216599941253662,5.5238643,-0.3072643280029297
2021-06-01,5.149700164794922,5.507022,-0.35732173919677734
2021-06-02,5.07450008392334,5.482216,-0.4077157974243164
2021-06-03,5.076300144195557,5.4487963,-0.3724961280822754
2021-06-04,5.044600009918213,5.4128237,-0.3682236671447754
2021-06-07,5.045199871063232,5.374858,-0.32965803146362305
2021-06-08,5.034900188446045,5.3398266,-0.30492639541625977
2021-06-09,5.061500072479248,5.3083386,-0.24683856964111328
2021-06-10,5.054500102996826,5.283008,-0.22850799560546875
2021-06-11,5.117000102996826,5.263031,-0.14603090286254883
2021-06-14,5.058599948883057,5.2512264,-0.1926264762878418
2021-06-15,5.043799877166748,5.2414856,-0.19768571853637695
2021-06-16,5.054299831390381,5.2349405,-0.18064069747924805
2021-06-17,5.007400035858154,5.228639,-0.2212390899658203
2021-06-18,5.0960001945495605,5.2191424,-0.12314224243164062
2021-06-21,5.0131001472473145,5.2161674,-0.20306730270385742
2021-06-22,4.957099914550781,5.2113695,-0.2542695999145508
2021-06-23,4.965199947357178,5.2023225,-0.2371225357055664
2021-06-24,4.912700176239014,5.192266,-0.27956581115722656
2021-06-25,4.91540002822876,5.1810937,-0.26569366455078125
2021-06-28,4.924799919128418,5.1700635,-0.24526357650756836
2021-06-29,4.955100059509277,5.1602902,-0.20519018173217773
2021-06-30,4.969200134277344,5.154398,-0.1851978302001953
2021-07-01,5.045102119445801,5.1594105,-0.11430835723876953
2021-07-02,5.059199810028076,5.172817,-0.1136174201965332
2021-07-05,5.088459014892578,5.193938,-0.10547876358032227
2021-07-06,5.195300102233887,5.2228727,-0.0275726318359375
2021-07-07,5.231200218200684,5.261099,-0.029898643493652344
2021-07-08,5.257999897003174,5.3048687,-0.04686880111694336
2021-07-09,5.257900238037109,5.3484235,-0.09052324295043945
2021-07-12,5.172699928283691,5.3872266,-0.21452665328979492
2021-07-13,5.162399768829346,5.413246,-0.25084638595581055
2021-07-14,5.069900035858154,5.429852,-0.3599519729614258
2021-07-15,5.110000133514404,5.433526,-0.32352590560913086
2021-07-16,5.1153998374938965,5.4335895,-0.3181896209716797
2021-07-19,5.250899791717529,5.4326496,-0.18174982070922852
2021-07-20,5.219900131225586,5.437882,-0.21798181533813477
2021-07-21,5.187300205230713,5.441809,-0.25450897216796875
2021-07-22,5.1996002197265625,5.4425836,-0.24298334121704102
2021-07-23,5.19789981842041,5.444557,-0.2466573715209961
2021-07-26,5.1753997802734375,5.446619,-0.27121925354003906
2021-07-27,5.169099807739258,5.448965,-0.2798652648925781
2021-07-28,5.114799976348877,5.449313,-0.33451318740844727
2021-07-29,5.080399990081787,5.445705,-0.36530494689941406
2021-07-30,5.208700180053711,5.4423604,-0.23366022109985352
2021-08-02,5.174600124359131,5.4460783,-0.27147817611694336
2021-08-03,5.196800231933594,5.4497023,-0.2529020309448242
2021-08-04,5.1682000160217285,5.4566197,-0.2884197235107422
2021-08-05,5.245200157165527,5.457269,-0.21206903457641602
2021-08-06,5.23199987411499,5.459363,-0.22736310958862305
2021-08-09,5.231800079345703,5.461478,-0.22967815399169922
2021-08-10,5.188300132751465,5.464528,-0.2762279510498047
2021-08-11,5.218200206756592,5.4650507,-0.24685049057006836
2021-08-12,5.252200126647949,5.4680905,-0.21589040756225586
2021-08-13,5.247499942779541,5.474521,-0.2270212173461914
2021-08-16,5.259699821472168,5.4835844,-0.22388458251953125
2021-08-17,5.294300079345703,5.4945498,-0.20024967193603516
2021-08-18,5.378600120544434,5.5090885,-0.13048839569091797
2021-08-19,5.414100170135498,5.529474,-0.11537361145019531
2021-08-20,5.379000186920166,5.553136,-0.17413568496704102
2021-08-23,5.379899978637695,5.5744443,-0.19454431533813477
2021-08-24,5.245800018310547,5.590178,-0.3443779945373535
2021-08-25,5.210999965667725,5.592142,-0.38114213943481445
2021-08-26,5.251599788665772,5.586357,-0.3347573280334464
2021-08-27,5.2027997970581055,5.577372,-0.3745722770690918
2021-08-30,5.182899951934815,5.564329,-0.38142919540405185
2021-08-31,5.1493000984191895,5.55003,-0.4007301330566406
2021-09-01,5.184599876403809,5.527517,-0.34291696548461914
2021-09-02,5.18179988861084,5.5101595,-0.32835960388183594
2021-09-03,5.189799785614014,5.4971185,-0.30731868743896484
2021-09-06,5.169300079345703,5.488562,-0.3192620277404785
2021-09-07,5.169600009918213,5.4847383,-0.3151383399963379
2021-09-08,5.3206000328063965,5.486755,-0.1661548614501953
2021-09-09,5.196499824523926,5.501939,-0.3054389953613281
2021-09-10,5.247000217437744,5.5136824,-0.26668214797973633
2021-09-13,5.213200092315674,5.526653,-0.31345272064208984
2021-09-14,5.238900184631348,5.536906,-0.2980055809020996
2021-09-15,5.221700191497803,5.5479116,-0.32621145248413086
2021-09-16,5.256800174713135,5.557304,-0.3005037307739258
2021-09-17,5.289700031280518,5.5693192,-0.2796192169189453
2021-09-20,5.323200225830078,5.584421,-0.26122093200683594
2021-09-21,5.268899917602539,5.599898,-0.33099794387817383
2021-09-22,5.287700176239014,5.608605,-0.3209047317504883
2021-09-23,5.3018999099731445,5.609042,-0.3071422576904297
2021-09-24,5.336999893188477,5.606933,-0.26993322372436523
2021-09-27,5.390399932861328,5.6052666,-0.21486663818359375
2021-09-28,5.427599906921387,5.6095295,-0.1819295883178711
2021-09-29,5.414299964904785,5.6174736,-0.20317363739013672
2021-09-30,5.441699981689453,5.625336,-0.18363618850708008
2021-10-01,5.367899894714356,5.633409,-0.26550912857055575
2021-10-04,5.453199863433838,5.637746,-0.18454599380493164
2021-10-05,5.475500106811523,5.6456695,-0.17016935348510742
2021-10-06,5.491899967193604,5.656375,-0.16447496414184481
2021-10-07,5.517000198364258,5.6681833,-0.1511831283569336
2021-10-08,5.506899833679199,5.67913,-0.17223024368286133
2021-10-11,5.535999774932861,5.687988,-0.15198802947998047
2021-10-12,5.531499862670898,5.695923,-0.16442298889160156
2021-10-13,5.512499809265137,5.701684,-0.18918418884277344
2021-10-14,5.512199878692627,5.705401,-0.19320106506347656
2021-10-15,5.458399772644043,5.7063675,-0.24796772003173828
2021-10-18,5.511300086975098,5.703175,-0.19187498092651367
2021-10-19,5.5833001136779785,5.7041206,-0.12082052230834961
2021-10-20,5.59630012512207,5.709926,-0.11362600326538086
2021-10-21,5.657800197601318,5.7216506,-0.06385040283203125
2021-10-22,5.649199962615967,5.7377834,-0.08858346939086914
2021-10-25,5.554399967193604,5.752763,-0.1983628273010245
2021-10-26,5.564799785614014,5.7622924,-0.1974925994873047
2021-10-27,5.534999847412109,5.769578,-0.23457813262939453
2021-10-28,5.644899845123291,5.7681828,-0.12328290939331055
2021-10-29,5.633699893951416,5.7694592,-0.1357593536376953
2021-11-01,5.678899765014648,5.7751646,-0.09626483917236328
2021-11-02,5.678599834442139,5.787038,-0.10843801498413086
2021-11-03,5.5524001121521,5.8015213,-0.24912118911743164
2021-11-04,5.6016998291015625,5.810858,-0.20915794372558594
2021-11-05,5.541100025177002,5.8159995,-0.2748994827270508
2021-11-08,5.543099880218506,5.8157887,-0.2726888656616211
2021-11-09,5.479100227355957,5.8109097,-0.33180952072143555
2021-11-10,5.4899001121521,5.8019233,-0.3120231628417969
2021-11-11,5.3979997634887695,5.7901635,-0.3921637535095215
2021-11-12,5.457600116729736,5.77492,-0.3173198699951172
2021-11-15,5.456299781799316,5.7626176,-0.3063178062438965
2021-11-16,5.502200126647949,5.753801,-0.2516007423400879
2021-11-17,5.52869987487793,5.752221,-0.22352123260498047
2021-11-18,5.556399822235107,5.755652,-0.19925212860107422
2021-11-19,5.611599922180176,5.764097,-0.1524972915649414
2021-11-22,5.585599899291992,5.7773075,-0.19170761108398438
2021-11-23,5.570400238037109,5.7885284,-0.21812820434570312
2021-11-24,5.605199813842773,5.7971606,-0.19196081161499023
2021-11-25,5.565100193023682,5.80659,-0.24148988723754883
2021-11-26,5.607800006866455,5.816714,-0.20891380310058594
2021-11-29,5.6006999015808105,5.8260145,-0.22531461715698242
2021-11-30,5.620871067047119,5.8352804,-0.21440935134887695
2021-12-01,5.6915669441223145,5.8495636,-0.15799665451049805
2021-12-02,5.643321990966797,5.8635635,-0.22024154663085938
2021-12-03,5.65009880065918,5.873334,-0.2232351303100586
2021-12-06,5.688000202178955,5.877761,-0.18976068496704102
2021-12-07,5.611800193786621,5.8805537,-0.2687535285949707
2021-12-08,5.531599998474121,5.878175,-0.3465747833251953
2021-12-09,5.571100234985352,5.865245,-0.2941446304321289
2021-12-10,5.60866117477417,5.8481684,-0.23950719833374023
2021-12-13,5.679699897766113,5.833151,-0.15345096588134766
2021-12-14,5.680600166320801,5.8242207,-0.14362049102783203
2021-12-15,5.679399967193604,5.818659,-0.13925886154174716
2021-12-16,5.687399864196777,5.8138,-0.12639999389648438
2021-12-17,5.693059921264648,5.81212,-0.11906003952026367
2021-12-20,5.741300106048584,5.8143377,-0.07303762435913086
2021-12-21,5.74399995803833,5.8190975,-0.07509756088256836
2021-12-22,5.652999877929688,5.8253965,-0.17239665985107333
2021-12-23,5.671795845031738,5.827522,-0.15572595596313477
2021-12-24,5.67110013961792,5.8278775,-0.15677738189697266
2021-12-27,5.624100208282471,5.8271446,-0.20304441452026367
2021-12-28,5.627500057220459,5.8238316,-0.19633150100708008
2021-12-29,5.702700138092041,5.819869,-0.11716890335083008
2021-12-30,5.570199966430664,5.818941,-0.24874114990234375
2021-12-31,5.569300174713135,5.813815,-0.24451494216918945
2022-01-03,5.68120002746582,5.7985554,-0.1173553466796875
2022-01-04,5.676199913024902,5.7883267,-0.11212682723999023
2022-01-05,5.705635070800781,5.781538,-0.07590293884277344
2022-01-06,5.682400226593018,5.776024,-0.09362363815307617
2022-01-07,5.632199764251709,5.7696357,-0.1374359130859375
2022-01-10,5.662199974060059,5.76192,-0.09972000122070312
2022-01-11,5.567299842834473,5.7522035,-0.18490362167358398
2022-01-12,5.533199787139893,5.7371426,-0.20394277572631836
2022-01-13,5.526700019836426,5.7195225,-0.19282245635986328
2022-01-14,5.533299922943115,5.6993804,-0.16608047485351562
2022-01-17,5.5157999992370605,5.6805663,-0.1647663116455078
2022-01-18,5.565700054168701,5.6628976,-0.0971975326538086
2022-01-19,5.43720006942749,5.647783,-0.21058273315429688
2022-01-20,5.418099880218506,5.6267924,-0.2086925506591797
2022-01-21,5.457099914550781,5.6042423,-0.1471424102783203
2022-01-24,5.486100196838379,5.586765,-0.10066461563110352
2022-01-25,5.440703868865967,5.5706735,-0.12996959686279297
2022-01-26,5.429166793823242,5.552185,-0.12301826477050781
2022-01-27,5.40348482131958,5.5333843,-0.1298995018005371
2022-01-28,5.362599849700928,5.51584,-0.15324020385742188
2022-01-31,5.303100109100342,5.4967957,-0.1936955451965332
2022-02-01,5.264500141143799,5.4762945,-0.21179437637329102
2022-02-02,5.260900020599365,5.4534783,-0.19257831573486328
2022-02-03,5.282899856567383,5.421234,-0.1383342742919922
2022-02-04,5.326900005340576,5.38985,-0.06295013427734375
2022-02-07,5.262599945068359,5.3674746,-0.1048746109008789
2022-02-08,5.258399963378906,5.3495183,-0.09111833572387695
2022-02-09,5.234499931335449,5.3366513,-0.10215139389038086
2022-02-10,5.248700141906738,5.3252754,-0.07657527923583984
2022-02-11,5.249956130981445,5.3147206,-0.06476449966430664
2022-02-14,5.214000225067139,5.304452,-0.09045171737670898
2022-02-15,5.157899856567383,5.294388,-0.1364879608154297
2022-02-16,5.135799884796143,5.2788796,-0.1430797576904297
2022-02-17,5.170599937438965,5.2612314,-0.09063148498535156
2022-02-18,5.137499809265137,5.245606,-0.10810613632202148
2022-02-21,5.102700233459473,5.22888,-0.12617969512939453
2022-02-22,5.05709981918335,5.2085624,-0.15146255493164062
2022-02-23,5.008699893951416,5.1839433,-0.17524337768554688
2022-02-24,5.122200012207031,5.1557302,-0.033530235290527344
2022-02-25,5.15939998626709,5.1377916,0.021608352661132812
2022-02-28,5.158400058746338,5.1282787,0.030121326446533203
2022-03-01,5.158999919891357,5.1295605,0.029439449310302734
2022-03-02,5.096502780914307,5.1347537,-0.03825092315673828
2022-03-03,5.030900001525879,5.140663,-0.10976314544677734
2022-03-04,5.06056022644043,5.1428275,-0.08226728439331055
2022-03-07,5.110499858856201,5.147032,-0.036531925201416016
2022-03-08,5.058800220489502,5.155352,-0.09655189514160156
2022-03-09,5.011499881744385,5.1634846,-0.15198469161987305
2022-03-10,5.009699821472168,5.165232,-0.1555323600769043
2022-03-11,5.073500156402588,5.162196,-0.08869600296020508
2022-03-14,5.121399879455566,5.1618795,-0.04047966003417969
2022-03-15,5.1631999015808105,5.1665998,-0.0033998489379882812
2022-03-16,5.073874950408936,5.1734676,-0.099592685699462
2022-03-17,5.039400100708008,5.165611,-0.12621068954467773
2022-03-18,5.0177998542785645,5.1484537,-0.13065385818481445
2022-03-21,4.935200214385986,5.126645,-0.19144487380981445
2022-03-22,4.909999847412109,5.0993767,-0.1893768310546875
2022-03-23,4.82420015335083,5.070342,-0.24614191055297852
2022-03-24,4.826300144195557,5.037384,-0.21108388900756836
2022-03-25,4.7368998527526855,5.007047,-0.27014732360839844
2022-03-28,4.764100074768066,4.974338,-0.21023797988891602
2022-03-29,4.756199836730957,4.9450903,-0.1888904571533203
2022-03-30,4.769700050354004,4.919141,-0.14944076538085938
2022-03-31,4.737800121307373,4.896274,-0.15847396850585938
2022-04-01,4.657199859619141,4.8811684,-0.223968505859375
2022-04-04,4.593800067901611,4.8672132,-0.27341318130493164
2022-04-05,4.650700092315674,4.849559,-0.19885873794555664
2022-04-06,4.715199947357178,4.833212,-0.1180119514465332
2022-04-07,4.752099990844727,4.8219056,-0.06980562210083008
2022-04-08,4.698100090026856,4.8164215,-0.11832141876220614
2022-04-11,4.693600177764893,4.808586,-0.11498594284057617
2022-04-12,4.673099994659424,4.8014045,-0.12830448150634766
2022-04-13,4.690199851989746,4.79525,-0.10505008697509766
2022-04-14,4.701000213623047,4.79261,-0.09160995483398438
2022-04-15,4.7006001472473145,4.794758,-0.09415769577026367
2022-04-18,4.651999950408936,4.800813,-0.14881324768066317
2022-04-19,4.664999961853027,4.8066244,-0.14162445068359375
2022-04-20,4.620800018310547,4.81344,-0.19263982772827148
2022-04-21,4.620800018310547,4.816471,-0.19567108154296875
2022-04-22,4.795199871063232,4.815969,-0.020769119262695312
2022-04-25,4.876200199127197,4.8277626,0.04843759536743164
2022-04-26,4.997799873352051,4.8506784,0.14712142944335938
2022-04-27,4.963600158691406,4.8866615,0.07693862915039062
2022-04-28,4.93779993057251,4.924724,0.013075828552246094
2022-04-29,4.97130012512207,4.958092,0.01320791244506836
2022-05-02,5.084700107574463,4.9999733,0.08472681045532227
2022-05-03,4.958099842071533,5.05102,-0.09292030334472656
2022-05-04,4.918799877166748,5.088854,-0.17005395889282227
2022-05-05,5.027999877929688,5.104282,-0.07628202438354403
2022-05-06,5.080399990081787,5.1124873,-0.03208732604980469
2022-05-09,5.160900115966797,5.118901,0.04199934005737305
2022-05-10,5.13129997253418,5.1293845,0.0019154548645019531
2022-05-11,5.134252071380615,5.1351557,-0.0009036064147949219
2022-05-12,5.133399963378906,5.1380463,-0.00464630126953125
2022-05-13,5.058300018310547,5.1389904,-0.08069038391113281
2022-05-16,5.059700012207031,5.1318235,-0.07212352752685547
2022-05-17,4.93809986114502,5.1231017,-0.18500185012817294
2022-05-18,4.96750020980835,5.1051846,-0.13768434524536133
2022-05-19,4.929999828338623,5.085131,-0.15513134002685547
2022-05-20,4.880199909210205,5.062288,-0.18208789825439453
2022-05-23,4.813499927520752,5.0365877,-0.22308778762817383
2022-05-24,4.817800045013428,5.00577,-0.18797016143798828
2022-05-25,4.822800159454346,4.9758267,-0.15302658081054688
2022-05-26,4.768199920654297,4.9493003,-0.18110036849975586
2022-05-27,4.729599952697754,4.9247084,-0.19510841369628906
2022-05-30,4.752399921417236,4.9009604,-0.1485605239868164
2022-05-31,4.730400085449219,4.8811507,-0.15075063705444336
2022-06-01,4.815499782562256,4.865916,-0.050415992736816406
2022-06-02,4.795700073242188,4.859889,-0.06418895721435458
2022-06-03,4.775000095367432,4.8588896,-0.08388948440551758
2022-06-06,4.7941999435424805,4.862211,-0.06801128387451172
2022-06-07,4.867526054382324,4.8704066,-0.002880573272705078
2022-06-08,4.898099899291992,4.886556,0.011543750762939453
2022-06-09,4.903299808502197,4.907318,-0.004018306732177734
2022-06-10,4.984000205993652,4.928589,0.055411338806152344
2022-06-13,5.113399982452393,4.953179,0.16022109985351562
2022-06-14,5.116099834442139,4.986484,0.12961578369140625
2022-06-15,5.052000045776367,5.021654,0.030345916748046875
2022-06-16,5.052199840545654,5.0447226,0.007477283477783203
2022-06-17,5.152100086212158,5.062843,0.08925724029541016
2022-06-20,5.18720006942749,5.0818744,0.10532569885253906
2022-06-21,5.122799873352051,5.102269,0.02053070068359375
2022-06-22,5.193600177764893,5.117975,0.07562494277954102
2022-06-23,5.23799991607666,5.1352806,0.10271930694580078
2022-06-24,5.241399765014648,5.1550207,0.0863790512084961
2022-06-27,5.236800193786621,5.172464,0.06433629989624023
2022-06-28,5.266600131988525,5.1857014,0.08089876174926758
2022-06-29,5.180900096893311,5.1987567,-0.017856597900389737
2022-06-30,5.251999855041504,5.2062807,0.045719146728515625
2022-07-01,5.330999851226807,5.216571,0.11442899703979492
2022-07-04,5.3282999992370605,5.241786,0.08651399612426758
2022-07-05,5.385200023651123,5.2668943,0.11830568313598633
2022-07-06,5.427999973297119,5.287942,0.14005804061889648
2022-07-07,5.338200092315674,5.30213,0.03606986999511719
2022-07-08,5.254000186920166,5.306443,-0.05244302749633789
2022-07-11,5.377200126647949,5.3016706,0.07552957534790039
2022-07-12,5.436500072479248,5.3009233,0.13557672500610352
2022-07-13,5.390900135040283,5.3024645,0.08843564987182617
2022-07-14,5.422800064086914,5.3048763,0.11792373657226562
2022-07-15,5.410099983215332,5.3081913,0.10190868377685547
2022-07-18,5.436800003051758,5.308075,0.1287250518798828
2022-07-19,5.413099765777588,5.3090086,0.10409116744995117
2022-07-20,5.470200061798096,5.310938,0.15926218032836914
2022-07-21,5.497799873352051,5.317974,0.1798257827758789
2022-07-22,5.496699810028076,5.3260736,0.17062616348266602
2022-07-25,5.356299877166748,5.3314214,0.024878501892089844
2022-07-26,5.350100040435791,5.3302774,0.01982259750366211
2022-07-27,5.243000030517578,5.322874,-0.07987403869628906
2022-07-28,5.182700157165527,5.3086977,-0.12599754333496094
2022-07-29,5.171199798583984,5.2872586,-0.1160588264465332
2022-08-01,5.184000015258789,5.2701354,-0.0861353874206543
2022-08-02,5.277699947357178,5.2511315,0.02656841278076172
2022-08-03,5.282700061798096,5.239768,0.04293203353881836
2022-08-04,5.211100101470947,5.23001,-0.018909931182861328
2022-08-05,5.164599895477295,5.2177415,-0.05314159393310547
2022-08-08,5.110099792480469,5.201448,-0.09134817123413086
2022-08-09,5.123700141906738,5.182224,-0.05852365493774414
2022-08-10,5.093699932098389,5.1636276,-0.06992769241333008
2022-08-11,5.1570000648498535,5.1451583,0.011841773986816406
2022-08-12,5.074900150299072,5.132608,-0.057707786560058594
2022-08-15,5.095600128173828,5.119672,-0.024071693420410156
2022-08-16,5.1417388916015625,5.1089625,0.0327763557434082
2022-08-17,5.164999961853027,5.10141,0.06359004974365234
2022-08-18,5.166999816894531,5.0975027,0.06949710845947266
2022-08-19,5.168399810791016,5.097642,0.07075786590576172
2022-08-22,5.156099796295166,5.1002603,0.05583953857421875
2022-08-23,5.103499889373779,5.100889,0.0026106834411621094
2022-08-24,5.110099792480469,5.098592,0.011507987976074219
2022-08-25,5.108699798583984,5.0968437,0.0118560791015625
2022-08-26,5.0625,5.094037,-0.03153705596923828
2022-08-29,5.027200222015381,5.0874305,-0.060230255126953125
2022-08-30,5.1219000816345215,5.0811615,0.040738582611083984
2022-08-31,5.181700229644775,5.080579,0.10112142562866211
2022-09-01,5.2403998374938965,5.083915,0.15648460388183594
2022-09-02,5.171000003814697,5.091362,0.07963800430297852
2022-09-05,5.153900146484375,5.0963097,0.057590484619140625
2022-09-06,5.247200012207031,5.1001625,0.14703750610351562
2022-09-07,5.246699810028076,5.1112328,0.1354670524597168
2022-09-08,5.2133002281188965,5.123236,0.09006404876708984
2022-09-09,5.146299839019775,5.13126,0.015039920806884766
2022-09-12,5.0920000076293945,5.132702,-0.040701866149902344
2022-09-13,5.189799785614014,5.1276727,0.062127113342285156
2022-09-14,5.162700176239014,5.1254525,0.037247657775878906
2022-09-15,5.246099948883057,5.124212,0.1218881607055664
2022-09-16,5.250699996948242,5.1277275,0.12297248840332031
2022-09-19,5.170899868011475,5.1321673,0.03873252868652344
2022-09-20,5.141499996185303,5.131727,0.009772777557373047
2022-09-21,5.170400142669678,5.127234,0.043166160583496094
2022-09-22,5.115499973297119,5.1202936,-0.004793643951416016
2022-09-23,5.258800029754639,5.1118298,0.14697027206420898
2022-09-26,5.389400005340576,5.1122046,0.27719545364379883
2022-09-27,5.378099918365479,5.124223,0.2538766860961923
2022-09-28,5.374199867248535,5.1414948,0.23270511627197266
2022-09-29,5.396200180053711,5.161265,0.23493528366088867
2022-09-30,5.414299964904785,5.1806183,0.23368167877197266
2022-10-03,5.16349983215332,5.188677,-0.025177001953125
2022-10-04,5.17579984664917,5.180869,-0.005069255828857422
2022-10-05,5.195199966430664,5.169115,0.02608489990234375
2022-10-06,5.220099925994873,5.1580467,0.06205320358276367
2022-10-07,5.198400020599365,5.148801,0.04959917068481445
2022-10-10,5.186800003051758,5.141719,0.045081138610839844
2022-10-11,5.292099952697754,5.1357136,0.1563863754272461
2022-10-12,5.291500091552734,5.1364946,0.15500545501708984
2022-10-13,5.259799957275391,5.140256,0.11954402923583984
2022-10-14,5.327400207519531,5.1453595,0.18204069137573242
2022-10-17,5.277359008789063,5.1533403,0.12401866912841886
2022-10-18,5.239799976348877,5.159167,0.08063316345214844
2022-10-19,5.269199848175049,5.159954,0.10924577713012695
2022-10-20,5.216599941253662,5.1598125,0.05678749084472656
2022-10-21,5.163400173187256,5.156293,0.007107257843017578
2022-10-24,5.30620002746582,5.151755,0.15444517135620117
2022-10-25,5.315199851989746,5.1563997,0.1588001251220703
2022-10-26,5.383900165557861,5.1673493,0.2165508270263672
2022-10-27,5.339200019836426,5.183276,0.15592384338378906
2022-10-28,5.28849983215332,5.2010646,0.08743524551391602
2022-10-31,5.178800106048584,5.2139416,-0.0351414680480957
2022-11-01,5.142399787902832,5.213231,-0.070831298828125
2022-11-02,5.142600059509277,5.203416,-0.06081581115722656
2022-11-03,5.1149001121521,5.189115,-0.07421493530273438
2022-11-04,5.078132152557373,5.168041,-0.08990907669067383
2022-11-07,5.153326988220215,5.147333,0.005993843078613281
2022-11-08,5.14300012588501,5.1324043,0.01059579849243164
2022-11-09,5.185200214385986,5.1221595,0.06304073333740234
2022-11-10,5.341579914093018,5.120784,0.2207961082458496
2022-11-11,5.279058933258057,5.1302752,0.14878368377685547
2022-11-14,5.331200122833252,5.1461916,0.18500852584838867
2022-11-15,5.331699848175049,5.166037,0.1656627655029297
2022-11-16,5.39900016784668,5.1889296,0.21007061004638672
2022-11-17,5.422100067138672,5.216446,0.20565414428710938
2022-11-18,5.38129997253418,5.2455196,0.13578033447265625
2022-11-21,5.318600177764893,5.268882,0.049718379974365234
2022-11-22,5.357699871063232,5.2839227,0.0737771987915039
2022-11-23,5.35830020904541,5.2969403,0.06135988235473633
2022-11-24,5.320000171661377,5.303953,0.016047000885009766
2022-11-25,5.4085001945495605,5.306996,0.10150432586669922
2022-11-28,5.364699840545654,5.3105264,0.05417346954345703
2022-11-29,5.268199920654297,5.309416,-0.04121589660644531
2022-11-30,5.181589126586914,5.300775,-0.1191859245300293
2022-12-01,5.183599948883057,5.2853026,-0.10170269012451172
2022-12-02,5.2179999351501465,5.2650247,-0.04702472686767578
2022-12-05,5.28000020980835,5.247682,0.032318115234375
2022-12-06,5.234000205993652,5.236519,-0.0025186538696289062
2022-12-07,5.203999996185303,5.2274384,-0.023438453674316406
2022-12-08,5.224299907684326,5.2210817,0.0032181739807128906
2022-12-09,5.235000133514404,5.217002,0.017998218536376953
2022-12-12,5.321300029754639,5.2177706,0.10352945327758789
2022-12-13,5.292799949645996,5.227182,0.06561803817749023
2022-12-14,5.277200222015381,5.24014,0.03706026077270508
2022-12-15,5.311800003051758,5.2538133,0.05798673629760742
2022-12-16,5.306509017944336,5.2696714,0.03683757781982422
2022-12-19,5.291600227355957,5.2821693,0.009430885314941406
2022-12-20,5.198400020599365,5.2900004,-0.09160041809082031
2022-12-21,5.199900150299072,5.2891393,-0.08923912048339844
2022-12-22,5.165599822998047,5.283861,-0.11826133728027344
2022-12-23,5.164299964904785,5.2727113,-0.10841131210327148
2022-12-26,5.21750020980835,5.2593126,-0.04181241989135742
2022-12-27,5.292300224304199,5.24836,0.043940067291259766
2022-12-28,5.2667999267578125,5.2411294,0.025670528411865234
2022-12-29,5.284599781036377,5.2362237,0.04837608337402344
2022-12-30,5.2855000495910645,5.234115,0.051384925842285156
2023-01-02,5.360130786895752,5.2261977,0.13393306732177734
2023-01-03,5.478499889373779,5.2218533,0.25664663314819336
2023-01-04,5.430099964141846,5.2262278,0.2038722038269043
2023-01-05,5.349800109863281,5.2289515,0.1208486557006836
2023-01-06,5.224400043487549,5.226389,-0.0019888877868652344
2023-01-09,5.253699779510498,5.214613,0.03908681869506836
2023-01-10,5.198299884796143,5.1988244,-0.0005245208740234375
2023-01-11,5.1585001945495605,5.178435,-0.019934654235839844
2023-01-12,5.107699871063232,5.1552424,-0.047542572021484375
2023-01-13,5.080699920654297,5.130439,-0.04973888397216797
2023-01-16,5.145999908447266,5.106377,0.03962278366088867
2023-01-17,5.099599838256836,5.086808,0.012791633605957031
2023-01-18,5.185299873352051,5.0681863,0.11711359024047852
2023-01-19,5.172999858856201,5.0552025,0.1177973747253418
2023-01-20,5.206299781799316,5.047955,0.15834474563598633
2023-01-23,5.205900192260742,5.0476933,0.15820693969726562
2023-01-24,5.138400077819824,5.0518794,0.08652067184448242
2023-01-25,5.072199821472168,5.053135,0.019064903259277344
2023-01-26,5.062745094299316,5.0486956,0.014049530029296875
2023-01-27,5.107200145721436,5.042381,0.06481933593750089
2023-01-30,5.1149001121521,5.037205,0.07769489288330078
2023-01-31,5.072199821472168,5.03108,0.041120052337646484
2023-02-01,5.053500175476074,5.0226088,0.03089141845703125
2023-02-02,5.049200057983398,5.0121093,0.03709077835083008
2023-02-03,5.149799823760986,5.002618,0.14718198776245117
2023-02-06,5.145699977874756,4.997543,0.14815711975097656
2023-02-07,5.2093000411987305,4.9959617,0.21333837509155273
2023-02-08,5.19950008392334,5.0004478,0.1990523338317871
2023-02-09,5.289500236511231,5.011032,0.27846813201904386
2023-02-10,5.213482856750488,5.0286884,0.18479442596435547
2023-02-13,5.158400058746338,5.0452857,0.1131143569946289
2023-02-14,5.191500186920166,5.060592,0.13090801239013672
2023-02-15,5.2179999351501465,5.075025,0.142974853515625
2023-02-16,5.216800212860107,5.0886126,0.1281876564025879
2023-02-17,5.165168762207031,5.101611,0.06355762481689453
2023-02-20,5.1666998863220215,5.1086893,0.05801057815551758
2023-02-21,5.166500091552734,5.1113596,0.05514049530029297
2023-02-22,5.151199817657471,5.111443,0.03975677490234375
2023-02-23,5.136199951171875,5.106122,0.03007793426513672
2023-02-24,5.207799911499023,5.0975533,0.11024665832519531
2023-02-27,5.199699878692627,5.0910025,0.10869741439819336
2023-02-28,5.235899925231934,5.086311,0.14958906173706055
2023-03-01,5.178299903869629,5.102773,0.07552671432495117
2023-03-02,5.1996002197265625,5.1266484,0.0729517936706543
2023-03-03,5.194399833679199,5.1525164,0.04188346862792969
2023-03-06,5.152200222015381,5.178139,-0.025938987731933594
2023-03-07,5.190000057220459,5.2013526,-0.0113525390625
2023-03-08,5.144400119781494,5.22025,-0.07585000991821289
2023-03-09,5.163700103759766,5.2333975,-0.06969738006591797
2023-03-10,5.21560001373291,5.2415614,-0.02596139907836914
2023-03-13,5.245699882507324,5.248547,-0.0028471946716308594
2023-03-14,5.251699924468994,5.2555,-0.003799915313720703
2023-03-15,5.287099838256836,5.260702,0.026397705078125
2023-03-16,5.229599952697754,5.2629814,-0.03338146209716797
2023-03-17,5.2778000831604,5.2616215,0.016178607940673828
2023-03-20,5.235700130462647,5.2598977,-0.024197578430174893
2023-03-21,5.240900039672852,5.2560573,-0.015157222747802734
2023-03-22,5.236100196838379,5.2523184,-0.016218185424804688
2023-03-23,5.29670000076294,5.250889,0.045811176300049716
2023-03-24,5.245100021362305,5.2536707,-0.008570671081542969
2023-03-27,5.197100162506104,5.2557554,-0.058655261993407315
2023-03-28,5.164400100708008,5.255935,-0.09153509140014648
2023-03-29,5.134200096130371,5.2547307,-0.12053060531616211
2023-03-30,5.092700004577637,5.2504816,-0.15778160095214844
2023-03-31,5.062300205230713,5.2448616,-0.18256139755249023
2023-04-03,5.06309986114502,5.237667,-0.17456722259521396
2023-04-04,5.070700168609619,5.230915,-0.16021490097045898
2023-04-05,5.033199787139893,5.22488,-0.1916804313659668
2023-04-06,5.058300018310547,5.216444,-0.1581439971923828
2023-04-07,5.054399967193604,5.206786,-0.1523861885070792
2023-04-10,5.065299987792969,5.195864,-0.13056421279907227
2023-04-11,5.004000186920166,5.1813846,-0.1773843765258789
2023-04-12,4.916900157928467,5.163369,-0.24646902084350586
2023-04-13,4.926700115203857,5.1426487,-0.21594858169555664
2023-04-14,4.908699989318848,5.1219416,-0.2132415771484375
2023-04-17,4.939799785614014,5.1031456,-0.1633458137512207
2023-04-18,4.984300136566162,5.087782,-0.10348176956176758
2023-04-19,5.074299812316895,5.0802383,-0.005938529968260831
2023-04-20,5.047699928283691,5.0814857,-0.03378582000732422
2023-04-21,5.047900199890137,5.0865593,-0.038659095764160156
2023-04-24,5.033400058746338,5.0938053,-0.06040525436401367
2023-04-25,5.053100109100342,5.1023684,-0.049268245697021484
2023-04-26,5.043000221252441,5.1125827,-0.06958246231079102
2023-04-27,4.976200103759766,5.121372,-0.145172119140625
2023-04-28,4.986000061035156,5.124189,-0.13818883895874023
2023-05-01,4.9878997802734375,5.124938,-0.1370382308959961
2023-05-02,5.038400173187256,5.1262574,-0.08785724639892578
2023-05-03,4.994400024414063,5.127359,-0.13295888900756747
2023-05-04,4.982600212097168,5.124062,-0.14146184921264648
2023-05-05,4.951700210571289,5.1153684,-0.16366815567016602
2023-05-08,5.007999897003174,5.103198,-0.09519815444946289
2023-05-09,4.985899925231934,5.092375,-0.1064748764038086
2023-05-10,4.94290018081665,5.0828238,-0.1399235725402832
2023-05-11,4.929500102996826,5.0723248,-0.14282464981079102
2023-05-12,4.920199871063232,5.060648,-0.14044809341430664
2023-05-15,4.887899875640869,5.047341,-0.1594409942626953
2023-05-16,4.93940019607544,5.0328665,-0.09346628189086825
2023-05-17,4.937699794769287,5.0192156,-0.08151578903198242
2023-05-18,4.964399814605713,5.00753,-0.04313039779663086
2023-05-19,4.996799945831299,4.9984274,-0.0016274452209472656
2023-05-22,4.966100215911865,4.993227,-0.027126789093017578
2023-05-23,4.971199989318848,4.9893365,-0.01813650131225586
2023-05-24,4.958600044250488,4.9872146,-0.028614521026611328
2023-05-25,5.035200119018555,4.9857974,0.049402713775634766
2023-05-26,4.992800235748291,4.9874535,0.005346775054931641
2023-05-29,5.018099784851074,4.990136,0.027963638305664062
2023-05-30,5.034800052642822,4.9951286,0.03967142105102539
2023-05-31,5.054800033569336,5.001548,0.053252220153808594
2023-06-01,5.0131001472473145,5.011959,0.0011410713195800781
2023-06-02,4.956600189208984,5.020539,-0.06393861770629883
2023-06-05,4.925600051879883,5.0248766,-0.09927654266357422
2023-06-06,4.912000179290772,5.0226088,-0.1106085777282706
2023-06-07,4.922399997711182,5.014237,-0.09183692932128906
2023-06-08,4.922100067138672,5.00294,-0.0808401107788086
2023-06-09,4.877900123596191,4.989644,-0.11174392700195312
2023-06-12,4.860599994659424,4.9740763,-0.11347627639770508
2023-06-13,4.861000061035156,4.9558673,-0.09486722946166992
2023-06-14,4.815000057220459,4.9368057,-0.12180566787719727
2023-06-15,4.809199810028076,4.9159045,-0.1067047119140625
2023-06-16,4.807000160217285,4.8963423,-0.08934211730957031
2023-06-19,4.776899814605713,4.878763,-0.10186338424682617
2023-06-20,4.789299964904785,4.8628645,-0.07356452941894531
2023-06-21,4.76230001449585,4.848197,-0.08589696884155273
2023-06-22,4.7697367668151855,4.8373523,-0.06761550903320312
2023-06-23,4.7855000495910645,4.8282514,-0.042751312255859375
2023-06-26,4.767300128936768,4.821793,-0.054492950439453125
2023-06-27,4.810500144958496,4.8174453,-0.006945133209228516
2023-06-28,4.850500106811523,4.8158793,0.03462076187133789
2023-06-29,4.855599880218506,4.8173914,0.0382084846496582
2023-06-30,4.784200191497803,4.8218036,-0.03760337829589844
2023-07-03,4.80649995803833,4.8253293,-0.018829345703125
2023-07-04,4.839900016784668,4.829297,0.010602951049804688
2023-07-05,4.8471999168396,4.83497,0.01222991943359375
2023-07-06,4.918700218200684,4.8440614,0.07463884353637695
2023-07-07,4.8709001541137695,4.855612,0.015288352966308594
2023-07-10,4.898200035095215,4.868086,0.030114173889160156
2023-07-11,4.851500034332275,4.8807025,-0.02920246124267578
2023-07-12,4.81689977645874,4.8906894,-0.07378959655761719
2023-07-13,4.7947998046875,4.8965683,-0.10176849365234375
2023-07-14,4.788099765777588,4.9003243,-0.11222457885742188
2023-07-17,4.805799961090088,4.9007235,-0.09492349624633789
2023-07-18,4.809299945831299,4.8989615,-0.0896615982055664
2023-07-19,4.789899826049805,4.8967304,-0.10683059692382812
2023-07-20,4.796899795532227,4.8924184,-0.09551858901977539
2023-07-21,4.777400016784668,4.8855186,-0.10811853408813477
2023-07-24,4.725500106811523,4.8765097,-0.15100955963134766
2023-07-25,4.748899936676025,4.8647923,-0.11589241027832031
2023-07-26,4.736199855804443,4.8540273,-0.1178274154663086
2023-07-27,4.741600036621094,4.8451943,-0.10359430313110352
2023-07-28,4.723299980163574,4.838117,-0.11481714248657227
2023-07-31,4.724699974060059,4.8307676,-0.10606765747070312
2023-08-01,4.791999816894531,4.824251,-0.03225135803222656
2023-08-02,4.810400009155273,4.8223033,-0.01190328598022461
2023-08-03,4.916399955749512,4.82502,0.09138011932373047
2023-08-04,4.88539981842041,4.8371906,0.048209190368652344
2023-08-07,4.89900016784668,4.854119,0.044881343841552734
2023-08-08,4.898600101470947,4.8733225,0.02527761459350586
2023-08-09,4.901700019836426,4.893147,0.008553028106689453
2023-08-10,4.891499996185303,4.913196,-0.021696090698242188
2023-08-11,4.910999774932861,4.9307146,-0.019714832305908203
2023-08-14,4.962100028991699,4.946947,0.015152931213378906
2023-08-15,4.983200073242188,4.9628854,0.020314693450928623
2023-08-16,4.9868998527526855,4.9777822,0.009117603302001953
2023-08-17,4.975500106811523,4.9896436,-0.01414346694946289
2023-08-18,4.966899871826172,4.998091,-0.031191349029541016
2023-08-21,4.978700160980225,5.004554,-0.025853633880615234
2023-08-22,4.937099933624268,5.0085144,-0.07141447067260742
2023-08-23,4.855100154876709,5.0085406,-0.1534404754638672
2023-08-24,4.880300045013428,5.0032353,-0.12293529510498047
2023-08-25,4.870399951934815,4.9964323,-0.12603235244750888
2023-08-28,4.872600078582764,4.9880652,-0.11546516418457031
2023-08-29,4.85129976272583,4.979051,-0.12775135040283203
2023-08-30,4.888400077819824,4.970696,-0.08229589462280273
2023-08-31,4.953800201416016,4.965793,-0.011992931365966797
2023-09-01,4.97629976272583,4.963862,0.012437820434570312
2023-09-04,4.936200141906738,4.965892,-0.029691696166992188
2023-09-05,4.966700077056885,4.9691834,-0.002483367919921875
2023-09-06,4.977000236511231,4.9747405,0.0022597312927254976
2023-09-07,4.976099967956543,4.9816384,-0.005538463592529297
2023-09-08,4.982999801635742,4.988438,-0.005438327789306641
2023-09-11,4.929399967193604,4.9941373,-0.06473731994628817
2023-09-12,4.946599960327148,4.995367,-0.04876708984375
2023-09-13,4.91540002822876,4.9954133,-0.08001327514648438
2023-09-14,4.868199825286865,4.992583,-0.12438297271728516
2023-09-15,4.867000102996826,4.987481,-0.12048101425170898
2023-09-18,4.853700160980225,4.9814496,-0.12774944305419922
2023-09-19,4.865799903869629,4.9753795,-0.10957956314086914
2023-09-20,4.878799915313721,4.9693832,-0.09058332443237305
2023-09-21,4.934899806976318,4.967492,-0.0325922966003418
2023-09-22,4.933899879455566,4.96947,-0.03557014465332031
2023-09-25,4.968299865722656,4.9738784,-0.005578517913818359
2023-09-26,4.986199855804443,4.9811535,0.005046367645263672
2023-09-27,5.042200088500977,4.989182,0.05301809310913086
2023-09-28,5.032800197601318,5.0006585,0.032141685485839844
2023-09-29,5.042799949645996,5.0128407,0.02995920181274414
2023-10-02,5.061500072479248,5.0294437,0.032056331634521484
2023-10-03,5.166299819946289,5.0482283,0.1180715560913086
2023-10-04,5.154600143432617,5.0720544,0.08254575729370117
2023-10-05,5.164999961853027,5.0957084,0.06929159164428711
2023-10-06,5.145699977874756,5.1163874,0.029312610626220703
2023-10-09,5.135200023651123,5.1314607,0.0037393569946289062
2023-10-10,5.051000118255615,5.1424303,-0.0914301872253418
2023-10-11,5.049600124359131,5.147955,-0.09835481643676758
2023-10-12,5.045899868011475,5.148997,-0.10309696197509766
2023-10-13,5.048200130462647,5.1451783,-0.09697818756103427
2023-10-16,5.037600040435791,5.1399937,-0.10239362716674805
2023-10-17,5.037399768829346,5.1337748,-0.0963749885559082
2023-10-18,5.056099891662598,5.1274242,-0.07132434844970703
2023-10-19,5.062900066375732,5.1217823,-0.05888223648071289
2023-10-20,5.031300067901611,5.1183887,-0.08708858489990234
2023-10-23,5.01230001449585,5.117014,-0.10471391677856445
2023-10-24,4.991000175476074,5.115306,-0.12430572509765625
2023-10-25,4.994699954986572,5.112198,-0.11749792098999023
2023-10-26,4.985300064086914,5.1084943,-0.12319421768188477
2023-10-27,4.952030181884766,5.10398,-0.15194988250732422
2023-10-30,5.04610013961792,5.100743,-0.054642677307128906
2023-10-31,5.03410005569458,5.10072,-0.066619873046875
2023-11-01,4.953700065612793,5.1016073,-0.14790725708007812
2023-11-02,4.952899932861328,5.100854,-0.14795398712158203
2023-11-03,4.899199962615967,5.1002827,-0.20108270645141602
2023-11-06,4.884099960327148,5.096614,-0.21251392364501953
2023-11-07,4.871500015258789,5.0910935,-0.21959352493286133
2023-11-08,4.909299850463867,5.0836186,-0.17431879043579102
2023-11-09,4.933899879455566,5.0753365,-0.14143657684326172
2023-11-10,4.893379211425781,5.0661755,-0.17279624938964844
2023-11-13,4.906199932098389,5.0560718,-0.149871826171875
2023-11-14,4.864500045776367,5.044952,-0.1804518699645996
2023-11-15,4.860899925231934,5.033582,-0.1726822853088379
2023-11-16,4.862199783325195,5.0229917,-0.16079187393188477
2023-11-17,4.819177150726318,5.011195,-0.1920180320739746
2023-11-20,4.851799964904785,4.997922,-0.14612197875976562
2023-11-21,4.8993000984191895,4.9872475,-0.08794736862182617
2023-11-22,4.9054999351501465,4.980511,-0.0750112533569336
2023-11-23,4.902500152587891,4.9767127,-0.07421255111694336
2023-11-24,4.900899887084961,4.9758177,-0.07491779327392578
2023-11-27,4.895500183105469,4.976274,-0.08077383041381836
2023-11-28,4.869800090789795,4.9758515,-0.10605144500732422
2023-11-29,4.904099941253662,4.9745293,-0.07042932510375977
2023-11-30,4.923099994659424,4.974416,-0.0513157844543457
2023-12-01,4.902159214019775,4.9721828,-0.0700235366821289
2023-12-04,4.9430999755859375,4.967828,-0.024727821350097656
2023-12-05,4.927700042724609,4.964361,-0.03666114807128906
2023-12-06,4.901199817657471,4.9629755,-0.06177568435668945
2023-12-07,4.910099983215332,4.960404,-0.05030393600463867
2023-12-08,4.893286228179932,4.956577,-0.06329059600830078
2023-12-11,4.936699867248535,4.95273,-0.016030311584472656
2023-12-12,4.964499950408936,4.9523525,0.012147426605225498
2023-12-13,4.918399810791016,4.9518514,-0.03345155715942383
2023-12-14,4.914599895477295,4.950624,-0.03602409362792969
2023-12-15,4.919657230377197,4.9507647,-0.031107425689697266
2023-12-18,4.895899772644043,4.950293,-0.05439329147338867
2023-12-19,4.866499900817871,4.948063,-0.08156299591064453
2023-12-20,4.914599895477295,4.9446297,-0.030029773712158203
2023-12-21,4.881800174713135,4.9412103,-0.05941009521484375
2023-12-22,4.86984395980835,4.936735,-0.06689119338989258
2023-12-25,4.869743824005127,4.930603,-0.06085920333862305
2023-12-26,4.813499927520752,4.9240026,-0.11050271987915039
2023-12-27,4.826099872589111,4.915261,-0.08916091918945312
2023-12-28,4.850200176239014,4.906358,-0.056157588958740234
2023-12-29,4.850500106811523,4.898399,-0.04789876937866211
2024-01-01,4.852399826049805,4.8900347,-0.037634849548339844
2024-01-02,4.922500133514404,4.880824,0.04167604446411133
2024-01-03,4.9191999435424805,4.8738055,0.0453944206237793
2024-01-04,4.895599842071533,4.8702765,0.02532339096069336
2024-01-05,4.8606672286987305,4.8664865,-0.0058193206787109375
2024-01-08,4.86899995803833,4.862802,0.006197929382324219
2024-01-09,4.905099868774414,4.859837,0.045262813568115234
2024-01-10,4.89139986038208,4.860377,0.031023025512695312
2024-01-11,4.869699954986572,4.86248,0.007219791412353516
2024-01-12,4.85290002822876,4.864473,-0.011572837829589844
2024-01-15,4.862199783325195,4.865869,-0.003669261932373047
2024-01-16,4.924900054931641,4.8693967,0.05550336837768555
2024-01-17,4.934000015258789,4.876837,0.057163238525390625
2024-01-18,4.92609977722168,4.8871813,0.038918495178222656
2024-01-19,4.904642105102539,4.898979,0.0056629180908203125
2024-01-22,4.98829984664917,4.910323,0.07797670364379883
2024-01-23,4.952199935913086,4.92395,0.028249740600585938
2024-01-24,4.932499885559082,4.9371142,-0.004614353179931641
2024-01-25,4.915800094604492,4.9477816,-0.031981468200683594
2024-01-26,4.913599967956543,4.955344,-0.041744232177734375
2024-01-29,4.950200080871582,4.961491,-0.011291027069091797
2024-01-30,4.950300216674805,4.9677563,-0.0174560546875
2024-01-31,4.951900005340576,4.9732423,-0.02134227752685547
2024-02-01,4.914999961853027,4.9793544,-0.06435441970825195
2024-02-02,4.932938098907471,4.983026,-0.050087928771972656
2024-02-05,4.949943065643311,4.9852753,-0.035332202911376065
2024-02-06,4.962299823760986,4.9852476,-0.02294778823852539
2024-02-07,4.969299793243408,4.98577,-0.01647043228149414
2024-02-08,4.991899967193604,4.9873667,0.0045332908630379976
2024-02-09,4.953100204467773,4.9913216,-0.03822135925292969
2024-02-12,4.952199935913086,4.9954123,-0.0432124137878418
2024-02-13,4.952000141143799,4.999199,-0.04719877243041992
2024-02-14,4.968299865722656,5.003808,-0.035508155822753906
2024-02-15,4.972400188446045,5.00799,-0.03558969497680664
2024-02-16,4.965099811553955,5.012093,-0.046993255615234375
2024-02-19,4.956399917602539,5.0160995,-0.05969953536987305
2024-02-20,4.926400184631348,5.0187964,-0.09239625930786133
2024-02-21,4.934899806976318,5.0192666,-0.0843667984008789
2024-02-22,4.962399959564209,5.018333,-0.05593299865722656
2024-02-23,4.993500232696533,5.019837,-0.026336669921875
2024-02-26,4.978899955749512,5.022326,-0.0434260368347168
2024-02-27,4.932400226593018,5.0226707,-0.0902705192565918
2024-02-28,4.967299938201904,5.022028,-0.054728031158447266
2024-02-29,4.969799995422363,5.0226207,-0.052820682525634766
2024-03-01,4.952700138092041,5.028701,-0.07600069046020508
2024-03-04,4.944900035858154,5.043636,-0.09873580932617188
2024-03-05,4.957099914550781,5.0603127,-0.10321283340454102
2024-03-06,4.943600177764893,5.0749397,-0.13133955001831055
2024-03-07,4.933800220489502,5.087656,-0.1538558006286621
2024-03-08,4.977540016174316,5.098882,-0.12134218215942383
2024-03-11,4.977399826049805,5.1098547,-0.13245487213134766
2024-03-12,4.968699932098389,5.1187654,-0.15006542205810547
2024-03-13,4.969200134277344,5.124756,-0.15555572509765625
2024-03-14,4.992700099945068,5.1293764,-0.13667631149291992
2024-03-15,4.968047142028809,5.13455,-0.1665029525756836
2024-03-18,5.029399871826172,5.1379547,-0.10855484008789062
2024-03-19,5.03000020980835,5.142673,-0.11267280578613281
2024-03-20,4.96619987487793,5.1476526,-0.18145275115966797
2024-03-21,4.974500179290772,5.1521397,-0.1776394844055167
2024-03-22,5.000899791717529,5.157051,-0.15615129470825195
2024-03-25,4.9721999168396,5.1613374,-0.18913745880126953
2024-03-26,4.9756999015808105,5.1640873,-0.18838739395141602
2024-03-27,4.990300178527832,5.165057,-0.1747570037841797
2024-03-28,5.014100074768066,5.1645837,-0.1504836082458496
2024-03-29,5.013199806213379,5.1650815,-0.15188169479370117
2024-04-01,5.053599834442139,5.165064,-0.11146402359008789
2024-04-02,5.06440019607544,5.165497,-0.10109663009643466
2024-04-03,5.038599967956543,5.167885,-0.12928485870361328
2024-04-04,5.057400226593018,5.1708374,-0.11343717575073242
2024-04-05,5.054900169372559,5.1759205,-0.12102031707763672
2024-04-08,5.023900032043457,5.180954,-0.15705394744873047
2024-04-09,5.007599830627441,5.1844635,-0.1768636703491211
2024-04-10,5.066199779510498,5.186315,-0.12011528015136719
2024-04-11,5.090400218963623,5.1895385,-0.09913825988769531
2024-04-12,5.117099761962891,5.194025,-0.07692527770996094
2024-04-15,5.183700084686279,5.1992216,-0.015521526336669922
2024-04-16,5.2855000495910645,5.206576,0.07892417907714844
2024-04-17,5.232600212097168,5.218566,0.014034271240234375
2024-04-18,5.241700172424316,5.229485,0.012215137481689453
2024-04-19,5.206200122833252,5.2384853,-0.032285213470458984
2024-04-22,5.1656999588012695,5.244997,-0.07929706573486328
2024-04-23,5.130499839782715,5.2488613,-0.1183614730834961
2024-04-24,5.145500183105469,5.2504787,-0.10497856140136719
